ID;DEPARTURE;ORIGIN;DESTINATION;SERVICE
1040303;07:00:02;626592.2832221197 5802782.201807101;627119.3937449739 5802857.838660972;PersonalVehicle
1034483;07:00:04;627345.0816454801 5804263.484180098;625506.3564786583 5800324.4571683705;PersonalVehicle
985601;07:00:05;631913.9173730104 5808124.069404383;628408.4006607257 5802607.606304967;PersonalVehicle
396330;07:00:09;634266.520278123 5803737.794336154;629039.4545156191 5804289.138790642;PersonalVehicle
1059793;07:00:10;629189.7559127033 5804304.686925133;630110.1454951254 5804014.466269681;PersonalVehicle
913409;07:00:15;625495.2665135056 5806727.877555828;627660.7647088076 5801088.527783831;PersonalVehicle
1061246;07:00:16;628297.4686235032 5805855.327291947;625495.2665135056 5806727.877555828;PersonalVehicle
1067271;07:00:17;628428.4906071726 5803766.170983123;629442.49166183 5801435.709680476;PersonalVehicle
943104;07:00:17;625506.3564786583 5800324.4571683705;629203.2792392232 5803359.274743048;PersonalVehicle
1088592;07:00:18;629669.4324478038 5801093.903790523;625506.3564786583 5800324.4571683705;PersonalVehicle
1053153;07:00:18;628633.8743905982 5805460.335257303;625495.2665135056 5806727.877555828;PersonalVehicle
985214;07:00:19;627731.4910166614 5801906.898861252;631913.9173730104 5808124.069404383;PersonalVehicle
1036267;07:00:20;627262.538991403 5803303.718161446;625506.3564786583 5800324.4571683705;PersonalVehicle
1003790;07:00:20;632390.4103810942 5806190.439697383;631913.9173730104 5808124.069404383;PersonalVehicle
1122318;07:00:21;633672.1088953787 5801895.047217489;632651.1802417733 5802388.738728799;PersonalVehicle
1002508;07:00:22;632634.4526548025 5806020.619035369;632634.4526548025 5806020.619035369;PersonalVehicle
1003201;07:00:22;632186.8381590473 5806396.434960993;628665.9203167588 5805105.5497775925;PersonalVehicle
1034283;07:00:22;627258.2773416215 5804301.914670364;628771.5909970482 5805725.670111379;PersonalVehicle
1068739;07:00:23;629201.6105258662 5802950.915010516;630933.1489238311 5801816.86748252;PersonalVehicle
1085327;07:00:26;629801.2420331914 5801562.778137213;626766.137977823 5801850.011851362;PersonalVehicle
1080968;07:00:27;626635.753151762 5801478.855549541;632357.7464165204 5800288.209577048;PersonalVehicle
398503;07:00:27;628818.460170952 5802960.853163572;634266.520278123 5803737.794336154;PersonalVehicle
1899585;07:00:28;632357.7464165204 5800288.209577048;629376.3544056921 5801110.696813292;PersonalVehicle
1052667;07:00:28;625545.8778219663 5801285.646479925;625751.6355673543 5801397.678333372;PersonalVehicle
1072971;07:00:29;628116.117504026 5802808.530241663;629295.8331933196 5801123.217142993;PersonalVehicle
1118133;07:00:30;632357.7464165204 5800288.209577048;625497.6214312972 5803299.05760023;PersonalVehicle
1101916;07:00:31;632204.91588431 5803862.007819516;626283.0363427653 5803376.22928438;PersonalVehicle
1005623;07:00:31;632590.9046086059 5806514.608017504;632813.8621942876 5806499.124745679;PersonalVehicle
1076739;07:00:32;629010.3166386795 5801806.855381383;625506.3564786583 5800324.4571683705;PersonalVehicle
1167114;07:00:33;634266.520278123 5803737.794336154;632233.2387539033 5802762.635470422;PersonalVehicle
1043317;07:00:34;626369.446488712 5805354.005977192;625725.8350176855 5805310.570012864;PersonalVehicle
924182;07:00:35;625495.2665135056 5806727.877555828;627714.4768055525 5802541.291432247;PersonalVehicle
1087621;07:00:35;629108.9187954685 5800546.578460949;625506.3564786583 5800324.4571683705;PersonalVehicle
1160832;07:00:35;633672.1088953787 5801895.047217489;628683.4937098689 5803277.595905631;PersonalVehicle
1058583;07:00:37;629491.3883783205 5804273.629019598;625506.3564786583 5800324.4571683705;PersonalVehicle
1037808;07:00:38;626888.38530846 5803508.90019792;628823.1916302599 5804515.424383389;PersonalVehicle
1040119;07:00:38;627756.9251377167 5802969.100407471;625506.3564786583 5800324.4571683705;PersonalVehicle
1099892;07:00:40;631731.526797549 5801284.858666635;632357.7464165204 5800288.209577048;PersonalVehicle
1006937;07:00:43;631695.9623960285 5807055.123471419;627498.1724596496 5810012.366902584;PersonalVehicle
1008438;07:00:44;632145.1243551704 5807050.168553969;628660.6867328162 5808590.8919371655;PersonalVehicle
1109344;07:00:45;632357.7464165204 5800288.209577048;627770.9541550603 5801291.413984686;PersonalVehicle
1018880;07:00:45;625495.2665135056 5806727.877555828;626877.0952006971 5803186.944473943;PersonalVehicle
1104185;07:00:47;632025.747228342 5803214.919672211;625506.3564786583 5800324.4571683705;PersonalVehicle
906014;07:00:48;625495.2665135056 5806727.877555828;629193.7677959627 5808519.961613885;PersonalVehicle
1094501;07:00:49;630456.927166062 5801824.546251789;631943.1949490673 5801339.635731801;PersonalVehicle
1059898;07:00:49;629421.0978557081 5804563.499119924;625495.2665135056 5806727.877555828;PersonalVehicle
1006235;07:00:49;633336.3279165563 5806783.721143103;630294.6939223426 5802572.204864191;PersonalVehicle
1111544;07:00:52;628802.1398166951 5803504.37530172;632357.7464165204 5800288.209577048;PersonalVehicle
1112880;07:00:52;633672.1088953787 5801895.047217489;627410.871656752 5803722.439695178;PersonalVehicle
1161141;07:00:53;633672.1088953787 5801895.047217489;628161.7895875721 5804259.229274458;PersonalVehicle
406213;07:00:54;634266.520278123 5803737.794336154;631549.8316992848 5802125.215056393;PersonalVehicle
1041638;07:00:57;625860.6634004413 5804583.844267096;631054.1974865266 5804274.141294721;PersonalVehicle
1392154;07:00:59;625506.3564786583 5800324.4571683705;631253.1432889404 5800331.323997678;PersonalVehicle
404985;07:00:59;634266.520278123 5803737.794336154;630375.2945599889 5803849.098752337;PersonalVehicle
1107655;07:00:59;632462.5593855355 5802952.255700549;631662.6249450247 5803172.417869782;PersonalVehicle
1033598;07:01:00;627183.0414973344 5804388.941644715;627171.8656883317 5805105.523093144;PersonalVehicle
1160495;07:01:01;633672.1088953787 5801895.047217489;628697.8370363597 5804562.800142918;PersonalVehicle
1105518;07:01:01;631648.1375321232 5803421.945881226;627625.7079801325 5805809.144079991;PersonalVehicle
1008364;07:01:02;631444.8810621292 5806474.859145017;630192.5980796374 5805148.549727231;PersonalVehicle
1042065;07:01:03;625972.3288686002 5804662.950124209;625495.2665135056 5806727.877555828;PersonalVehicle
864926;07:01:05;627498.1724596496 5810012.366902584;627809.7570089768 5802059.17526211;PersonalVehicle
1051808;07:01:05;625909.7017107637 5801769.15937062;625506.3564786583 5800324.4571683705;PersonalVehicle
1004412;07:01:07;632978.0705647002 5806581.0614091735;631913.9173730104 5808124.069404383;PersonalVehicle
850981;07:01:07;631913.9173730104 5808124.069404383;627232.340564949 5801195.722883841;PersonalVehicle
1006651;07:01:08;632509.9681486042 5806058.681335546;631441.6461739292 5807250.673749555;PersonalVehicle
995302;07:01:08;631913.9173730104 5808124.069404383;628369.3759001934 5806061.1205116315;PersonalVehicle
1062210;07:01:09;627772.86589198 5805974.62479314;626105.5767238834 5805303.779615377;PersonalVehicle
1083459;07:01:09;628142.6257705332 5801270.772995863;628644.8345144661 5802032.7843404785;PersonalVehicle
1128898;07:01:11;625506.3564786583 5800324.4571683705;627946.165147681 5801981.662345577;PersonalVehicle
817758;07:01:11;628813.8259080674 5804356.086998157;630377.2935286161 5799276.878224155;PersonalVehicle
1004171;07:01:11;630528.7033851995 5805280.095213591;625495.2665135056 5806727.877555828;PersonalVehicle
1164127;07:01:14;634266.520278123 5803737.794336154;628922.1998894039 5801291.8651097845;PersonalVehicle
1058031;07:01:14;629560.1535483045 5804138.665666063;629239.9228560411 5804550.363696381;PersonalVehicle
1045989;07:01:14;626779.215760252 5804149.894974848;627323.6894456033 5805028.045677861;PersonalVehicle
930994;07:01:15;625506.3564786583 5800324.4571683705;628615.1059485044 5803881.795338176;PersonalVehicle
1003731;07:01:15;632509.9681486042 5806058.681335546;631913.9173730104 5808124.069404383;PersonalVehicle
1091964;07:01:18;630377.2935286161 5799276.878224155;628563.378934398 5802472.078472148;PersonalVehicle
821770;07:01:22;625506.3564786583 5800324.4571683705;629478.8754506689 5803754.605074399;PersonalVehicle
1044369;07:01:22;626839.1542816914 5804026.164449436;630377.2935286161 5799276.878224155;PersonalVehicle
1092583;07:01:23;630216.4475084284 5802516.857346899;632891.4850669999 5801176.336164892;PersonalVehicle
924638;07:01:23;625495.2665135056 5806727.877555828;627371.1054954311 5806228.703235394;PersonalVehicle
1073163;07:01:23;628002.3529194952 5801980.852974922;632357.7464165204 5800288.209577048;PersonalVehicle
1339217;07:01:25;625506.3564786583 5800324.4571683705;627934.4225486738 5801562.330657954;PersonalVehicle
837002;07:01:27;627498.1724596496 5810012.366902584;630866.3617678819 5803533.677081497;PersonalVehicle
1098282;07:01:27;632324.2596152069 5800785.7920925515;632357.7464165204 5800288.209577048;PersonalVehicle
989337;07:01:28;631913.9173730104 5808124.069404383;630337.7965714816 5803943.082278108;PersonalVehicle
1101861;07:01:29;632084.4325944236 5804111.509518093;629305.538728175 5804861.299497069;PersonalVehicle
1069804;07:01:30;631191.3435050077 5803826.142914652;629405.9514418028 5804387.323545492;PersonalVehicle
1075148;07:01:31;628585.1502502892 5801840.569029175;625506.3564786583 5800324.4571683705;PersonalVehicle
1074614;07:01:31;628147.3705611633 5802017.082142978;628506.5387188988 5802881.005014779;PersonalVehicle
1880996;07:01:32;632357.7464165204 5800288.209577048;631273.7130468516 5800998.158780451;PersonalVehicle
822650;07:01:32;631797.461477913 5801688.800746386;633672.1088953787 5801895.047217489;PersonalVehicle
1063365;07:01:32;628227.1349152154 5804713.371155068;627740.0851806682 5804392.719075405;PersonalVehicle
1050755;07:01:32;625831.062748328 5802085.068044263;625495.2665135056 5806727.877555828;PersonalVehicle
397427;07:01:34;634266.520278123 5803737.794336154;628879.1641493815 5804464.460000426;PersonalVehicle
1080568;07:01:35;626683.6322330683 5801593.044983165;626707.9779049306 5801332.702913658;PersonalVehicle
1058090;07:01:35;629963.5534292101 5804042.023741422;625587.2668338547 5803602.917450926;PersonalVehicle
1099392;07:01:35;631080.4126828804 5801422.104696587;625506.3564786583 5800324.4571683705;PersonalVehicle
1098731;07:01:37;631121.2117603165 5801015.13724386;628541.5118891537 5802217.595871908;PersonalVehicle
1085370;07:01:37;628653.5685110436 5801268.556227813;634266.520278123 5803737.794336154;PersonalVehicle
1012780;07:01:38;629702.9171951998 5807248.963153125;630366.6941639037 5807663.379489087;PersonalVehicle
1084746;07:01:40;628626.8896111085 5801095.739318594;626601.642612954 5804585.622546433;PersonalVehicle
1641619;07:01:40;630377.2935286161 5799276.878224155;629889.544627308 5802635.560425399;PersonalVehicle
1032675;07:01:41;627474.7770384531 5805073.229653632;625495.2665135056 5806727.877555828;PersonalVehicle
1044606;07:01:43;629203.444619179 5801343.898136354;626779.215760252 5804149.894974848;PersonalVehicle
1665423;07:01:44;625506.3564786583 5800324.4571683705;629170.5482022484 5802720.6316386815;PersonalVehicle
1061702;07:01:45;628546.4785383249 5805539.985770874;630668.8335532642 5801966.234920183;PersonalVehicle
1012516;07:01:48;630577.2617932312 5807513.997227693;630093.8440542369 5807791.045559874;PersonalVehicle
1101761;07:01:50;631922.3166403425 5801741.123122988;627867.0954681799 5800980.063636778;PersonalVehicle
1023762;07:01:51;625506.3564786583 5800324.4571683705;629512.5288639993 5803762.518568086;PersonalVehicle
1168508;07:01:51;634266.520278123 5803737.794336154;627830.2001490233 5802585.526902081;PersonalVehicle
1042543;07:01:52;626154.4133916378 5804824.357539049;630106.3034832287 5800726.517371654;PersonalVehicle
1004399;07:01:54;633501.458064897 5806560.530890741;629882.8557711256 5804116.164288024;PersonalVehicle
1388857;07:01:56;625506.3564786583 5800324.4571683705;629138.6222737349 5804243.093183006;PersonalVehicle
1103413;07:01:57;632097.9858849911 5803743.584718777;628790.1269621454 5805374.090967344;PersonalVehicle
880218;07:01:57;627498.1724596496 5810012.366902584;631525.7718670024 5806447.036941627;PersonalVehicle
1120174;07:01:58;633672.1088953787 5801895.047217489;630261.5426054887 5801691.042020635;PersonalVehicle
998557;07:02:00;634266.520278123 5803737.794336154;628167.1998052084 5804833.762626354;PersonalVehicle
1120323;07:02:00;630371.9515721693 5801387.340364688;633672.1088953787 5801895.047217489;PersonalVehicle
1095976;07:02:01;631337.9052866958 5803418.831290543;630818.2440688966 5802661.444714222;PersonalVehicle
1196140;07:02:04;625506.3564786583 5800324.4571683705;627027.8253819727 5801970.604598599;PersonalVehicle
1004794;07:02:05;632689.1341142005 5807128.95307003;632357.7464165204 5800288.209577048;PersonalVehicle
1054721;07:02:06;625495.2665135056 5806727.877555828;631319.6673393374 5807167.612392908;PersonalVehicle
1083050;07:02:07;626462.6413076809 5801114.691472594;634266.520278123 5803737.794336154;PersonalVehicle
1097735;07:02:07;631210.423311363 5802687.457745614;634266.520278123 5803737.794336154;PersonalVehicle
393380;07:02:10;634266.520278123 5803737.794336154;632816.1644065381 5801142.911998525;PersonalVehicle
1098267;07:02:11;631164.6869338818 5802005.752398066;630820.2635321483 5800366.998505002;PersonalVehicle
901175;07:02:12;627498.1724596496 5810012.366902584;626905.5080942546 5805866.656228392;PersonalVehicle
856240;07:02:12;631913.9173730104 5808124.069404383;626022.8584086498 5806412.035914914;PersonalVehicle
1108888;07:02:12;632357.7464165204 5800288.209577048;626674.6375435598 5800810.747139951;PersonalVehicle
1099656;07:02:14;631332.6076511987 5801178.667787893;628393.8093506072 5803058.900475027;PersonalVehicle
1114850;07:02:14;632357.7464165204 5800288.209577048;629242.7498252075 5800541.77788817;PersonalVehicle
1096558;07:02:15;631303.1462638387 5802469.05672909;625506.3564786583 5800324.4571683705;PersonalVehicle
1037943;07:02:15;627227.6299938658 5803244.9308537105;625823.0806007121 5805533.824302898;PersonalVehicle
1124042;07:02:15;630377.2935286161 5799276.878224155;629777.5438710939 5804266.393284565;PersonalVehicle
947978;07:02:15;629367.1534492687 5804481.03119377;625495.2665135056 5806727.877555828;PersonalVehicle
1172225;07:02:15;634266.520278123 5803737.794336154;631249.4843867816 5803872.528977071;PersonalVehicle
1118503;07:02:16;633672.1088953787 5801895.047217489;628341.0101813193 5804725.917389531;PersonalVehicle
1100456;07:02:18;629013.8890670589 5800686.504770414;625506.3564786583 5800324.4571683705;PersonalVehicle
1052523;07:02:19;626086.6600270611 5801448.17258476;625495.2665135056 5806727.877555828;PersonalVehicle
1065556;07:02:20;628223.5527450684 5804873.680204292;632357.7464165204 5800288.209577048;PersonalVehicle
893187;07:02:21;627498.1724596496 5810012.366902584;630343.9900112275 5802283.652160538;PersonalVehicle
686913;07:02:21;633672.1088953787 5801895.047217489;628731.2092519203 5804158.315705461;PersonalVehicle
1099521;07:02:24;631465.632666065 5801452.102555974;633672.1088953787 5801895.047217489;PersonalVehicle
1063729;07:02:27;628176.9964182202 5805080.02362927;627762.6523772296 5804437.310938904;PersonalVehicle
1048188;07:02:29;625506.3564786583 5800324.4571683705;626471.7932618707 5803827.604147871;PersonalVehicle
1115470;07:02:31;632357.7464165204 5800288.209577048;628472.7287891838 5805126.674895689;PersonalVehicle
1063594;07:02:31;626108.8491217542 5804854.400410679;626369.9977094701 5803755.511342816;PersonalVehicle
1036679;07:02:33;626832.5637234122 5803055.5947149005;628232.2831144148 5803257.502322887;PersonalVehicle
1119319;07:02:33;632357.7464165204 5800288.209577048;629669.4324478038 5801093.903790523;PersonalVehicle
1070536;07:02:34;630976.1107486264 5803809.51715689;633672.1088953787 5801895.047217489;PersonalVehicle
1075574;07:02:35;628783.3567785218 5802231.864039911;625506.3564786583 5800324.4571683705;PersonalVehicle
1015020;07:02:37;629552.333659497 5809356.159229995;629110.6736630243 5807993.104530434;PersonalVehicle
1046781;07:02:37;627038.6169547328 5804079.647362157;627498.1724596496 5810012.366902584;PersonalVehicle
1105201;07:02:38;631648.1375321232 5803421.945881226;625506.3564786583 5800324.4571683705;PersonalVehicle
1104537;07:02:39;631676.2546474161 5803266.31303167;628291.9495919965 5804269.2611453915;PersonalVehicle
1076364;07:02:40;628728.0387555468 5802102.488701113;631235.6946054094 5803279.86357923;PersonalVehicle
1015080;07:02:42;628889.7666101417 5809769.327156865;632498.0542882772 5807559.384396879;PersonalVehicle
1039190;07:02:42;626713.1467022705 5802562.584099046;626604.6329598539 5802632.696854607;PersonalVehicle
1052256;07:02:44;625831.812388965 5801641.223756098;625506.3564786583 5800324.4571683705;PersonalVehicle
1044836;07:02:44;626964.2131345611 5803931.2806828255;625876.0522754823 5804540.44531731;PersonalVehicle
1012496;07:02:44;630539.4463144368 5807875.797205111;628708.5372790822 5802462.0855892375;PersonalVehicle
1007079;07:02:44;631826.7196926858 5806999.270995182;628693.3979438423 5805070.374178703;PersonalVehicle
1075095;07:02:45;628731.1342231508 5802032.54536993;626710.0955025491 5803141.1912445165;PersonalVehicle
1024278;07:02:45;625495.2665135056 5806727.877555828;628015.9073086311 5804910.606749364;PersonalVehicle
1148682;07:02:45;625506.3564786583 5800324.4571683705;628718.4183849782 5803788.049083743;PersonalVehicle
965725;07:02:45;627498.1724596496 5810012.366902584;628172.0992299542 5802619.429511657;PersonalVehicle
1002740;07:02:46;633419.8116980719 5805677.379954516;632325.6467658092 5806423.9320817115;PersonalVehicle
406017;07:02:49;634266.520278123 5803737.794336154;626634.4087714659 5803796.143402338;PersonalVehicle
1099959;07:02:49;632364.5507099037 5800537.428163933;629351.0913074668 5804543.813942123;PersonalVehicle
1072296;07:02:51;630077.1434543522 5802914.777408718;632055.9287830114 5807017.530004883;PersonalVehicle
715620;07:02:51;634266.520278123 5803737.794336154;628325.5586233952 5805297.500416463;PersonalVehicle
1116383;07:02:51;632357.7464165204 5800288.209577048;632173.5183530169 5800676.054800426;PersonalVehicle
1043271;07:02:52;626145.464981196 5804851.549866318;628364.9005870821 5804983.176237492;PersonalVehicle
1051152;07:02:53;626134.4472058469 5802606.378366978;632357.7464165204 5800288.209577048;PersonalVehicle
1124036;07:02:54;630377.2935286161 5799276.878224155;629785.6488875052 5800910.157107692;PersonalVehicle
1104047;07:02:54;632145.8799707394 5802725.428267876;632357.7464165204 5800288.209577048;PersonalVehicle
1345845;07:02:55;625506.3564786583 5800324.4571683705;629023.3146937629 5804751.561329965;PersonalVehicle
1037921;07:02:55;626739.9956628757 5803621.754767178;627669.0026906631 5803478.913416796;PersonalVehicle
1110071;07:02:58;632357.7464165204 5800288.209577048;628922.1157043936 5801768.005688698;PersonalVehicle
1063021;07:02:59;628185.5196345727 5806171.908193148;627723.5272424784 5805465.743592282;PersonalVehicle
1028277;07:02:59;626071.2734211397 5802250.271163038;627559.8007172368 5803660.127029905;PersonalVehicle
437210;07:03:00;634266.520278123 5803737.794336154;627855.5823851329 5801162.261180359;PersonalVehicle
843235;07:03:01;631913.9173730104 5808124.069404383;627732.5194486092 5805920.638678902;PersonalVehicle
673482;07:03:02;633672.1088953787 5801895.047217489;628897.3138701062 5803087.1863941625;PersonalVehicle
695168;07:03:03;634266.520278123 5803737.794336154;628778.2415902975 5804557.057210431;PersonalVehicle
1085084;07:03:03;629579.3189687326 5801198.389139471;630032.5901056875 5801482.664968824;PersonalVehicle
1085925;07:03:03;628634.3798466363 5801120.825672424;625506.3564786583 5800324.4571683705;PersonalVehicle
1073115;07:03:03;627413.252346711 5802004.815923706;625495.2665135056 5806727.877555828;PersonalVehicle
1013043;07:03:04;630077.2563091775 5807861.953410606;629478.8754506689 5803754.605074399;PersonalVehicle
1125227;07:03:06;632357.7464165204 5800288.209577048;629175.2734914753 5800544.265488622;PersonalVehicle
1038028;07:03:06;625506.3564786583 5800324.4571683705;627044.3955660884 5803697.8467046255;PersonalVehicle
994469;07:03:07;631913.9173730104 5808124.069404383;629459.280583039 5804568.2254023105;PersonalVehicle
1007107;07:03:07;631399.2878090482 5806540.520610251;628104.0154200216 5803979.649292192;PersonalVehicle
1013797;07:03:08;631061.6373990899 5808522.644270556;625495.2665135056 5806727.877555828;PersonalVehicle
1057571;07:03:10;629714.5551763733 5804040.686871308;630082.9049723156 5803943.941126485;PersonalVehicle
1069076;07:03:11;628869.8744977197 5802856.623064426;631913.9173730104 5808124.069404383;PersonalVehicle
1070491;07:03:11;629656.812645438 5803213.127504166;627289.1277176645 5801059.459125003;PersonalVehicle
1052589;07:03:11;625907.0414506794 5801271.711882143;629173.616887728 5804323.402732613;PersonalVehicle
1121839;07:03:12;633672.1088953787 5801895.047217489;629905.9585988508 5801938.255844166;PersonalVehicle
1123654;07:03:13;632357.7464165204 5800288.209577048;631492.474848517 5806967.182004024;PersonalVehicle
1005409;07:03:13;633043.6670366549 5806669.28269552;628048.7338690727 5803398.204192141;PersonalVehicle
1101032;07:03:13;631722.5455632652 5802263.355921814;628013.1724765879 5805935.177878369;PersonalVehicle
1062265;07:03:14;625495.2665135056 5806727.877555828;628429.2391268448 5805206.453575682;PersonalVehicle
1095865;07:03:15;631191.8292384502 5802239.013853323;629292.060901068 5803240.772582942;PersonalVehicle
1100795;07:03:16;631860.8080144599 5802063.138943216;632357.7464165204 5800288.209577048;PersonalVehicle
1010759;07:03:17;628692.1612171177 5808612.273176801;630110.5625301765 5806989.761850903;PersonalVehicle
1315749;07:03:17;625506.3564786583 5800324.4571683705;632546.3212279681 5801877.184016035;PersonalVehicle
1028936;07:03:18;625506.3564786583 5800324.4571683705;628952.9795959658 5802910.897223027;PersonalVehicle
1051337;07:03:19;625607.1947847182 5802312.832224507;625495.2665135056 5806727.877555828;PersonalVehicle
844270;07:03:21;631913.9173730104 5808124.069404383;629064.6193773766 5802987.5057421;PersonalVehicle
1113458;07:03:21;632357.7464165204 5800288.209577048;630975.0899039838 5800863.76254105;PersonalVehicle
1076139;07:03:22;628922.1157043936 5801768.005688698;628824.6469926178 5804535.15768455;PersonalVehicle
489950;07:03:23;634266.520278123 5803737.794336154;628827.9077542607 5804121.088570644;PersonalVehicle
1047114;07:03:24;625958.6751779491 5804017.816835412;630978.5013173488 5803876.525158048;PersonalVehicle
1024023;07:03:25;625506.3564786583 5800324.4571683705;626273.907722509 5803155.32475839;PersonalVehicle
1086391;07:03:27;629196.2198281699 5801276.496135295;625506.3564786583 5800324.4571683705;PersonalVehicle
930188;07:03:27;625495.2665135056 5806727.877555828;628350.6253494782 5803150.943462438;PersonalVehicle
1099414;07:03:28;632460.2392538573 5800820.235810201;632357.7464165204 5800288.209577048;PersonalVehicle
1064450;07:03:29;628581.0737286004 5804901.0150839295;627731.4910166614 5801906.898861252;PersonalVehicle
1120336;07:03:30;633672.1088953787 5801895.047217489;631782.4616689985 5802040.9754590625;PersonalVehicle
979504;07:03:30;627498.1724596496 5810012.366902584;628840.4932846884 5804348.440713919;PersonalVehicle
1648271;07:03:30;625506.3564786583 5800324.4571683705;630015.7723452392 5804102.30226664;PersonalVehicle
1043797;07:03:31;626290.4031645152 5804968.737384316;633672.1088953787 5801895.047217489;PersonalVehicle
1064097;07:03:31;627988.6089457257 5805061.282130889;630144.2880088212 5802607.648939224;PersonalVehicle
1104181;07:03:31;631889.3881825397 5803388.758947035;632357.7464165204 5800288.209577048;PersonalVehicle
1076300;07:03:32;628594.5211265188 5801821.38210958;625506.3564786583 5800324.4571683705;PersonalVehicle
585777;07:03:32;634266.520278123 5803737.794336154;631229.4310038314 5800378.792517412;PersonalVehicle
1039609;07:03:33;626657.4039649597 5802667.380458823;625904.7375438417 5801304.4185826555;PersonalVehicle
1071353;07:03:34;629752.0347227629 5803094.925881132;631416.6614646304 5804037.9854271365;PersonalVehicle
1052087;07:03:34;625517.5031892596 5802789.071871413;626000.3487823076 5802079.044320834;PersonalVehicle
1086422;07:03:35;630024.5498380343 5801363.20675766;629901.4043122624 5801330.631668505;PersonalVehicle
1066896;07:03:35;627912.7792076021 5803721.423975911;629524.1589558077 5804457.926751839;PersonalVehicle
1083399;07:03:37;627857.4653468635 5801140.564080873;626923.7445328316 5800902.25638869;PersonalVehicle
979785;07:03:38;627498.1724596496 5810012.366902584;629948.351994449 5802909.527190476;PersonalVehicle
1136436;07:03:39;625506.3564786583 5800324.4571683705;627097.0360202845 5801163.182019531;PersonalVehicle
1081239;07:03:40;634266.520278123 5803737.794336154;627101.4764922246 5802159.5126754455;PersonalVehicle
1093728;07:03:41;630275.985678045 5802790.170917927;630040.991004848 5802517.45870899;PersonalVehicle
1072266;07:03:41;630498.5018239877 5803281.055982372;629965.0570916052 5803145.179743494;PersonalVehicle
1048658;07:03:42;626026.4419912479 5803631.070800598;626669.5851766722 5802481.204162936;PersonalVehicle
1468449;07:03:44;625506.3564786583 5800324.4571683705;630930.1982155137 5806168.526888317;PersonalVehicle
1058909;07:03:46;629080.0746755718 5804735.669697781;627498.1724596496 5810012.366902584;PersonalVehicle
990616;07:03:46;631913.9173730104 5808124.069404383;628716.3780441777 5804396.822470118;PersonalVehicle
979742;07:03:46;627498.1724596496 5810012.366902584;628905.7003176126 5801895.500278072;PersonalVehicle
1096978;07:03:47;631273.2583235524 5803108.31359947;629938.0928556396 5803192.710807217;PersonalVehicle
1033567;07:03:47;627085.5831799697 5805275.599372063;625506.3564786583 5800324.4571683705;PersonalVehicle
1094259;07:03:49;630338.7902520561 5802083.928082294;625506.3564786583 5800324.4571683705;PersonalVehicle
1052181;07:03:49;625630.9488040695 5801289.620166518;625884.3043953418 5801156.882475885;PersonalVehicle
1035876;07:03:49;627502.4935483981 5804722.870658795;627498.1724596496 5810012.366902584;PersonalVehicle
1101879;07:03:49;631648.3907936036 5804482.991422241;630152.3845216504 5804004.20299961;PersonalVehicle
1106964;07:03:51;632074.5417692002 5803339.921795378;634266.520278123 5803737.794336154;PersonalVehicle
1124570;07:03:51;632357.7464165204 5800288.209577048;631265.7827466257 5802152.65056309;PersonalVehicle
1087644;07:03:51;629810.7446836651 5800774.660066938;627419.9092459119 5803679.206163973;PersonalVehicle
1093571;07:03:51;630249.4598942345 5801968.8661703365;628181.3878149181 5802273.613506154;PersonalVehicle
1000675;07:03:52;631913.9173730104 5808124.069404383;628394.2368890077 5809366.13546181;PersonalVehicle
1028019;07:03:52;625506.3564786583 5800324.4571683705;628140.3668347656 5803511.075508378;PersonalVehicle
1037288;07:03:53;627199.3128856272 5803230.362136009;627199.3128856272 5803230.362136009;PersonalVehicle
1043620;07:03:53;626073.6468365467 5804573.755312949;629835.2311263976 5803295.740152816;PersonalVehicle
1074133;07:03:58;627760.0676364794 5801980.207622159;630642.9372133831 5802415.778382931;PersonalVehicle
1351869;07:04:01;625506.3564786583 5800324.4571683705;629260.962373772 5803333.196394192;PersonalVehicle
864623;07:04:03;627498.1724596496 5810012.366902584;626874.1325393787 5801939.5407153815;PersonalVehicle
1085437;07:04:03;629555.3743920326 5801258.793768364;628853.0373591364 5803645.428743235;PersonalVehicle
1670238;07:04:04;625506.3564786583 5800324.4571683705;628016.9217477461 5805874.515072819;PersonalVehicle
1112396;07:04:04;633672.1088953787 5801895.047217489;628360.3702420382 5803147.9242859;PersonalVehicle
1134158;07:04:05;630377.2935286161 5799276.878224155;630399.8551649187 5802291.19451373;PersonalVehicle
903517;07:04:07;627498.1724596496 5810012.366902584;628184.2569445546 5801800.156458564;PersonalVehicle
995778;07:04:07;631913.9173730104 5808124.069404383;628034.9252954753 5804724.185810857;PersonalVehicle
1040639;07:04:07;627769.1952123854 5803288.180574508;629141.4618763409 5804010.022635715;PersonalVehicle
1067880;07:04:11;629133.6362897386 5802906.835966345;626496.1819224608 5803602.9406952085;PersonalVehicle
1619421;07:04:11;625506.3564786583 5800324.4571683705;628746.9163564427 5804527.502833788;PersonalVehicle
1036398;07:04:11;627081.888778536 5803643.118717036;625495.2665135056 5806727.877555828;PersonalVehicle
1007543;07:04:11;631440.114241909 5807251.873719799;628239.4894330825 5803913.360117332;PersonalVehicle
1076630;07:04:12;628905.7003176126 5801895.500278072;633672.1088953787 5801895.047217489;PersonalVehicle
858714;07:04:13;631913.9173730104 5808124.069404383;631790.7243966407 5807595.343620175;PersonalVehicle
1081413;07:04:15;626265.1647434771 5801895.577686333;630377.2935286161 5799276.878224155;PersonalVehicle
1054686;07:04:15;625495.2665135056 5806727.877555828;628779.3700640509 5802742.184777393;PersonalVehicle
1107186;07:04:16;632274.3298606719 5803148.779497864;632505.2295417604 5803366.396146981;PersonalVehicle
904971;07:04:17;625495.2665135056 5806727.877555828;626658.7996488281 5803613.022835633;PersonalVehicle
403791;07:04:18;634266.520278123 5803737.794336154;627571.5491551134 5806369.836153762;PersonalVehicle
1071532;07:04:19;630080.5589159995 5803727.5643931385;625506.3564786583 5800324.4571683705;PersonalVehicle
1062980;07:04:20;627690.3553314357 5806298.014692802;634266.520278123 5803737.794336154;PersonalVehicle
1104194;07:04:21;628971.4114302656 5800826.729806938;631889.3881825397 5803388.758947035;PersonalVehicle
976278;07:04:22;625495.2665135056 5806727.877555828;632037.0018195541 5801934.717595447;PersonalVehicle
1059272;07:04:23;629310.3329938576 5804154.093605694;634266.520278123 5803737.794336154;PersonalVehicle
1086156;07:04:24;629289.2270593517 5801271.168109;625506.3564786583 5800324.4571683705;PersonalVehicle
972881;07:04:25;625495.2665135056 5806727.877555828;629670.5824400912 5803899.371625202;PersonalVehicle
1062536;07:04:25;628363.0483527489 5806044.894037368;625506.3564786583 5800324.4571683705;PersonalVehicle
1865636;07:04:26;630377.2935286161 5799276.878224155;628981.9062718865 5801778.500508752;PersonalVehicle
974282;07:04:28;625495.2665135056 5806727.877555828;628380.8612162381 5802984.75263041;PersonalVehicle
1035071;07:04:28;627104.8278275854 5803911.910907995;628314.2346452631 5804520.677253957;PersonalVehicle
750173;07:04:29;629285.2596395434 5804265.892311572;632357.7464165204 5800288.209577048;PersonalVehicle
994373;07:04:31;631913.9173730104 5808124.069404383;626577.8700608405 5807634.891705273;PersonalVehicle
1079863;07:04:31;629639.4963467396 5802143.126042227;632357.7464165204 5800288.209577048;PersonalVehicle
866839;07:04:31;631913.9173730104 5808124.069404383;630112.2457528821 5806199.764662343;PersonalVehicle
1035328;07:04:32;627534.8787099716 5804749.500255201;627518.1600863816 5803591.32660477;PersonalVehicle
1182778;07:04:36;633672.1088953787 5801895.047217489;629272.6892820832 5800492.8485406665;PersonalVehicle
1065682;07:04:37;628277.5775143877 5804291.891784643;625506.3564786583 5800324.4571683705;PersonalVehicle
1059854;07:04:37;628829.327100755 5804148.8138822755;631409.3835166802 5803600.81802949;PersonalVehicle
698564;07:04:38;634266.520278123 5803737.794336154;629931.4876115548 5807148.796167469;PersonalVehicle
845175;07:04:38;631913.9173730104 5808124.069404383;631844.3977003295 5801814.641217795;PersonalVehicle
1067804;07:04:39;628596.5053543539 5803157.1445541;634266.520278123 5803737.794336154;PersonalVehicle
957207;07:04:39;625506.3564786583 5800324.4571683705;625935.8153811404 5803843.400499788;PersonalVehicle
1045221;07:04:40;626679.5206405055 5804489.794790185;625506.3564786583 5800324.4571683705;PersonalVehicle
1010664;07:04:41;629117.8104232987 5808673.847393519;634266.520278123 5803737.794336154;PersonalVehicle
1009069;07:04:41;630316.6952596824 5807089.250954366;631202.0338773656 5800425.023190929;PersonalVehicle
402117;07:04:41;634266.520278123 5803737.794336154;629285.2596395434 5804265.892311572;PersonalVehicle
1073312;07:04:42;628323.39464888 5802024.589284691;628085.4540179166 5803431.037598738;PersonalVehicle
1080075;07:04:42;629657.955328057 5802113.800376079;629931.4876115548 5807148.796167469;PersonalVehicle
1160072;07:04:43;633672.1088953787 5801895.047217489;631221.924755476 5800804.204701516;PersonalVehicle
840547;07:04:43;627498.1724596496 5810012.366902584;628367.8003746709 5804833.29685946;PersonalVehicle
1018719;07:04:44;625495.2665135056 5806727.877555828;628764.5866220929 5803390.810871287;PersonalVehicle
1086891;07:04:44;625506.3564786583 5800324.4571683705;629555.3743920326 5801258.793768364;PersonalVehicle
1098166;07:04:47;630716.0367570142 5801564.722859171;629066.5196184372 5802926.315408755;PersonalVehicle
237827;07:04:47;634266.520278123 5803737.794336154;627900.8034992055 5800736.797592668;PersonalVehicle
1106939;07:04:47;634150.1419983432 5803911.564078494;633672.1088953787 5801895.047217489;PersonalVehicle
393233;07:04:48;634266.520278123 5803737.794336154;626269.1600249398 5803421.087288678;PersonalVehicle
853962;07:04:48;631913.9173730104 5808124.069404383;631030.9511780703 5800724.866715001;PersonalVehicle
1199907;07:04:48;625506.3564786583 5800324.4571683705;628866.7667613616 5804277.437168015;PersonalVehicle
1089287;07:04:49;625506.3564786583 5800324.4571683705;630563.6865298193 5804064.523142717;PersonalVehicle
1050798;07:04:52;626217.188283476 5802195.550074621;634266.520278123 5803737.794336154;PersonalVehicle
393661;07:04:52;634266.520278123 5803737.794336154;630435.1711826647 5802515.292237083;PersonalVehicle
1035125;07:04:52;627521.9903057951 5804372.360499552;630504.4520167346 5803993.355274036;PersonalVehicle
1136935;07:04:53;625506.3564786583 5800324.4571683705;628688.047323955 5804123.316798586;PersonalVehicle
1057100;07:04:53;625506.3564786583 5800324.4571683705;628163.1455279684 5801808.67812768;PersonalVehicle
1027231;07:04:59;625506.3564786583 5800324.4571683705;628907.0809492123 5802661.648307463;PersonalVehicle
1037424;07:04:59;627484.565945237 5803446.271857131;630088.8099661944 5802964.612274899;PersonalVehicle
908604;07:04:59;625495.2665135056 5806727.877555828;626971.2794955204 5803674.560665109;PersonalVehicle
1057880;07:04:59;629688.886971719 5803799.866139233;626935.3624129867 5803579.774202936;PersonalVehicle
1098304;07:05:00;631752.1753428809 5801661.810664832;630377.2935286161 5799276.878224155;PersonalVehicle
782540;07:05:01;633672.1088953787 5801895.047217489;626851.9692397028 5803852.636913614;PersonalVehicle
718311;07:05:01;633672.1088953787 5801895.047217489;627761.1950082431 5802321.264148788;PersonalVehicle
865979;07:05:02;627498.1724596496 5810012.366902584;632733.0953518223 5806708.43283381;PersonalVehicle
702831;07:05:03;634266.520278123 5803737.794336154;628696.065561133 5803652.356987695;PersonalVehicle
1149808;07:05:06;625506.3564786583 5800324.4571683705;628228.4243155944 5802260.93979772;PersonalVehicle
1008858;07:05:07;634266.520278123 5803737.794336154;628802.3905590716 5803883.812253221;PersonalVehicle
1032877;07:05:09;627606.9500998934 5805331.526543282;627211.1910781933 5805157.5105068255;PersonalVehicle
1041563;07:05:13;626749.7217006244 5804484.583679696;625495.2665135056 5806727.877555828;PersonalVehicle
1057824;07:05:13;629479.3356845505 5804048.358808755;629733.0281713861 5800821.988323684;PersonalVehicle
1078934;07:05:14;629345.3695483438 5801516.040106687;630606.8495526902 5802030.532290533;PersonalVehicle
1096889;07:05:16;631392.3784611939 5803464.090142195;633672.1088953787 5801895.047217489;PersonalVehicle
1096900;07:05:17;631072.4757153128 5803326.452514778;631202.4284006732 5802939.640703112;PersonalVehicle
1014281;07:05:20;628465.165071498 5809294.321049425;625506.3564786583 5800324.4571683705;PersonalVehicle
1106643;07:05:20;632416.4273250776 5803032.674350616;626101.7074593222 5802111.147992307;PersonalVehicle
1036425;07:05:22;627408.5717476839 5803930.121340486;631913.9173730104 5808124.069404383;PersonalVehicle
1033920;07:05:22;627439.0531743611 5805300.577820076;626696.2373787091 5804238.530425438;PersonalVehicle
1041491;07:05:23;626094.6022263354 5804630.9466304;626122.0909853651 5804817.687009989;PersonalVehicle
1101656;07:05:26;631925.8330140152 5802486.42284232;625506.3564786583 5800324.4571683705;PersonalVehicle
1094247;07:05:28;630630.5985167682 5801805.598478054;630634.7844466628 5802216.724788073;PersonalVehicle
651279;07:05:29;633672.1088953787 5801895.047217489;630064.6772641637 5803916.798410887;PersonalVehicle
1027377;07:05:30;625506.3564786583 5800324.4571683705;629123.3838463026 5803991.943929867;PersonalVehicle
1092593;07:05:31;630578.9857616238 5802202.306825096;633672.1088953787 5801895.047217489;PersonalVehicle
1106576;07:05:31;632120.1785410793 5803323.231766432;631375.2938851826 5807472.50089566;PersonalVehicle
1099848;07:05:31;631934.5430186897 5801398.709637777;625506.3564786583 5800324.4571683705;PersonalVehicle
1065809;07:05:32;628106.9489589653 5803462.868373907;625506.3564786583 5800324.4571683705;PersonalVehicle
898924;07:05:32;625495.2665135056 5806727.877555828;627732.5194486092 5805920.638678902;PersonalVehicle
1058519;07:05:33;629259.5204489616 5803939.6931152865;628578.1135352025 5805069.983276229;PersonalVehicle
1009410;07:05:34;629959.1170546344 5806062.629328348;629931.4876115548 5807148.796167469;PersonalVehicle
1106585;07:05:34;632122.0535477005 5802939.79766035;625495.2665135056 5806727.877555828;PersonalVehicle
1082314;07:05:35;626731.325448562 5801351.266305329;631265.7038645787 5807091.548571135;PersonalVehicle
1061457;07:05:35;627798.5382116286 5806177.873975507;628611.8109894983 5802599.68684958;PersonalVehicle
995027;07:05:35;631913.9173730104 5808124.069404383;626588.1674978277 5803569.141307215;PersonalVehicle
1036608;07:05:37;627092.2097953934 5803831.961049615;630377.2935286161 5799276.878224155;PersonalVehicle
1048915;07:05:38;626062.4192364535 5803514.1080613285;625495.2665135056 5806727.877555828;PersonalVehicle
1094269;07:05:40;630488.8461654665 5801945.937225836;628720.5934792301 5801530.167496028;PersonalVehicle
1032625;07:05:41;627248.8267724419 5805257.039705541;628323.8222997269 5803131.89262665;PersonalVehicle
1081539;07:05:41;626411.2083957527 5802080.014680677;625495.2665135056 5806727.877555828;PersonalVehicle
1114100;07:05:43;632357.7464165204 5800288.209577048;630120.8699351172 5802128.511835433;PersonalVehicle
526672;07:05:43;634266.520278123 5803737.794336154;629052.5269947324 5802781.478512969;PersonalVehicle
1100635;07:05:44;631614.8716277898 5802404.410169225;629434.6190579305 5800802.511532116;PersonalVehicle
1014190;07:05:45;629528.1841884563 5809443.117810887;631250.6112910209 5803888.906621851;PersonalVehicle
1046738;07:05:47;626337.0361921762 5804035.434301711;625506.3564786583 5800324.4571683705;PersonalVehicle
400449;07:05:49;634266.520278123 5803737.794336154;628912.2814102385 5803892.432924483;PersonalVehicle
1282796;07:05:49;625506.3564786583 5800324.4571683705;630006.3259752498 5802355.712701758;PersonalVehicle
1011446;07:05:50;628631.048030219 5808255.445374243;627973.1293630757 5804376.18159054;PersonalVehicle
1060071;07:05:50;627967.4057436839 5805900.599005796;634266.520278123 5803737.794336154;PersonalVehicle
1015867;07:05:50;629545.366639106 5802859.070901323;625495.2665135056 5806727.877555828;PersonalVehicle
1072522;07:05:50;630583.2478813144 5803803.980587372;629840.1483086894 5804619.710698291;PersonalVehicle
1134770;07:05:51;625506.3564786583 5800324.4571683705;628635.4938941959 5803013.769446913;PersonalVehicle
1397326;07:05:53;625506.3564786583 5800324.4571683705;629947.012281945 5802566.895330206;PersonalVehicle
1070670;07:05:53;631400.7636747747 5803982.007816979;627233.7615952019 5804947.750029714;PersonalVehicle
1081009;07:05:53;627315.4510958324 5801973.585724456;626625.7986600393 5801903.762635248;PersonalVehicle
1145579;07:05:53;625495.2665135056 5806727.877555828;625885.9255881978 5804094.619537564;PersonalVehicle
1108449;07:05:54;632357.7464165204 5800288.209577048;630821.4832701223 5801764.828894498;PersonalVehicle
1005950;07:05:54;633121.6768265334 5806356.147021188;631997.3839519531 5807787.180762475;PersonalVehicle
1093911;07:05:56;630306.7540269967 5802386.468516068;631140.0759770741 5801788.631360287;PersonalVehicle
1013595;07:05:57;630783.4989673262 5808360.864879546;630322.4252610249 5805423.951840273;PersonalVehicle
989719;07:05:58;631913.9173730104 5808124.069404383;630263.2810358627 5802643.826122098;PersonalVehicle
1097131;07:05:58;631077.9201307581 5803082.303599909;631091.7535598627 5803012.546020192;PersonalVehicle
839881;07:05:58;631265.8783431309 5800372.449048398;627498.1724596496 5810012.366902584;PersonalVehicle
1072438;07:05:59;631331.4729183743 5803964.255145171;629910.3751540739 5804606.00525353;PersonalVehicle
1034502;07:06:01;627603.7162003464 5804233.558687159;625924.9309917799 5803542.869444373;PersonalVehicle
1014126;07:06:04;628284.8936883898 5809306.9597169375;631913.9173730104 5808124.069404383;PersonalVehicle
898706;07:06:04;629203.2792392232 5803359.274743048;625495.2665135056 5806727.877555828;PersonalVehicle
1025241;07:06:04;625495.2665135056 5806727.877555828;629181.5738917794 5804414.680759419;PersonalVehicle
1065432;07:06:05;627928.1119084866 5804960.1620061975;627010.4449179685 5803667.597046348;PersonalVehicle
1083355;07:06:07;627775.7657714633 5801331.377158518;627409.9879212402 5800525.04217136;PersonalVehicle
1040648;07:06:09;627425.4905011366 5803228.950340619;627316.1655506033 5803887.961691601;PersonalVehicle
1047681;07:06:10;626746.1251848228 5803581.273307445;625506.3564786583 5800324.4571683705;PersonalVehicle
1075247;07:06:10;628639.02065585 5802154.427989023;634266.520278123 5803737.794336154;PersonalVehicle
1629357;07:06:11;625506.3564786583 5800324.4571683705;632157.1339133773 5801647.878936675;PersonalVehicle
1037760;07:06:11;627408.6825512166 5803305.52825385;628059.3789210324 5803740.893914278;PersonalVehicle
822434;07:06:14;630377.2935286161 5799276.878224155;628366.7467655165 5802277.630661826;PersonalVehicle
868659;07:06:14;627498.1724596496 5810012.366902584;630286.4235234368 5803917.584048769;PersonalVehicle
713003;07:06:15;634266.520278123 5803737.794336154;628057.7432318118 5802781.07755885;PersonalVehicle
1130960;07:06:16;630377.2935286161 5799276.878224155;629341.4920853386 5803258.684563009;PersonalVehicle
1117654;07:06:16;632357.7464165204 5800288.209577048;626277.30123052 5803884.519086213;PersonalVehicle
1006041;07:06:17;632793.6749407732 5807372.801900213;630512.5912352318 5804006.112354228;PersonalVehicle
1041256;07:06:24;625916.0236205612 5804820.250742122;629395.5049455182 5802920.422195142;PersonalVehicle
1195677;07:06:25;625506.3564786583 5800324.4571683705;626552.0547570233 5803640.313257476;PersonalVehicle
998112;07:06:25;631913.9173730104 5808124.069404383;631774.440578517 5804024.880058051;PersonalVehicle
992920;07:06:25;631913.9173730104 5808124.069404383;627556.2910441407 5806080.682626276;PersonalVehicle
1060591;07:06:27;628413.1435286499 5806018.213032248;631661.4420860936 5801989.428317978;PersonalVehicle
512561;07:06:29;634266.520278123 5803737.794336154;630062.1789065314 5803916.715964346;PersonalVehicle
1045326;07:06:29;626669.7364230447 5804389.7764768535;625839.3138803374 5804964.854352546;PersonalVehicle
1006418;07:06:30;631455.6361009488 5807288.430989697;631913.9173730104 5808124.069404383;PersonalVehicle
1088218;07:06:30;629271.1821799424 5800467.049687489;629616.711219968 5800665.623920123;PersonalVehicle
1047320;07:06:31;626691.5061615726 5803921.0469026035;630377.2935286161 5799276.878224155;PersonalVehicle
1047264;07:06:33;625506.3564786583 5800324.4571683705;625743.3490613878 5804201.637815676;PersonalVehicle
1080212;07:06:33;629436.270292226 5802318.883625525;630077.3186269425 5801597.267287813;PersonalVehicle
403899;07:06:33;634266.520278123 5803737.794336154;628783.8111294556 5803823.05223935;PersonalVehicle
1120724;07:06:34;633672.1088953787 5801895.047217489;630910.944974377 5804260.347726828;PersonalVehicle
1102026;07:06:35;632849.350908541 5804281.817763535;631913.9173730104 5808124.069404383;PersonalVehicle
991520;07:06:38;631913.9173730104 5808124.069404383;629959.2524446672 5804130.216264654;PersonalVehicle
1068551;07:06:39;629211.1061985765 5802681.66830286;633672.1088953787 5801895.047217489;PersonalVehicle
401499;07:06:40;634266.520278123 5803737.794336154;628553.3132821338 5805499.617169324;PersonalVehicle
1025582;07:06:40;625495.2665135056 5806727.877555828;628684.3087841142 5803379.002411553;PersonalVehicle
1113308;07:06:41;633672.1088953787 5801895.047217489;630110.1454951254 5804014.466269681;PersonalVehicle
1067632;07:06:41;629419.2002074008 5802967.879098243;626106.3122912149 5806545.263933796;PersonalVehicle
1013949;07:06:44;632534.9608866178 5807447.2672671145;627498.1724596496 5810012.366902584;PersonalVehicle
1060046;07:06:44;628660.5191775038 5803828.472456879;634266.520278123 5803737.794336154;PersonalVehicle
1537394;07:06:45;625506.3564786583 5800324.4571683705;630159.8453322162 5805501.321326539;PersonalVehicle
1004225;07:06:46;630552.9500266024 5805710.226730442;631607.8729876574 5806765.164652451;PersonalVehicle
1098839;07:06:46;632355.1100799539 5800829.311056987;630377.2935286161 5799276.878224155;PersonalVehicle
1064525;07:06:46;627822.8389594941 5804413.375855155;627430.5214305655 5804527.285089832;PersonalVehicle
1457820;07:06:46;625506.3564786583 5800324.4571683705;630780.6565416144 5800033.024089399;PersonalVehicle
1005413;07:06:47;632689.1341142005 5807128.95307003;632450.7016282056 5806811.845730216;PersonalVehicle
973798;07:06:49;625495.2665135056 5806727.877555828;629558.6997578167 5806410.177952373;PersonalVehicle
1101362;07:06:50;632028.8176538966 5801681.387079994;632074.4335828513 5802371.785022915;PersonalVehicle
1294468;07:06:50;625506.3564786583 5800324.4571683705;627718.6070809974 5806624.628182978;PersonalVehicle
1049404;07:06:50;626462.3165527731 5803761.5490933135;629320.6239134582 5804241.08058006;PersonalVehicle
678134;07:06:50;633672.1088953787 5801895.047217489;629739.8045703075 5804057.8793963725;PersonalVehicle
1125041;07:06:51;630377.2935286161 5799276.878224155;628361.1595985724 5801918.825427268;PersonalVehicle
857060;07:06:51;631913.9173730104 5808124.069404383;627488.2017877961 5801107.718411548;PersonalVehicle
1237309;07:06:51;625506.3564786583 5800324.4571683705;628746.4249375557 5802459.358475872;PersonalVehicle
1087794;07:06:52;631046.7815820815 5803143.358710376;631046.7815820815 5803143.358710376;PersonalVehicle
1119910;07:06:55;632357.7464165204 5800288.209577048;630071.6319583411 5802384.534380168;PersonalVehicle
1070170;07:06:55;629748.7627408949 5803369.095983881;631111.3406925668 5804050.258167344;PersonalVehicle
1102917;07:06:55;633074.6323407757 5806267.677077385;625506.3564786583 5800324.4571683705;PersonalVehicle
1049445;07:06:55;625989.7206058516 5803787.325768503;632091.4835102519 5802033.124443808;PersonalVehicle
1104344;07:06:55;631840.6015343352 5802771.50425104;631913.9173730104 5808124.069404383;PersonalVehicle
1118297;07:06:55;632357.7464165204 5800288.209577048;628995.2874749044 5802804.598990304;PersonalVehicle
1122862;07:06:55;633672.1088953787 5801895.047217489;627240.0035571686 5801044.484697631;PersonalVehicle
1088459;07:06:57;629035.0077864199 5800588.409172083;629140.9652497913 5802796.525399566;PersonalVehicle
1041537;07:06:57;626526.4378125344 5804689.994854546;628273.7108339701 5804803.744036899;PersonalVehicle
1093746;07:06:57;630041.1828583941 5802290.185529585;625506.3564786583 5800324.4571683705;PersonalVehicle
1046003;07:06:58;625726.8196010024 5804120.542297087;634266.520278123 5803737.794336154;PersonalVehicle
1021811;07:07:00;630399.8551649187 5802291.19451373;625506.3564786583 5800324.4571683705;PersonalVehicle
1077718;07:07:01;628995.2780605885 5802513.639852343;630325.338229594 5801816.131489854;PersonalVehicle
968628;07:07:02;625495.2665135056 5806727.877555828;627621.981662797 5806297.102090538;PersonalVehicle
989735;07:07:03;631913.9173730104 5808124.069404383;628009.3437866787 5801450.453968521;PersonalVehicle
861815;07:07:04;631913.9173730104 5808124.069404383;630539.8715112044 5802031.580192586;PersonalVehicle
1080417;07:07:04;629680.031095972 5802006.155256302;628931.2975356618 5804479.745026801;PersonalVehicle
1044301;07:07:06;625806.6122911784 5805263.566377644;629936.8350997405 5803109.483477117;PersonalVehicle
1105522;07:07:08;631614.2073730296 5803125.316944871;632621.2424956631 5800683.661468971;PersonalVehicle
1396211;07:07:11;625506.3564786583 5800324.4571683705;626533.0068193944 5802866.652603635;PersonalVehicle
489807;07:07:13;629192.6416581047 5802850.018187782;628476.0855143974 5803457.403294206;PersonalVehicle
843494;07:07:14;631913.9173730104 5808124.069404383;629486.5099618735 5802991.42588296;PersonalVehicle
1191462;07:07:14;633672.1088953787 5801895.047217489;628538.4394734455 5805102.726799352;PersonalVehicle
1013052;07:07:14;630414.8797477358 5808699.979628697;630093.8440542369 5807791.045559874;PersonalVehicle
869602;07:07:16;627498.1724596496 5810012.366902584;626549.27522305 5805294.759285396;PersonalVehicle
1076359;07:07:16;628616.6586233946 5801591.041758853;628867.1579619511 5802385.91508963;PersonalVehicle
1059314;07:07:18;629272.7619191762 5804311.644781924;627498.1724596496 5810012.366902584;PersonalVehicle
1067199;07:07:20;627956.4146254407 5804331.7338915765;625506.3564786583 5800324.4571683705;PersonalVehicle
1100456;07:07:22;632224.8688405629 5801926.091495118;629013.8890670589 5800686.504770414;PersonalVehicle
1080676;07:07:22;626287.4588889405 5801695.857607118;632357.7464165204 5800288.209577048;PersonalVehicle
1067126;07:07:24;633672.1088953787 5801895.047217489;628074.0583934635 5804329.60949114;PersonalVehicle
849099;07:07:25;631913.9173730104 5808124.069404383;630056.599764994 5802247.770390553;PersonalVehicle
1090373;07:07:27;625506.3564786583 5800324.4571683705;630332.2880333196 5802722.917642353;PersonalVehicle
839251;07:07:27;627498.1724596496 5810012.366902584;630778.3261053511 5802002.937524988;PersonalVehicle
1045766;07:07:27;626892.9001272502 5804393.57239223;626752.1789986021 5802826.709500828;PersonalVehicle
1124031;07:07:29;630377.2935286161 5799276.878224155;629982.2593288607 5803837.445505527;PersonalVehicle
1052473;07:07:30;625907.0414506794 5801271.711882143;626071.2734211397 5802250.271163038;PersonalVehicle
1037686;07:07:30;626930.1151004897 5803507.227714114;627374.1011623346 5803413.256112698;PersonalVehicle
1099176;07:07:30;632501.5671071003 5800701.578092976;632245.3557561792 5800673.157394785;PersonalVehicle
1030120;07:07:31;625506.3564786583 5800324.4571683705;626651.4710768841 5801060.838761105;PersonalVehicle
392337;07:07:31;634266.520278123 5803737.794336154;628581.5093172947 5803024.230148383;PersonalVehicle
964409;07:07:33;629358.0109055466 5804429.707591148;625495.2665135056 5806727.877555828;PersonalVehicle
1022042;07:07:36;625506.3564786583 5800324.4571683705;625746.4600694855 5801550.989774566;PersonalVehicle
1035833;07:07:36;627577.7530446507 5804150.804735893;627719.5088487723 5805156.23416448;PersonalVehicle
1121496;07:07:37;633672.1088953787 5801895.047217489;629347.1208653679 5802457.954500039;PersonalVehicle
1032110;07:07:38;627554.8334750885 5805320.821828844;625495.2665135056 5806727.877555828;PersonalVehicle
1011074;07:07:38;628056.35700053 5808865.813379705;625495.2665135056 5806727.877555828;PersonalVehicle
1048915;07:07:39;625495.2665135056 5806727.877555828;628181.8147171694 5805405.54289962;PersonalVehicle
689371;07:07:40;634266.520278123 5803737.794336154;628556.96703031 5803765.787539978;PersonalVehicle
1100694;07:07:41;632184.077767344 5801658.719676106;634266.520278123 5803737.794336154;PersonalVehicle
1083014;07:07:42;626327.3283245373 5801097.381554826;625506.3564786583 5800324.4571683705;PersonalVehicle
1103290;07:07:42;632119.8622288917 5803708.50147939;634266.520278123 5803737.794336154;PersonalVehicle
1041546;07:07:43;626266.4933058989 5804948.115522879;628134.6107942886 5804036.344032892;PersonalVehicle
720459;07:07:44;633672.1088953787 5801895.047217489;629454.9461153522 5800697.092693877;PersonalVehicle
1007725;07:07:44;632055.9287830114 5807017.530004883;631076.9504133018 5806276.975956864;PersonalVehicle
385933;07:07:45;634266.520278123 5803737.794336154;630342.6331147576 5802874.357690605;PersonalVehicle
1008705;07:07:48;632241.0586392701 5807737.648238763;625495.2665135056 5806727.877555828;PersonalVehicle
382481;07:07:48;634266.520278123 5803737.794336154;627715.595421662 5801286.419640575;PersonalVehicle
1017595;07:07:49;625506.3564786583 5800324.4571683705;629860.3202990412 5803302.459479167;PersonalVehicle
1075756;07:07:50;628894.4698656133 5801609.442094981;630804.6139223098 5804405.029562833;PersonalVehicle
1063685;07:07:52;628448.0089935933 5804726.964394299;625506.3564786583 5800324.4571683705;PersonalVehicle
1055678;07:07:52;625495.2665135056 5806727.877555828;626254.8200124924 5806773.316405804;PersonalVehicle
1049232;07:07:53;626614.7199872634 5803315.2441132;630258.267798558 5802612.044942024;PersonalVehicle
846860;07:07:54;631913.9173730104 5808124.069404383;629517.9935276017 5804307.692544271;PersonalVehicle
1469092;07:07:54;625506.3564786583 5800324.4571683705;631188.8022892226 5808104.200923008;PersonalVehicle
1081214;07:07:55;626308.070420919 5801945.494536907;630377.2935286161 5799276.878224155;PersonalVehicle
1039504;07:07:55;627570.389279538 5803246.887086428;632357.7464165204 5800288.209577048;PersonalVehicle
1037099;07:07:57;626852.0201673933 5803149.69064723;625506.3564786583 5800324.4571683705;PersonalVehicle
1437799;07:08:01;625506.3564786583 5800324.4571683705;628249.9091117505 5802088.8342375215;PersonalVehicle
1068785;07:08:01;629453.776728118 5802996.249245946;625506.3564786583 5800324.4571683705;PersonalVehicle
1070076;07:08:01;630143.4896950861 5803092.842581437;634266.520278123 5803737.794336154;PersonalVehicle
1037665;07:08:02;626869.9522723717 5803100.232463525;626047.9429089762 5801640.944963539;PersonalVehicle
960194;07:08:03;625495.2665135056 5806727.877555828;630119.0003458913 5807102.019045829;PersonalVehicle
1100613;07:08:04;631786.8272663275 5802202.204486114;630599.0318066231 5802159.6637654565;PersonalVehicle
840818;07:08:04;627498.1724596496 5810012.366902584;627302.5630518814 5801424.885222984;PersonalVehicle
987686;07:08:04;631913.9173730104 5808124.069404383;631771.5966342796 5806909.321810398;PersonalVehicle
1107676;07:08:06;632203.7468673937 5803267.792994361;627498.1724596496 5810012.366902584;PersonalVehicle
1050255;07:08:07;626341.7121224212 5802887.360327981;627498.1724596496 5810012.366902584;PersonalVehicle
996694;07:08:08;631913.9173730104 5808124.069404383;630439.8327282631 5805790.101234369;PersonalVehicle
917021;07:08:10;625495.2665135056 5806727.877555828;628834.3105264498 5809687.123570381;PersonalVehicle
1080935;07:08:12;627207.1508767477 5802101.53668595;626878.2645830789 5801854.47059423;PersonalVehicle
929466;07:08:13;625506.3564786583 5800324.4571683705;628870.7819161204 5802289.557190019;PersonalVehicle
1085525;07:08:14;628753.123283448 5801198.5889094295;625506.3564786583 5800324.4571683705;PersonalVehicle
1032240;07:08:15;627217.3416212725 5804999.244225562;625506.3564786583 5800324.4571683705;PersonalVehicle
1035353;07:08:16;627499.6893468378 5804323.43237394;625506.3564786583 5800324.4571683705;PersonalVehicle
1035985;07:08:17;627248.4334784544 5803894.4159314325;627780.0103425079 5803019.816810669;PersonalVehicle
1074190;07:08:17;627717.5895176957 5802420.676388328;625506.3564786583 5800324.4571683705;PersonalVehicle
965273;07:08:23;627498.1724596496 5810012.366902584;629332.4687244238 5804339.346049524;PersonalVehicle
1087717;07:08:23;629986.2283002381 5801282.300501838;630162.2384684205 5802148.445529532;PersonalVehicle
1078686;07:08:24;629630.7067226938 5801763.4421518445;629135.3072297614 5801687.472937093;PersonalVehicle
1100052;07:08:26;631327.3596600874 5800986.525346905;630147.449960974 5800812.617154964;PersonalVehicle
1013473;07:08:27;630131.8649908502 5807764.223466413;630019.2824823094 5805859.037880216;PersonalVehicle
930021;07:08:29;625495.2665135056 5806727.877555828;628223.2593099993 5805153.23914176;PersonalVehicle
1096518;07:08:30;631159.3044540545 5802829.600257578;631913.9173730104 5808124.069404383;PersonalVehicle
1118817;07:08:32;632357.7464165204 5800288.209577048;627833.1395380048 5804357.804886073;PersonalVehicle
955217;07:08:32;625506.3564786583 5800324.4571683705;628481.8192554818 5805274.859797608;PersonalVehicle
1012048;07:08:35;627819.5757917687 5809004.279239719;628553.3132821338 5805499.617169324;PersonalVehicle
1004732;07:08:35;632358.8309586486 5806864.558553951;634266.520278123 5803737.794336154;PersonalVehicle
524356;07:08:36;634266.520278123 5803737.794336154;632032.2519945349 5801742.385643857;PersonalVehicle
1116948;07:08:36;632357.7464165204 5800288.209577048;627859.489020311 5801234.7859025365;PersonalVehicle
1142480;07:08:37;625506.3564786583 5800324.4571683705;630110.3826904586 5803446.325335568;PersonalVehicle
1029577;07:08:37;625506.3564786583 5800324.4571683705;628004.8560438497 5802676.422291298;PersonalVehicle
1091890;07:08:39;630377.2935286161 5799276.878224155;628745.1473774434 5801736.736016456;PersonalVehicle
1354935;07:08:40;625506.3564786583 5800324.4571683705;626866.0136465286 5801656.793453582;PersonalVehicle
2001647;07:08:42;632357.7464165204 5800288.209577048;628179.4022115536 5803251.279259367;PersonalVehicle
982108;07:08:42;627498.1724596496 5810012.366902584;627446.3012631622 5800760.694915534;PersonalVehicle
1008350;07:08:42;631817.4581939869 5806731.264892882;630777.2732211 5808620.843392246;PersonalVehicle
1048420;07:08:42;626098.2246816802 5803518.081453624;626062.4192364535 5803514.1080613285;PersonalVehicle
1069783;07:08:43;630801.0409854844 5804409.552534737;627498.1724596496 5810012.366902584;PersonalVehicle
995656;07:08:45;631913.9173730104 5808124.069404383;630673.2379937738 5802113.500192709;PersonalVehicle
944436;07:08:46;625495.2665135056 5806727.877555828;628800.1146634788 5803818.042444954;PersonalVehicle
1110136;07:08:49;632357.7464165204 5800288.209577048;631298.013919805 5802179.5252856035;PersonalVehicle
1265325;07:08:50;625506.3564786583 5800324.4571683705;629314.8633933101 5804566.128352984;PersonalVehicle
973383;07:08:51;625495.2665135056 5806727.877555828;627417.2807866783 5802267.774020318;PersonalVehicle
1039598;07:08:52;627796.1193585279 5803399.807263916;626763.9756394972 5804120.98765346;PersonalVehicle
1087038;07:08:52;630150.2676272285 5801280.611263847;627498.1724596496 5810012.366902584;PersonalVehicle
478169;07:08:53;634266.520278123 5803737.794336154;629497.8927646761 5804169.210317175;PersonalVehicle
962389;07:08:54;627498.1724596496 5810012.366902584;629300.3526588707 5809322.781754832;PersonalVehicle
1110828;07:08:54;629826.893900098 5802668.667410754;632357.7464165204 5800288.209577048;PersonalVehicle
1044083;07:08:55;634266.520278123 5803737.794336154;625840.6665066677 5804833.653928952;PersonalVehicle
1124638;07:08:58;630377.2935286161 5799276.878224155;629043.4662526721 5800526.828393556;PersonalVehicle
1075708;07:09:00;628721.0259045063 5801800.185762431;625506.3564786583 5800324.4571683705;PersonalVehicle
1087708;07:09:01;629078.5987493164 5800683.162923052;633672.1088953787 5801895.047217489;PersonalVehicle
396750;07:09:02;634266.520278123 5803737.794336154;630130.124563418 5802481.337808644;PersonalVehicle
1073330;07:09:04;627966.7193701261 5801979.272531321;628644.8345144661 5802032.7843404785;PersonalVehicle
1042943;07:09:05;626273.5220798618 5804797.308913292;626268.8816004843 5804695.4132885095;PersonalVehicle
1102730;07:09:05;631969.957305545 5803756.5776832225;630156.9894873897 5803619.418842232;PersonalVehicle
1011095;07:09:07;628061.3000512369 5808697.738680051;627513.2249354108 5802106.046444197;PersonalVehicle
957195;07:09:08;625506.3564786583 5800324.4571683705;625767.1222977783 5801695.446289204;PersonalVehicle
1012060;07:09:09;629311.9613365028 5807688.896353605;625495.2665135056 5806727.877555828;PersonalVehicle
1100443;07:09:10;630600.570442714 5802474.498019489;631553.3974118035 5802322.8773085475;PersonalVehicle
1054437;07:09:10;625495.2665135056 5806727.877555828;629740.8206312816 5803071.020838657;PersonalVehicle
1099606;07:09:12;632458.2865521217 5800725.476863984;630786.0495579526 5804312.9883349305;PersonalVehicle
1142849;07:09:12;625506.3564786583 5800324.4571683705;629366.436092283 5804613.609788329;PersonalVehicle
859489;07:09:12;631913.9173730104 5808124.069404383;628791.4701879065 5802983.20785186;PersonalVehicle
1005090;07:09:13;632758.3060656597 5807301.436636972;629297.550934936 5803770.719179421;PersonalVehicle
1013401;07:09:15;630496.8941291783 5807670.04264599;630377.2935286161 5799276.878224155;PersonalVehicle
1005393;07:09:18;633066.7387299074 5806940.163623786;631051.4367574512 5803912.511079373;PersonalVehicle
1044942;07:09:20;626223.7498547224 5804140.1926572155;625495.2665135056 5806727.877555828;PersonalVehicle
1057728;07:09:21;629320.8831053472 5803869.0812371755;628548.6311482289 5802406.377965869;PersonalVehicle
1119955;07:09:23;632357.7464165204 5800288.209577048;628038.0234991539 5803199.396760713;PersonalVehicle
1123033;07:09:24;633672.1088953787 5801895.047217489;627794.7109120046 5801064.712520947;PersonalVehicle
1014628;07:09:25;629722.6910628582 5808856.403821232;628598.5724337942 5809193.22299268;PersonalVehicle
999776;07:09:25;631913.9173730104 5808124.069404383;631861.5141528484 5806370.464611327;PersonalVehicle
1077603;07:09:26;629528.4699082052 5801687.653306306;625495.2665135056 5806727.877555828;PersonalVehicle
1010538;07:09:26;629830.8830319878 5806156.2371665435;629547.7633808182 5806075.846387795;PersonalVehicle
1117722;07:09:28;632357.7464165204 5800288.209577048;628213.2720369401 5801650.621191126;PersonalVehicle
1014190;07:09:28;628483.8946864412 5809868.028852652;629528.1841884563 5809443.117810887;PersonalVehicle
1066138;07:09:29;627645.8956541301 5804091.759339675;628567.5095099732 5804340.679158634;PersonalVehicle
1007309;07:09:29;631355.2609807022 5806509.786265517;633672.1088953787 5801895.047217489;PersonalVehicle
1083707;07:09:29;627379.149011177 5801221.519469858;630377.2935286161 5799276.878224155;PersonalVehicle
788709;07:09:29;632357.7464165204 5800288.209577048;629527.3746598214 5804324.711143633;PersonalVehicle
1006306;07:09:31;633195.2416566861 5806823.102257218;629602.0735077867 5803905.247871362;PersonalVehicle
1085139;07:09:31;629481.3197579612 5801224.1075848695;632357.7464165204 5800288.209577048;PersonalVehicle
440174;07:09:31;634266.520278123 5803737.794336154;628427.927537875 5804486.087952771;PersonalVehicle
1018885;07:09:32;625495.2665135056 5806727.877555828;629034.0100677345 5803188.85678286;PersonalVehicle
1060239;07:09:34;628377.7290711385 5804796.367488539;627896.8699413813 5805834.3812564695;PersonalVehicle
1066414;07:09:35;627939.8052361168 5803634.634529375;625506.3564786583 5800324.4571683705;PersonalVehicle
1095512;07:09:35;631090.4525432478 5802569.4383205585;625495.2665135056 5806727.877555828;PersonalVehicle
1073857;07:09:35;627656.4200967978 5802009.025424336;625506.3564786583 5800324.4571683705;PersonalVehicle
1049418;07:09:37;626335.2514839657 5803604.233357511;632357.7464165204 5800288.209577048;PersonalVehicle
1007047;07:09:39;631995.3978551802 5807319.477224417;629201.6105258662 5802950.915010516;PersonalVehicle
917631;07:09:39;625495.2665135056 5806727.877555828;631042.1657669178 5804020.828707011;PersonalVehicle
1086765;07:09:40;625506.3564786583 5800324.4571683705;629662.2862979568 5801484.343821583;PersonalVehicle
1025303;07:09:40;626440.7716622364 5801714.603460926;625495.2665135056 5806727.877555828;PersonalVehicle
1116718;07:09:41;632357.7464165204 5800288.209577048;629436.7285126282 5804488.777987179;PersonalVehicle
1043458;07:09:44;626686.4956067533 5804719.144368581;628939.9432972077 5801673.846664116;PersonalVehicle
1076548;07:09:48;628541.5118891537 5802217.595871908;632357.7464165204 5800288.209577048;PersonalVehicle
1043600;07:09:48;626651.5461502329 5804710.432210089;629126.7769671819 5803899.168281671;PersonalVehicle
1111559;07:09:48;632357.7464165204 5800288.209577048;631216.0148795794 5800401.446081093;PersonalVehicle
1033362;07:09:54;627265.3533325217 5804719.935354041;634266.520278123 5803737.794336154;PersonalVehicle
1072506;07:09:54;629876.8356441057 5803439.646646286;625506.3564786583 5800324.4571683705;PersonalVehicle
1088663;07:09:58;629187.1804508069 5800418.354156317;627508.8460509231 5802172.526393905;PersonalVehicle
994439;07:09:59;631913.9173730104 5808124.069404383;627289.1277176645 5801059.459125003;PersonalVehicle
1014415;07:10:00;628967.3783728521 5809590.148125175;626135.819654394 5803395.160833743;PersonalVehicle
896050;07:10:02;628932.7383574331 5803207.989740582;627498.1724596496 5810012.366902584;PersonalVehicle
1287228;07:10:03;625506.3564786583 5800324.4571683705;626689.4056849079 5802696.706478966;PersonalVehicle
1102358;07:10:03;631129.7353089369 5804626.240030455;627488.2017877961 5801107.718411548;PersonalVehicle
1007969;07:10:03;632055.9287830114 5807017.530004883;632466.796188232 5805938.3064202415;PersonalVehicle
1122496;07:10:04;633672.1088953787 5801895.047217489;631683.0065424435 5802018.878702692;PersonalVehicle
1082490;07:10:04;626892.4171302158 5801123.825227667;628420.7896219989 5803231.789209151;PersonalVehicle
1005723;07:10:05;633205.3231668463 5806159.09112776;632632.3285242671 5807037.7050643;PersonalVehicle
1105396;07:10:05;631647.1074925078 5802999.930652189;630767.7637475414 5802308.980922217;PersonalVehicle
1377691;07:10:06;628383.6825572123 5803431.910934362;625506.3564786583 5800324.4571683705;PersonalVehicle
1119564;07:10:07;633672.1088953787 5801895.047217489;628783.9802506458 5802325.427263572;PersonalVehicle
1161939;07:10:08;633672.1088953787 5801895.047217489;626361.6246641659 5803323.051418607;PersonalVehicle
899347;07:10:09;625495.2665135056 5806727.877555828;629808.9104267431 5803417.003527409;PersonalVehicle
1033803;07:10:09;627189.2847319482 5805359.222497316;625506.3564786583 5800324.4571683705;PersonalVehicle
1085311;07:10:12;630157.5328530697 5801428.637160701;629652.6952310465 5801593.638233115;PersonalVehicle
1074139;07:10:14;627417.2807866783 5802267.774020318;625506.3564786583 5800324.4571683705;PersonalVehicle
1105435;07:10:16;632070.4763009343 5802887.245554362;631974.2252404895 5803097.429640528;PersonalVehicle
436194;07:10:18;634266.520278123 5803737.794336154;630934.5968219222 5801359.916555465;PersonalVehicle
1057543;07:10:18;629277.4444263935 5803974.229721595;630377.2935286161 5799276.878224155;PersonalVehicle
1108232;07:10:18;632357.7464165204 5800288.209577048;627856.0864198261 5801741.322583512;PersonalVehicle
1136352;07:10:20;630377.2935286161 5799276.878224155;630836.7921898297 5800469.520090014;PersonalVehicle
912120;07:10:20;625495.2665135056 5806727.877555828;630314.4421854294 5802463.793920253;PersonalVehicle
724404;07:10:20;633672.1088953787 5801895.047217489;626212.1146647886 5803586.5132386135;PersonalVehicle
842727;07:10:22;631913.9173730104 5808124.069404383;629982.8497809299 5800927.610364837;PersonalVehicle
1119669;07:10:23;633672.1088953787 5801895.047217489;627929.43269386 5804806.858320529;PersonalVehicle
1063547;07:10:24;628041.8161435733 5805280.7739971895;627392.6963474506 5805124.534458467;PersonalVehicle
1146652;07:10:24;625495.2665135056 5806727.877555828;627254.8956778919 5805200.931584432;PersonalVehicle
1012361;07:10:25;630110.5131004774 5808261.490324628;627498.1724596496 5810012.366902584;PersonalVehicle
1082477;07:10:26;626984.0320880284 5801537.365664158;625506.3564786583 5800324.4571683705;PersonalVehicle
1194412;07:10:27;628183.3670295321 5808580.551018152;625506.3564786583 5800324.4571683705;PersonalVehicle
1054974;07:10:27;625506.3564786583 5800324.4571683705;626004.2007740594 5805427.200790275;PersonalVehicle
1100474;07:10:28;631792.5292608882 5801913.4421323845;632357.7464165204 5800288.209577048;PersonalVehicle
394523;07:10:29;634266.520278123 5803737.794336154;628903.1046257571 5803402.662303499;PersonalVehicle
1045242;07:10:30;625976.5642569886 5804041.420720809;634266.520278123 5803737.794336154;PersonalVehicle
1308555;07:10:30;625506.3564786583 5800324.4571683705;628670.962205692 5802922.933895378;PersonalVehicle
1121631;07:10:31;633672.1088953787 5801895.047217489;628897.4568012264 5802211.623913203;PersonalVehicle
1082941;07:10:31;626685.5819760571 5800855.183083097;625506.3564786583 5800324.4571683705;PersonalVehicle
869872;07:10:35;627498.1724596496 5810012.366902584;626100.5262801579 5806067.070615689;PersonalVehicle
459605;07:10:36;634266.520278123 5803737.794336154;628549.8732323863 5804847.960722407;PersonalVehicle
1004798;07:10:36;629847.3181416874 5806104.878853641;632574.5507610833 5806777.660286562;PersonalVehicle
1403168;07:10:37;625506.3564786583 5800324.4571683705;628357.8422170405 5803097.075560311;PersonalVehicle
1062527;07:10:37;628796.8516626412 5805870.365684724;629046.6065231542 5803534.797933127;PersonalVehicle
1058807;07:10:37;629242.5285565716 5804116.96918589;629271.2749071391 5804566.846200294;PersonalVehicle
1069856;07:10:39;629934.6080311157 5803169.394177646;625506.3564786583 5800324.4571683705;PersonalVehicle
1555938;07:10:40;625506.3564786583 5800324.4571683705;627369.5106271094 5801180.948364412;PersonalVehicle
1160959;07:10:40;633672.1088953787 5801895.047217489;628284.8471474132 5804874.917675853;PersonalVehicle
1050666;07:10:41;625948.7440815079 5801934.202050749;625506.3564786583 5800324.4571683705;PersonalVehicle
407195;07:10:42;634266.520278123 5803737.794336154;627959.3016007917 5801520.833530749;PersonalVehicle
1091301;07:10:43;630377.2935286161 5799276.878224155;630594.5984505939 5800642.87373653;PersonalVehicle
1064904;07:10:43;628111.8275090805 5804520.91240848;627838.007638118 5803856.9825053075;PersonalVehicle
687331;07:10:43;633672.1088953787 5801895.047217489;626266.5435338096 5803329.315681971;PersonalVehicle
1071978;07:10:44;630035.5278792087 5803467.675447433;629486.9117202174 5803492.891169159;PersonalVehicle
1075434;07:10:44;628808.0171723443 5801783.810162551;628664.6994309577 5803965.8608199;PersonalVehicle
987931;07:10:45;631913.9173730104 5808124.069404383;629592.4498670076 5804087.294353954;PersonalVehicle
1073369;07:10:45;628130.1059622859 5802790.911044263;630377.2935286161 5799276.878224155;PersonalVehicle
688440;07:10:50;634266.520278123 5803737.794336154;629399.9707952597 5804417.770881565;PersonalVehicle
1078515;07:10:50;627490.7317509966 5801200.433261706;629343.4416889596 5802237.787249356;PersonalVehicle
1046825;07:10:52;625836.6617125005 5803817.49468692;625506.3564786583 5800324.4571683705;PersonalVehicle
1083634;07:10:52;627337.4421882072 5801146.4915377665;627806.4126162974 5801354.408592782;PersonalVehicle
1068715;07:10:53;628429.061044029 5803390.797177117;628685.4823509826 5801998.506099152;PersonalVehicle
1050768;07:10:54;626214.6009143242 5802404.666279682;625506.3564786583 5800324.4571683705;PersonalVehicle
987920;07:10:55;631913.9173730104 5808124.069404383;629101.0937573158 5804785.8845776105;PersonalVehicle
1415713;07:10:55;625506.3564786583 5800324.4571683705;629142.6512999837 5802611.024859521;PersonalVehicle
1044865;07:10:58;626195.6260754371 5803930.899860112;625495.2665135056 5806727.877555828;PersonalVehicle
1110173;07:11:00;632357.7464165204 5800288.209577048;628360.5652042861 5805429.822032332;PersonalVehicle
1087352;07:11:00;629201.3378446432 5800794.662246791;628953.2770528205 5800906.131246669;PersonalVehicle
1069474;07:11:01;631248.7912300286 5803795.509947887;629137.6601052292 5804373.226871729;PersonalVehicle
1098196;07:11:01;631740.2656445258 5801599.744899445;631413.7808819785 5803971.449329204;PersonalVehicle
1011655;07:11:03;628169.528102108 5808617.999082757;630461.595103127 5806991.470965492;PersonalVehicle
1107847;07:11:03;632357.7464165204 5800288.209577048;631819.388126871 5801568.653156168;PersonalVehicle
1114190;07:11:04;633672.1088953787 5801895.047217489;625558.7343430208 5803213.871307765;PersonalVehicle
1105249;07:11:05;631911.3678378114 5802708.208560268;634266.520278123 5803737.794336154;PersonalVehicle
1013133;07:11:06;630986.6068670489 5808575.607629043;625506.3564786583 5800324.4571683705;PersonalVehicle
1015201;07:11:06;629133.3789724411 5809323.388520011;625506.3564786583 5800324.4571683705;PersonalVehicle
1084161;07:11:07;627710.0377334203 5801325.497334632;632102.9355919214 5807351.289867343;PersonalVehicle
1095690;07:11:07;630746.9480370464 5802529.002394834;625506.3564786583 5800324.4571683705;PersonalVehicle
1034488;07:11:07;627524.5850413977 5804550.982788904;630377.2935286161 5799276.878224155;PersonalVehicle
1484686;07:11:07;625506.3564786583 5800324.4571683705;629892.2331098015 5802604.703199843;PersonalVehicle
825242;07:11:08;632357.7464165204 5800288.209577048;632882.6291153892 5802462.411050946;PersonalVehicle
1014470;07:11:09;627394.9860324899 5809310.144166146;629009.2746155501 5803655.256771322;PersonalVehicle
1028681;07:11:09;625506.3564786583 5800324.4571683705;628958.8463899599 5803738.966861194;PersonalVehicle
977729;07:11:09;627498.1724596496 5810012.366902584;630057.5358647549 5803955.2318992475;PersonalVehicle
1065630;07:11:11;627980.5960193845 5804416.263068737;627749.9605234846 5804967.012646273;PersonalVehicle
1000085;07:11:11;631913.9173730104 5808124.069404383;631232.9326533055 5803857.709861052;PersonalVehicle
1050079;07:11:11;626378.3808756267 5803215.692749744;626176.8003665131 5803696.969628724;PersonalVehicle
1035495;07:11:13;627573.5438024484 5804757.4191431105;625506.3564786583 5800324.4571683705;PersonalVehicle
997354;07:11:13;631913.9173730104 5808124.069404383;630385.8711791998 5802175.480439312;PersonalVehicle
1075097;07:11:13;628540.9723013033 5801879.622188926;625506.3564786583 5800324.4571683705;PersonalVehicle
898324;07:11:14;625495.2665135056 5806727.877555828;628307.6515204593 5805202.846367932;PersonalVehicle
1058726;07:11:16;629674.7078410595 5804126.9137293985;629981.8058252095 5803836.029938807;PersonalVehicle
1033393;07:11:18;627431.214803505 5804891.065133385;626626.3240118825 5802968.395137712;PersonalVehicle
1077604;07:11:19;629167.475034585 5801732.991688358;626694.4261208016 5803512.122353536;PersonalVehicle
1021523;07:11:20;625506.3564786583 5800324.4571683705;628561.7729058978 5802661.465603911;PersonalVehicle
1158903;07:11:21;634266.520278123 5803737.794336154;631093.1636391964 5803232.243400084;PersonalVehicle
863243;07:11:21;631913.9173730104 5808124.069404383;628911.8443832854 5802725.524275774;PersonalVehicle
1015351;07:11:21;628824.9702047087 5809119.705755772;631913.9173730104 5808124.069404383;PersonalVehicle
1079186;07:11:22;629742.9458259732 5802196.226552022;625495.2665135056 5806727.877555828;PersonalVehicle
1011189;07:11:23;628431.8021817275 5808405.175817611;625506.3564786583 5800324.4571683705;PersonalVehicle
1284668;07:11:24;625506.3564786583 5800324.4571683705;627941.4103353849 5804535.854945883;PersonalVehicle
650359;07:11:24;632357.7464165204 5800288.209577048;628681.501718582 5802066.181748013;PersonalVehicle
1037460;07:11:25;627473.7741297148 5803847.875532669;627619.8155374752 5803866.952928536;PersonalVehicle
1007076;07:11:25;631129.7325319883 5806640.537857426;628928.436003479 5809539.751878063;PersonalVehicle
1077753;07:11:27;629122.1416205865 5801975.619244795;631913.9173730104 5808124.069404383;PersonalVehicle
1047481;07:11:28;626123.4567549586 5803742.813993254;630461.595103127 5806991.470965492;PersonalVehicle
1035120;07:11:29;627808.4498391441 5805245.43494654;626510.9613376143 5804301.9846655615;PersonalVehicle
1060851;07:11:29;627812.2123355127 5805468.109781392;627786.3166220925 5805473.844763428;PersonalVehicle
1085933;07:11:29;629859.9812000082 5801320.177810176;627890.1591850527 5802518.873514236;PersonalVehicle
794488;07:11:30;632357.7464165204 5800288.209577048;630240.7925788967 5802732.229509958;PersonalVehicle
1357799;07:11:30;625506.3564786583 5800324.4571683705;628337.871359633 5803322.010228039;PersonalVehicle
1093561;07:11:30;630363.7131673981 5802660.452752476;630377.2935286161 5799276.878224155;PersonalVehicle
1071930;07:11:31;631412.277468435 5803680.749731373;630032.4183244032 5800110.634848342;PersonalVehicle
1063079;07:11:32;627385.3469974356 5806453.485200158;629108.6468851431 5804035.98970992;PersonalVehicle
1042947;07:11:33;627691.409609074 5805440.1559251435;626327.8270724936 5804777.927936266;PersonalVehicle
1033195;07:11:33;627509.686917803 5805341.9909254;631834.823468854 5807544.586247118;PersonalVehicle
1090044;07:11:34;630377.2935286161 5799276.878224155;626162.6259534332 5803026.86808194;PersonalVehicle
1518434;07:11:35;625506.3564786583 5800324.4571683705;629078.3417050218 5804211.841316955;PersonalVehicle
1075045;07:11:35;629010.3166386795 5801806.855381383;625506.3564786583 5800324.4571683705;PersonalVehicle
1114833;07:11:36;633672.1088953787 5801895.047217489;629411.2818224216 5801266.611267567;PersonalVehicle
1104658;07:11:38;631884.1088963656 5803247.737333366;630140.075755479 5806936.712868479;PersonalVehicle
1101801;07:11:39;631129.7353089369 5804626.240030455;633672.1088953787 5801895.047217489;PersonalVehicle
1050729;07:11:40;626090.1950415996 5802970.79945176;628144.14838454 5801755.278920931;PersonalVehicle
384497;07:11:40;628357.8422170405 5803097.075560311;634266.520278123 5803737.794336154;PersonalVehicle
1099349;07:11:41;631519.8333675037 5801449.037766271;633672.1088953787 5801895.047217489;PersonalVehicle
1006141;07:11:41;632715.1732232488 5807205.1375417495;625506.3564786583 5800324.4571683705;PersonalVehicle
1103729;07:11:43;632445.3793815664 5803714.741883196;631438.4870667075 5803517.337998135;PersonalVehicle
969675;07:11:44;626101.4691702456 5803106.198365186;627498.1724596496 5810012.366902584;PersonalVehicle
1093173;07:11:46;630741.5955210398 5802016.845290852;632357.7464165204 5800288.209577048;PersonalVehicle
1019897;07:11:47;625495.2665135056 5806727.877555828;631771.5966342796 5806909.321810398;PersonalVehicle
1002350;07:11:47;628638.8662884189 5808815.278594001;627498.1724596496 5810012.366902584;PersonalVehicle
1005277;07:11:48;633517.336878658 5806528.049970281;632495.0704826805 5806167.860049435;PersonalVehicle
1092959;07:11:48;630300.6290956049 5801696.639896706;628808.878337296 5801564.251769151;PersonalVehicle
431161;07:11:50;634266.520278123 5803737.794336154;628905.7003176126 5801895.500278072;PersonalVehicle
1084551;07:11:50;628228.0104893183 5801154.038691751;625506.3564786583 5800324.4571683705;PersonalVehicle
1007730;07:11:50;631903.5770529447 5807571.862396086;625495.2665135056 5806727.877555828;PersonalVehicle
1000140;07:11:52;631913.9173730104 5808124.069404383;627289.1277176645 5801059.459125003;PersonalVehicle
1124596;07:11:52;630377.2935286161 5799276.878224155;627152.0975485761 5803721.077980432;PersonalVehicle
838411;07:11:53;627498.1724596496 5810012.366902584;632455.086821382 5800682.045458861;PersonalVehicle
1124584;07:11:53;632357.7464165204 5800288.209577048;626273.907722509 5803155.32475839;PersonalVehicle
1071627;07:11:54;630082.9486960531 5803654.86836748;625506.3564786583 5800324.4571683705;PersonalVehicle
1083724;07:11:54;631913.9173730104 5808124.069404383;627432.321307613 5801098.167680432;PersonalVehicle
1083458;07:11:56;627470.2105991835 5801321.898113328;627178.694025611 5801587.36873926;PersonalVehicle
1008742;07:11:56;634266.520278123 5803737.794336154;628799.8565990564 5802163.738829242;PersonalVehicle
1059335;07:11:56;629041.259213729 5804501.967128151;629098.4387531774 5804097.127440303;PersonalVehicle
1035960;07:11:58;627743.4291454952 5803478.004097054;625506.3564786583 5800324.4571683705;PersonalVehicle
1005412;07:12:01;633186.0153341031 5806557.930588219;634266.520278123 5803737.794336154;PersonalVehicle
1169178;07:12:01;634266.520278123 5803737.794336154;628801.2785787949 5805593.115743868;PersonalVehicle
1087548;07:12:01;629805.8933278467 5801008.555378844;630497.817781163 5802075.6983967;PersonalVehicle
1013567;07:12:03;630254.8827422294 5807474.3859343715;631913.9173730104 5808124.069404383;PersonalVehicle
1072504;07:12:03;631023.4888852189 5803784.972058922;631913.9173730104 5808124.069404383;PersonalVehicle
1088522;07:12:04;629848.399813138 5801213.83341051;634266.520278123 5803737.794336154;PersonalVehicle
1084719;07:12:07;628041.5421116515 5801330.131365046;626486.0051962483 5801080.183534159;PersonalVehicle
1103789;07:12:08;631741.522304119 5802764.465600236;634266.520278123 5803737.794336154;PersonalVehicle
1028272;07:12:09;625506.3564786583 5800324.4571683705;626204.150821099 5804855.7891184725;PersonalVehicle
1104934;07:12:09;632130.8255980043 5802702.621711084;632130.8255980043 5802702.621711084;PersonalVehicle
1069616;07:12:10;630416.0372611459 5803262.16432191;630475.4205394869 5800974.89484848;PersonalVehicle
985666;07:12:12;631913.9173730104 5808124.069404383;627386.1806974154 5801150.504188829;PersonalVehicle
1087977;07:12:13;630013.1653890298 5801171.757516901;628614.8814696418 5801136.789488768;PersonalVehicle
1051698;07:12:13;626073.3888216655 5802077.339112126;625825.2530366157 5801766.383798763;PersonalVehicle
1101098;07:12:17;632081.8281054868 5801723.042421572;634266.520278123 5803737.794336154;PersonalVehicle
1015510;07:12:17;628111.7707878659 5809765.439626137;625506.3564786583 5800324.4571683705;PersonalVehicle
1082599;07:12:20;627020.7442857914 5801021.431072826;627513.4419408656 5800904.369582447;PersonalVehicle
1105994;07:12:21;632127.2817727483 5803223.945378593;629234.2851049562 5804084.599458391;PersonalVehicle
1107870;07:12:21;632357.7464165204 5800288.209577048;628685.7935429062 5804396.625153161;PersonalVehicle
1099801;07:12:24;632249.677375189 5800661.398940546;630351.7509066922 5802800.845433946;PersonalVehicle
1097865;07:12:25;631151.178400272 5803038.3332940675;631913.9173730104 5808124.069404383;PersonalVehicle
1101251;07:12:25;632212.3622195302 5802192.531155882;633672.1088953787 5801895.047217489;PersonalVehicle
1083399;07:12:25;626923.7445328316 5800902.25638869;625495.2665135056 5806727.877555828;PersonalVehicle
970788;07:12:25;627498.1724596496 5810012.366902584;628740.9957744547 5807522.856638447;PersonalVehicle
1060739;07:12:26;628257.8232259837 5805822.673324819;626035.5661434124 5802413.102583151;PersonalVehicle
1014131;07:12:26;628824.7234106674 5809127.179959183;632353.0432311012 5807429.691385912;PersonalVehicle
1328778;07:12:27;625506.3564786583 5800324.4571683705;630812.7764334313 5800683.865368497;PersonalVehicle
1090751;07:12:27;628783.3789410052 5801087.6049700985;625506.3564786583 5800324.4571683705;PersonalVehicle
1051726;07:12:28;625988.5480292162 5801961.044452364;627498.1724596496 5810012.366902584;PersonalVehicle
1107027;07:12:30;632345.9236682039 5803312.095008975;625727.4784844002 5802080.021116451;PersonalVehicle
1099690;07:12:33;632766.971065298 5800737.286132714;629859.8964036498 5801792.753620213;PersonalVehicle
1074863;07:12:33;628832.03863588 5801988.314305532;627311.7882135422 5806309.679373944;PersonalVehicle
1104742;07:12:35;629946.3616947616 5802303.450292521;631782.1071450012 5803232.902070535;PersonalVehicle
1103484;07:12:36;632162.8088419903 5803709.478563929;626245.848283318 5801999.80470653;PersonalVehicle
1118992;07:12:38;632357.7464165204 5800288.209577048;630734.9848107048 5801641.2954586325;PersonalVehicle
1066713;07:12:38;628126.3889432162 5804142.925325298;628277.5775143877 5804291.891784643;PersonalVehicle
1073372;07:12:38;627261.8910975351 5802203.91640688;631913.9173730104 5808124.069404383;PersonalVehicle
1109528;07:12:40;632357.7464165204 5800288.209577048;630676.6722997439 5802206.622534351;PersonalVehicle
1153735;07:12:41;625506.3564786583 5800324.4571683705;628592.5967371326 5804601.18742925;PersonalVehicle
1096821;07:12:41;631275.472593908 5802514.0026520975;632062.0681906 5802004.403086661;PersonalVehicle
1096451;07:12:42;630899.0315047051 5802539.589669109;627807.0972263855 5804307.660365084;PersonalVehicle
367923;07:12:42;634266.520278123 5803737.794336154;629164.5617305066 5804166.525509925;PersonalVehicle
1049051;07:12:43;626273.907722509 5803155.32475839;625495.2665135056 5806727.877555828;PersonalVehicle
1036421;07:12:44;627152.0975485761 5803721.077980432;626458.1951004326 5806052.297215694;PersonalVehicle
1008269;07:12:44;632009.3777067496 5807694.602728827;628282.8928916827 5803968.082826474;PersonalVehicle
1168655;07:12:46;634266.520278123 5803737.794336154;629260.962373772 5803333.196394192;PersonalVehicle
1152851;07:12:46;625506.3564786583 5800324.4571683705;628999.5477305541 5804132.705384936;PersonalVehicle
1007509;07:12:48;632221.5126395371 5807453.863661699;629728.8357986772 5802983.7910028165;PersonalVehicle
1562032;07:12:50;628519.7849524869 5804957.729171858;625506.3564786583 5800324.4571683705;PersonalVehicle
1098586;07:12:51;632585.2471147096 5800616.552864811;631406.8557461442 5803207.077549534;PersonalVehicle
855773;07:12:52;631913.9173730104 5808124.069404383;632064.2764652934 5807309.5125034945;PersonalVehicle
1078658;07:12:53;629652.6952310465 5801593.638233115;629132.8970561894 5801214.7052916;PersonalVehicle
877307;07:12:54;627498.1724596496 5810012.366902584;625596.9686984699 5805616.379786466;PersonalVehicle
1049117;07:12:55;630377.2935286161 5799276.878224155;627451.274794228 5801214.219643284;PersonalVehicle
1122046;07:12:56;633672.1088953787 5801895.047217489;628094.8260227421 5804830.269372402;PersonalVehicle
1057953;07:12:57;629714.5551763733 5804040.686871308;627295.8165215242 5803320.075208124;PersonalVehicle
1009885;07:12:57;630009.9513040835 5806093.99370371;625495.2665135056 5806727.877555828;PersonalVehicle
1077804;07:12:58;629335.4279409576 5802006.479326951;629107.7245826718 5801484.940880388;PersonalVehicle
1052742;07:12:58;625645.5805160347 5801614.395873131;625829.1427558957 5801712.665463446;PersonalVehicle
1100645;07:12:59;632481.390756679 5801865.44911137;630342.6331147576 5802874.357690605;PersonalVehicle
1018682;07:12:59;625495.2665135056 5806727.877555828;628656.2029015059 5802889.091641808;PersonalVehicle
1086727;07:13:00;629361.446559643 5801204.382159017;630026.9521478026 5803009.305347072;PersonalVehicle
1113887;07:13:00;632357.7464165204 5800288.209577048;632480.127976267 5801003.507085747;PersonalVehicle
1015454;07:13:00;628824.7777191214 5809125.535218033;628926.3985749446 5809022.2306315545;PersonalVehicle
1149282;07:13:01;625506.3564786583 5800324.4571683705;629524.034411999 5804271.116401547;PersonalVehicle
1088180;07:13:01;629523.3120259155 5800511.843294689;629516.0030987657 5803041.088138838;PersonalVehicle
1186673;07:13:04;632530.8278638999 5800809.731127963;633672.1088953787 5801895.047217489;PersonalVehicle
1075213;07:13:04;628561.8151639471 5801988.538868187;632357.7464165204 5800288.209577048;PersonalVehicle
1075164;07:13:04;628884.0771018765 5801634.879483334;633672.1088953787 5801895.047217489;PersonalVehicle
1078917;07:13:06;629075.5661794771 5801845.618061233;634266.520278123 5803737.794336154;PersonalVehicle
1084792;07:13:11;632357.7464165204 5800288.209577048;629046.1386867601 5801008.250025196;PersonalVehicle
1075399;07:13:12;628915.4335593858 5801659.852850509;625736.8297397679 5806250.481048399;PersonalVehicle
1866910;07:13:12;628731.806599822 5802897.253606505;632357.7464165204 5800288.209577048;PersonalVehicle
942038;07:13:14;625495.2665135056 5806727.877555828;627711.1563383699 5802024.380143621;PersonalVehicle
1015336;07:13:17;630054.784074881 5809080.69627326;628367.6985741851 5808474.598428735;PersonalVehicle
994692;07:13:18;631913.9173730104 5808124.069404383;630820.9148798664 5799900.291690554;PersonalVehicle
1040933;07:13:18;626585.9498717949 5802888.42385282;626857.6768480601 5803132.681202625;PersonalVehicle
1909268;07:13:18;633672.1088953787 5801895.047217489;631188.7965236193 5803438.762488558;PersonalVehicle
1106657;07:13:18;632499.6724610117 5803335.404330061;632357.7464165204 5800288.209577048;PersonalVehicle
1070595;07:13:18;630774.6326856916 5803703.124941552;627655.8784336881 5801152.885937466;PersonalVehicle
1035019;07:13:19;625506.3564786583 5800324.4571683705;627291.1767920139 5804138.6534017045;PersonalVehicle
1078143;07:13:20;630377.2935286161 5799276.878224155;629036.7979513486 5802349.896635344;PersonalVehicle
866875;07:13:21;627498.1724596496 5810012.366902584;629306.3455191394 5803465.928494828;PersonalVehicle
1120796;07:13:21;633672.1088953787 5801895.047217489;630470.0809691492 5804078.438303941;PersonalVehicle
780605;07:13:21;633672.1088953787 5801895.047217489;632449.0382392968 5801991.937815391;PersonalVehicle
1086372;07:13:22;632357.7464165204 5800288.209577048;629261.2416642612 5801145.274591487;PersonalVehicle
1036012;07:13:22;627561.1098299262 5803848.56026597;628802.3905590716 5803883.812253221;PersonalVehicle
1066108;07:13:23;628536.4768504922 5804302.417597968;630707.5480003966 5804292.917761051;PersonalVehicle
1087398;07:13:24;629745.866517465 5800703.756386675;625495.2665135056 5806727.877555828;PersonalVehicle
1103743;07:13:25;632117.3059629018 5802733.355944395;634266.520278123 5803737.794336154;PersonalVehicle
1057519;07:13:26;629205.2305001207 5803825.526580132;630377.2935286161 5799276.878224155;PersonalVehicle
1102512;07:13:27;632177.044084091 5804289.829491892;629679.153242025 5803961.390672714;PersonalVehicle
664697;07:13:27;633672.1088953787 5801895.047217489;629349.6942269168 5800406.907985514;PersonalVehicle
1126871;07:13:28;625506.3564786583 5800324.4571683705;628879.8969814407 5803803.779188907;PersonalVehicle
1096852;07:13:29;631160.9006188572 5803074.97524029;631119.2781659517 5803002.938687195;PersonalVehicle
1003254;07:13:31;632229.7708075893 5806195.172820387;633672.1088953787 5801895.047217489;PersonalVehicle
797009;07:13:32;632357.7464165204 5800288.209577048;629256.863768272 5804480.803549362;PersonalVehicle
1057355;07:13:32;629233.6268796392 5803695.289843704;627566.6393013268 5806249.947707472;PersonalVehicle
1061402;07:13:32;628321.5189011032 5805309.611615197;629008.9143335258 5801942.542667321;PersonalVehicle
1085344;07:13:34;629181.1206984753 5801056.927941576;629171.3567610973 5801013.239161719;PersonalVehicle
1038829;07:13:35;627792.9785617788 5803367.922037381;627418.8533370155 5804923.512149207;PersonalVehicle
1067998;07:13:35;628849.6090581164 5803123.000753264;627498.1724596496 5810012.366902584;PersonalVehicle
1003999;07:13:36;632449.2437234188 5806189.275568726;631525.7718670024 5806447.036941627;PersonalVehicle
1081374;07:13:36;626953.3134584386 5801974.409521374;626248.9187064689 5803036.473782599;PersonalVehicle
1067522;07:13:37;628337.871359633 5803322.010228039;627420.1091316497 5803813.10909015;PersonalVehicle
1098483;07:13:41;631083.6917049607 5800883.6609828565;625506.3564786583 5800324.4571683705;PersonalVehicle
1106118;07:13:45;632226.3016402483 5802981.526622484;629170.5482022484 5802720.6316386815;PersonalVehicle
765437;07:13:46;633672.1088953787 5801895.047217489;630086.1507529032 5800810.580114141;PersonalVehicle
2056207;07:13:46;633672.1088953787 5801895.047217489;627192.2460520004 5802276.774941537;PersonalVehicle
1047707;07:13:47;626228.1854037867 5803191.979908657;629923.3321612418 5801266.393772794;PersonalVehicle
1098014;07:13:48;631146.5363624182 5800516.018499291;629430.9247158362 5801877.2677762015;PersonalVehicle
943609;07:13:50;625506.3564786583 5800324.4571683705;628635.458503518 5803884.685470589;PersonalVehicle
394426;07:13:53;634266.520278123 5803737.794336154;627977.2639993299 5802246.566922888;PersonalVehicle
1165565;07:13:55;634266.520278123 5803737.794336154;630634.4689977542 5802382.407316737;PersonalVehicle
1079392;07:13:56;629695.1146332661 5801951.325946607;628818.4186535723 5801092.17837024;PersonalVehicle
1043123;07:13:58;626345.1103953018 5804654.077400693;634266.520278123 5803737.794336154;PersonalVehicle
1101475;07:13:58;632325.0184237129 5802206.4975023335;627498.1724596496 5810012.366902584;PersonalVehicle
1087837;07:13:58;629723.2123641974 5800641.4411721025;628164.4953650392 5805410.284627776;PersonalVehicle
1098074;07:14:00;631664.6111498295 5801371.515218558;629929.383967055 5800745.968977065;PersonalVehicle
1040520;07:14:00;626476.1449007372 5802647.487622314;628076.0891293501 5801623.117246613;PersonalVehicle
1016092;07:14:01;625495.2665135056 5806727.877555828;626263.9845901753 5804825.606090121;PersonalVehicle
1086795;07:14:01;628547.5394165497 5801434.184642869;633672.1088953787 5801895.047217489;PersonalVehicle
1124877;07:14:03;630377.2935286161 5799276.878224155;629709.9481565001 5800705.143996328;PersonalVehicle
1104482;07:14:04;631741.0929211495 5802907.108153738;633672.1088953787 5801895.047217489;PersonalVehicle
1113130;07:14:06;632357.7464165204 5800288.209577048;629344.2067569658 5800842.844543861;PersonalVehicle
1107188;07:14:06;629491.7421603297 5803478.802030293;632191.9915226576 5802976.035350106;PersonalVehicle
936941;07:14:06;625506.3564786583 5800324.4571683705;626901.9317921943 5801378.557786827;PersonalVehicle
1078653;07:14:08;629219.9347330143 5802435.665354152;628961.0508037701 5804041.310130056;PersonalVehicle
1101114;07:14:09;632006.19253458 5802370.197810069;634266.520278123 5803737.794336154;PersonalVehicle
1069258;07:14:10;629085.4460039801 5802646.277225863;627498.1724596496 5810012.366902584;PersonalVehicle
1086874;07:14:11;628510.3229512054 5801412.058766216;632357.7464165204 5800288.209577048;PersonalVehicle
1082259;07:14:13;626565.0669454184 5800805.525505288;631103.1847645538 5800834.805198838;PersonalVehicle
1046771;07:14:13;626494.6364430531 5804376.745939925;626963.1011875413 5803928.885855031;PersonalVehicle
1087662;07:14:13;629343.1160894089 5800740.759342541;632357.7464165204 5800288.209577048;PersonalVehicle
1121022;07:14:15;633672.1088953787 5801895.047217489;632346.5656264684 5803527.056178297;PersonalVehicle
1077476;07:14:15;629548.2200596668 5801604.518913622;628379.0306043159 5801982.284763475;PersonalVehicle
1049164;07:14:16;626063.3548360497 5803230.167505056;626307.1111420841 5803235.689658764;PersonalVehicle
1037839;07:14:16;626988.1992531195 5803264.824365294;628162.7144512121 5804415.998007806;PersonalVehicle
1024414;07:14:17;625495.2665135056 5806727.877555828;628546.3161917597 5805176.719506277;PersonalVehicle
1069170;07:14:23;628860.2046859794 5802819.951858835;626978.1386417482 5803388.978334732;PersonalVehicle
1086888;07:14:23;629075.0066577038 5801377.276369019;625506.3564786583 5800324.4571683705;PersonalVehicle
1099762;07:14:25;631291.5233869283 5801052.6699161315;633672.1088953787 5801895.047217489;PersonalVehicle
1024803;07:14:26;627440.2837268702 5805282.610263695;627051.328716827 5804482.456306761;PersonalVehicle
1057903;07:14:26;629686.6619443477 5804017.0537863765;627415.338626964 5804415.740990144;PersonalVehicle
796289;07:14:27;632357.7464165204 5800288.209577048;629052.3699831117 5803821.990089492;PersonalVehicle
1048704;07:14:28;626861.3317939772 5803775.805070961;625506.3564786583 5800324.4571683705;PersonalVehicle
1085853;07:14:29;628987.6446671826 5801250.797390795;630377.2935286161 5799276.878224155;PersonalVehicle
1491452;07:14:30;625506.3564786583 5800324.4571683705;626123.3606682527 5803213.251262199;PersonalVehicle
1057138;07:14:31;625506.3564786583 5800324.4571683705;626719.0444818613 5803691.273549268;PersonalVehicle
1020438;07:14:35;625506.3564786583 5800324.4571683705;630939.7000738735 5803942.7454316765;PersonalVehicle
1069953;07:14:35;630508.4160076453 5804061.610644917;628508.0947470742 5802448.566220334;PersonalVehicle
1014894;07:14:35;628465.165071498 5809294.321049425;628463.2779207972 5802052.552816257;PersonalVehicle
1119618;07:14:36;631264.331155647 5807091.116723055;632357.7464165204 5800288.209577048;PersonalVehicle
1152813;07:14:40;625506.3564786583 5800324.4571683705;629041.259213729 5804501.967128151;PersonalVehicle
865874;07:14:42;627498.1724596496 5810012.366902584;631366.2021466717 5807164.608201327;PersonalVehicle
389441;07:14:44;634266.520278123 5803737.794336154;629499.5507064441 5804023.597861019;PersonalVehicle
1101337;07:14:46;631766.4503724666 5802110.53581075;631285.6299456628 5802923.7245608475;PersonalVehicle
1083614;07:14:47;628142.6257705332 5801270.772995863;625495.2665135056 5806727.877555828;PersonalVehicle
1098322;07:14:47;632820.031935724 5800701.2699934915;626975.5239231011 5801236.560571561;PersonalVehicle
1074221;07:14:49;627761.2742753443 5802541.968502888;625940.2183030699 5806929.000263161;PersonalVehicle
1020368;07:14:49;625506.3564786583 5800324.4571683705;626612.4646679971 5802588.231774998;PersonalVehicle
1111881;07:14:49;632357.7464165204 5800288.209577048;627937.5817022729 5802154.179826488;PersonalVehicle
1038846;07:14:50;627212.0228873442 5803028.6190806255;632357.7464165204 5800288.209577048;PersonalVehicle
1114130;07:14:53;633672.1088953787 5801895.047217489;627463.2241187067 5805637.710648003;PersonalVehicle
1297054;07:14:55;625506.3564786583 5800324.4571683705;629293.3595156815 5803019.610641595;PersonalVehicle
394044;07:14:57;634266.520278123 5803737.794336154;628543.9176301414 5805457.9304919755;PersonalVehicle
1066490;07:14:58;628015.0776366623 5803741.6756062815;630377.2935286161 5799276.878224155;PersonalVehicle
967275;07:14:58;631697.487179827 5807281.629769337;625495.2665135056 5806727.877555828;PersonalVehicle
869659;07:14:59;627365.1566613179 5801256.065665799;627498.1724596496 5810012.366902584;PersonalVehicle
1095012;07:14:59;631147.8787298149 5802203.693339561;631917.5148343674 5803188.839099237;PersonalVehicle
1050220;07:15:00;626007.9703933577 5801858.498716874;625506.3564786583 5800324.4571683705;PersonalVehicle
1077076;07:15:02;629144.554213099 5801906.488765273;628029.507544011 5801922.171978998;PersonalVehicle
1104738;07:15:02;631930.4616270598 5803072.537729711;630687.0734117855 5802572.746581993;PersonalVehicle
1052184;07:15:04;626063.4465160955 5801678.3326275535;625635.802743909 5801172.814779663;PersonalVehicle
1004417;07:15:05;633043.6670366549 5806669.28269552;632357.7464165204 5800288.209577048;PersonalVehicle
980475;07:15:06;627498.1724596496 5810012.366902584;627264.7627761798 5804886.175417146;PersonalVehicle
1043220;07:15:07;626073.7063788173 5804775.417085791;627949.0623574365 5801657.911046054;PersonalVehicle
1019525;07:15:08;625495.2665135056 5806727.877555828;625984.314733876 5804628.164370041;PersonalVehicle
1094265;07:15:09;630401.6607069542 5802688.063794278;632785.1810719564 5801066.797334813;PersonalVehicle
1106073;07:15:13;632233.9620836661 5802948.541226675;629135.0109694841 5800695.752736723;PersonalVehicle
1040620;07:15:14;627308.9525997665 5803098.118891984;625495.2665135056 5806727.877555828;PersonalVehicle
1115025;07:15:14;633672.1088953787 5801895.047217489;627871.8005274311 5803784.933160532;PersonalVehicle
1145510;07:15:17;625506.3564786583 5800324.4571683705;630540.5346815998 5800998.731481178;PersonalVehicle
1068376;07:15:17;628971.6458255966 5803055.551225478;631913.9173730104 5808124.069404383;PersonalVehicle
1126454;07:15:19;625506.3564786583 5800324.4571683705;627530.3759170715 5801134.025039743;PersonalVehicle
984888;07:15:20;631913.9173730104 5808124.069404383;628418.0277641724 5808434.775469348;PersonalVehicle
1064731;07:15:21;628234.5595938878 5805266.344596697;630006.3259752498 5802355.712701758;PersonalVehicle
1099444;07:15:21;631305.1782361653 5802087.966565935;625506.3564786583 5800324.4571683705;PersonalVehicle
1040894;07:15:22;626734.1784530908 5802951.826042901;625495.2665135056 5806727.877555828;PersonalVehicle
1048289;07:15:23;626134.3564863362 5803841.053846082;625506.3564786583 5800324.4571683705;PersonalVehicle
985246;07:15:23;631913.9173730104 5808124.069404383;631304.1537951402 5803918.640323695;PersonalVehicle
1134862;07:15:26;625506.3564786583 5800324.4571683705;629724.7974119964 5808342.432086317;PersonalVehicle
1234566;07:15:27;628420.5716408012 5803013.569377396;625506.3564786583 5800324.4571683705;PersonalVehicle
707050;07:15:31;634266.520278123 5803737.794336154;628997.2675437862 5804876.579136644;PersonalVehicle
1053105;07:15:32;625580.0560903222 5801318.2156746555;627562.7508118905 5804628.693749481;PersonalVehicle
671207;07:15:32;633672.1088953787 5801895.047217489;629121.1075981245 5803129.289095261;PersonalVehicle
973681;07:15:33;625495.2665135056 5806727.877555828;632438.9173983497 5801828.698849553;PersonalVehicle
1063721;07:15:33;627789.7204517414 5804416.547119049;632357.7464165204 5800288.209577048;PersonalVehicle
590123;07:15:34;634266.520278123 5803737.794336154;625587.2668338547 5803602.917450926;PersonalVehicle
968190;07:15:36;625495.2665135056 5806727.877555828;626091.9509013812 5805433.717570138;PersonalVehicle
1061800;07:15:41;627744.6275125296 5806151.37338272;625506.3564786583 5800324.4571683705;PersonalVehicle
1056321;07:15:42;625495.2665135056 5806727.877555828;629011.4260418497 5803133.762818161;PersonalVehicle
1015042;07:15:43;627498.1724596496 5810012.366902584;628143.9425745067 5809801.625792599;PersonalVehicle
1081285;07:15:44;627140.2335316144 5802091.289718327;630964.3114111976 5803861.307606163;PersonalVehicle
1043911;07:15:45;625622.6522493558 5804626.876193858;632357.7464165204 5800288.209577048;PersonalVehicle
1101660;07:15:45;632982.7692307553 5801173.919362336;632236.0017804187 5802252.987242835;PersonalVehicle
1126354;07:15:45;625506.3564786583 5800324.4571683705;629204.5577821956 5804194.873597665;PersonalVehicle
1105731;07:15:45;631793.3169643648 5802900.233380798;634266.520278123 5803737.794336154;PersonalVehicle
1000052;07:15:45;631913.9173730104 5808124.069404383;630519.2517400146 5807171.201224143;PersonalVehicle
1094903;07:15:47;630236.1792224712 5802849.091326862;632894.5000227195 5801052.36467974;PersonalVehicle
1013010;07:15:48;630510.2315261965 5808749.272931;629936.4282422023 5807882.274559499;PersonalVehicle
1098202;07:15:49;632782.0460256924 5800717.524528588;630377.2935286161 5799276.878224155;PersonalVehicle
1070238;07:15:50;630804.0489158765 5804112.272821246;625506.3564786583 5800324.4571683705;PersonalVehicle
1012972;07:15:50;630151.0700608242 5808165.614472367;625495.2665135056 5806727.877555828;PersonalVehicle
1003250;07:15:50;629969.7509798249 5805262.246674443;631913.9173730104 5808124.069404383;PersonalVehicle
1100238;07:15:52;631844.3977003295 5801814.641217795;631272.5769891276 5802076.392673088;PersonalVehicle
1012366;07:15:54;630412.7829977707 5808403.674584369;631290.714390954 5808242.470641229;PersonalVehicle
1076535;07:15:54;628683.3110636161 5801757.828247315;631221.4066511081 5802719.100461059;PersonalVehicle
1011969;07:15:56;628103.8678518523 5809143.832408836;630405.8609074 5803284.112687559;PersonalVehicle
908214;07:15:56;625495.2665135056 5806727.877555828;626035.0214486411 5806948.663092122;PersonalVehicle
1017043;07:15:57;625495.2665135056 5806727.877555828;629933.6695835236 5802437.339372353;PersonalVehicle
982447;07:15:58;627498.1724596496 5810012.366902584;629662.8335651803 5804098.680873047;PersonalVehicle
1080547;07:15:58;627039.3886048784 5801951.984638228;626478.6053812002 5801325.921726092;PersonalVehicle
1005346;07:16:00;633079.5429904351 5807162.184185346;629899.8232149045 5806679.094681127;PersonalVehicle
1124964;07:16:02;630377.2935286161 5799276.878224155;628859.9304698629 5802223.934824158;PersonalVehicle
1079095;07:16:02;629299.0919773394 5802501.823643623;627498.1724596496 5810012.366902584;PersonalVehicle
1026933;07:16:05;625506.3564786583 5800324.4571683705;626488.6025377699 5801700.439509103;PersonalVehicle
1126129;07:16:08;625506.3564786583 5800324.4571683705;628948.4965447094 5801906.224671739;PersonalVehicle
1094976;07:16:09;630803.4421122083 5802533.08919195;630504.3417864382 5801365.69693655;PersonalVehicle
1078434;07:16:09;629419.7117007471 5802096.292474946;630377.2935286161 5799276.878224155;PersonalVehicle
1105794;07:16:11;631870.652161442 5803126.43617851;630638.0118659599 5802605.475951109;PersonalVehicle
1149926;07:16:11;625506.3564786583 5800324.4571683705;628738.037101524 5803792.951939873;PersonalVehicle
1571875;07:16:12;629176.8961450692 5802354.960038013;625506.3564786583 5800324.4571683705;PersonalVehicle
402517;07:16:13;634266.520278123 5803737.794336154;630008.2435630909 5802772.109865384;PersonalVehicle
1066560;07:16:13;628195.485792046 5803555.338321138;625506.3564786583 5800324.4571683705;PersonalVehicle
1034035;07:16:15;627560.6888848128 5804276.463153935;625495.2665135056 5806727.877555828;PersonalVehicle
1044036;07:16:17;626578.133457289 5804969.563296288;631113.5209847626 5803535.94513868;PersonalVehicle
1093353;07:16:18;630600.4930899509 5802366.091727901;631913.9173730104 5808124.069404383;PersonalVehicle
865684;07:16:18;627498.1724596496 5810012.366902584;630600.4930899509 5802366.091727901;PersonalVehicle
377619;07:16:18;634266.520278123 5803737.794336154;628997.2675437862 5804876.579136644;PersonalVehicle
755523;07:16:18;632331.5418828365 5803470.824026906;633672.1088953787 5801895.047217489;PersonalVehicle
1110822;07:16:19;632357.7464165204 5800288.209577048;629739.8045703075 5804057.8793963725;PersonalVehicle
1035962;07:16:19;627722.9659502201 5803530.309710191;628749.4555455135 5803045.27981473;PersonalVehicle
1071680;07:16:20;629637.4243223894 5803053.653745116;627394.1417958122 5801349.123283796;PersonalVehicle
769169;07:16:22;632357.7464165204 5800288.209577048;627433.1093544565 5801428.94202933;PersonalVehicle
1051897;07:16:22;625732.246274221 5801989.41844474;630377.2935286161 5799276.878224155;PersonalVehicle
1106726;07:16:22;632142.8778169062 5803094.324493039;632357.7464165204 5800288.209577048;PersonalVehicle
1009216;07:16:23;630178.5480682165 5806589.54097343;630521.2938531572 5808519.07836326;PersonalVehicle
1189914;07:16:24;633672.1088953787 5801895.047217489;627385.3469974356 5806453.485200158;PersonalVehicle
988633;07:16:24;631913.9173730104 5808124.069404383;628502.3684767063 5803075.946667101;PersonalVehicle
1037054;07:16:24;627095.0259125774 5803517.306619359;630910.944974377 5804260.347726828;PersonalVehicle
1142827;07:16:26;625506.3564786583 5800324.4571683705;628760.0970144244 5804286.255425259;PersonalVehicle
865735;07:16:26;627498.1724596496 5810012.366902584;631427.0766289446 5806477.356084689;PersonalVehicle
1054848;07:16:28;625506.3564786583 5800324.4571683705;626217.188283476 5802195.550074621;PersonalVehicle
1050849;07:16:28;626083.7244144867 5802615.938305622;634266.520278123 5803737.794336154;PersonalVehicle
1036224;07:16:30;627669.0026906631 5803478.913416796;629441.7094419505 5804044.116627993;PersonalVehicle
1014432;07:16:31;629570.437468287 5809278.044710433;628099.1353576288 5801946.125483957;PersonalVehicle
1005760;07:16:32;632652.0438330347 5807032.453331677;632621.1314652268 5807005.251063281;PersonalVehicle
1111295;07:16:33;633672.1088953787 5801895.047217489;628735.5206964392 5804380.961206917;PersonalVehicle
1010226;07:16:35;629898.3343430042 5805914.233588344;629187.9783715345 5808088.186820731;PersonalVehicle
1000710;07:16:35;631913.9173730104 5808124.069404383;626458.1951004326 5806052.297215694;PersonalVehicle
926056;07:16:35;625495.2665135056 5806727.877555828;627464.8121495778 5806372.944201251;PersonalVehicle
449264;07:16:35;634266.520278123 5803737.794336154;627505.0822032725 5806367.066107949;PersonalVehicle
1083777;07:16:35;627802.5932518601 5801259.805083212;628127.6788018793 5801402.919228581;PersonalVehicle
1077831;07:16:37;629288.0387498455 5802296.449465949;629091.200890685 5801549.123437019;PersonalVehicle
1050018;07:16:38;626265.9631852733 5803702.624504637;632357.7464165204 5800288.209577048;PersonalVehicle
1042097;07:16:38;625956.2702199831 5805175.852845931;625495.2665135056 5806727.877555828;PersonalVehicle
1046638;07:16:39;625702.6017101903 5804317.825404616;625495.2665135056 5806727.877555828;PersonalVehicle
1070023;07:16:39;630691.0992298113 5804030.444732559;629204.5577821956 5804194.873597665;PersonalVehicle
1017638;07:16:40;625495.2665135056 5806727.877555828;628402.3740853604 5803375.471064945;PersonalVehicle
1284023;07:16:42;625506.3564786583 5800324.4571683705;628230.0794870944 5802995.11815063;PersonalVehicle
1045384;07:16:43;626706.9123713681 5804499.059151893;626810.7455386351 5804008.643367108;PersonalVehicle
979710;07:16:43;627498.1724596496 5810012.366902584;631057.9910851108 5806635.438559747;PersonalVehicle
1476979;07:16:43;625506.3564786583 5800324.4571683705;626548.0281284461 5801511.088693676;PersonalVehicle
1046877;07:16:43;634266.520278123 5803737.794336154;626617.090203511 5804173.687271611;PersonalVehicle
1616506;07:16:44;625506.3564786583 5800324.4571683705;628611.8109894983 5802599.68684958;PersonalVehicle
922835;07:16:44;628617.0629433583 5802967.008940383;625495.2665135056 5806727.877555828;PersonalVehicle
1082443;07:16:46;628066.8020658998 5801476.71708455;626431.5306641824 5803283.288402925;PersonalVehicle
1050198;07:16:47;626167.5699689782 5801902.4411957115;628945.6004314414 5801754.959797192;PersonalVehicle
1160488;07:16:48;629939.1079526255 5801203.653635603;633672.1088953787 5801895.047217489;PersonalVehicle
1057665;07:16:48;629348.0378680563 5803883.894664108;625506.3564786583 5800324.4571683705;PersonalVehicle
1073197;07:16:49;628323.1259981827 5801844.177541487;625506.3564786583 5800324.4571683705;PersonalVehicle
1081617;07:16:50;629889.544627308 5802635.560425399;632157.1339133773 5801647.878936675;PersonalVehicle
899934;07:16:52;627498.1724596496 5810012.366902584;628563.378934398 5802472.078472148;PersonalVehicle
1393966;07:16:52;625506.3564786583 5800324.4571683705;627262.6364791602 5805494.774812704;PersonalVehicle
1085033;07:16:52;628654.7135179178 5801203.964987428;628867.7990519425 5801099.324383406;PersonalVehicle
1080280;07:16:54;629742.9458259732 5802196.226552022;631045.1685108856 5802198.450045031;PersonalVehicle
1110399;07:16:55;632357.7464165204 5800288.209577048;627456.1969587618 5806693.798965411;PersonalVehicle
909372;07:17:01;625495.2665135056 5806727.877555828;630149.7802185246 5803913.2247586595;PersonalVehicle
1065324;07:17:02;628647.9045592758 5804705.517373542;626176.8003665131 5803696.969628724;PersonalVehicle
1085818;07:17:03;628783.3789410052 5801087.6049700985;631004.8944412979 5801405.05446863;PersonalVehicle
1099333;07:17:04;631069.6751137648 5801319.570271667;630482.2877339621 5803250.061984179;PersonalVehicle
1061661;07:17:05;628895.2366838437 5804948.968526551;628094.7040203372 5803865.5437365025;PersonalVehicle
1005432;07:17:05;632754.4996108742 5807295.099885398;632836.7002580587 5806940.4988079965;PersonalVehicle
1064050;07:17:05;628669.5742547207 5804746.650641785;627738.4669377299 5803943.842226781;PersonalVehicle
1006726;07:17:05;631238.0300638282 5806467.613979217;629766.8718877733 5804076.497989878;PersonalVehicle
1088608;07:17:06;629339.3368570469 5800684.7356839245;625506.3564786583 5800324.4571683705;PersonalVehicle
992331;07:17:06;631913.9173730104 5808124.069404383;629613.3672738454 5802520.967535405;PersonalVehicle
1003204;07:17:07;633573.7899397117 5805599.736700344;631913.9173730104 5808124.069404383;PersonalVehicle
1096094;07:17:08;631007.0265916693 5802607.604803603;631255.0439106477 5802329.651310367;PersonalVehicle
1062713;07:17:09;628403.5429032866 5805240.501919267;634266.520278123 5803737.794336154;PersonalVehicle
1053161;07:17:09;625495.2665135056 5806727.877555828;629809.820890517 5803064.455512768;PersonalVehicle
852236;07:17:10;631913.9173730104 5808124.069404383;627498.9645223002 5801516.050562453;PersonalVehicle
1067873;07:17:14;629100.9429714623 5803416.187527834;628278.9748296817 5803861.87061044;PersonalVehicle
1104611;07:17:16;631991.9298966199 5803437.362619839;632357.7464165204 5800288.209577048;PersonalVehicle
1086026;07:17:16;628144.14838454 5801755.278920931;628753.123283448 5801198.5889094295;PersonalVehicle
1060112;07:17:18;627362.6143051011 5807808.804907977;627418.8533370155 5804923.512149207;PersonalVehicle
1160371;07:17:19;633672.1088953787 5801895.047217489;627769.1217394926 5806150.019823002;PersonalVehicle
1008476;07:17:21;631061.7743340415 5806290.40537486;632357.7464165204 5800288.209577048;PersonalVehicle
1045824;07:17:21;626083.0360968028 5804010.374897583;630393.930351627 5802887.214142243;PersonalVehicle
1037329;07:17:22;627044.3955660884 5803697.8467046255;630377.2935286161 5799276.878224155;PersonalVehicle
1077965;07:17:22;629490.1002009198 5801776.502981263;625506.3564786583 5800324.4571683705;PersonalVehicle
975585;07:17:23;625495.2665135056 5806727.877555828;629517.9935276017 5804307.692544271;PersonalVehicle
1034000;07:17:23;627472.482278212 5804569.884223371;627498.1724596496 5810012.366902584;PersonalVehicle
1008453;07:17:25;631104.4458876499 5806592.66054526;629951.2537986289 5805954.58154606;PersonalVehicle
1127628;07:17:25;625506.3564786583 5800324.4571683705;629170.5482022484 5802720.6316386815;PersonalVehicle
1043729;07:17:25;626041.7193903022 5804864.837849933;632357.7464165204 5800288.209577048;PersonalVehicle
1033828;07:17:26;627468.1162790164 5804976.366212763;629851.0549169986 5803795.767744206;PersonalVehicle
1083761;07:17:27;627565.6597018555 5801383.627397876;632357.7464165204 5800288.209577048;PersonalVehicle
1065538;07:17:28;628417.5582591678 5804742.761003538;631332.6076511987 5801178.667787893;PersonalVehicle
1121817;07:17:29;633672.1088953787 5801895.047217489;628901.8440781733 5804626.40834694;PersonalVehicle
1106517;07:17:29;632169.7647812129 5803008.840478329;634266.520278123 5803737.794336154;PersonalVehicle
1046481;07:17:31;625702.6017101903 5804317.825404616;626491.0472927026 5804535.575463798;PersonalVehicle
1032612;07:17:37;627487.089566888 5804916.794291886;625495.2665135056 5806727.877555828;PersonalVehicle
882326;07:17:37;627498.1724596496 5810012.366902584;627253.8141406459 5805667.813148595;PersonalVehicle
1002949;07:17:38;632699.6016533875 5806305.519272169;633122.7717336462 5806788.389999457;PersonalVehicle
1013234;07:17:39;630726.6546953542 5808760.112288155;632357.7464165204 5800288.209577048;PersonalVehicle
1014617;07:17:39;628951.9560368522 5809625.466629636;628323.5002891342 5809429.202452664;PersonalVehicle
1050116;07:17:39;626217.188283476 5802195.550074621;628436.6156065788 5805364.069400793;PersonalVehicle
1161096;07:17:40;633672.1088953787 5801895.047217489;629296.3437628719 5804211.060957833;PersonalVehicle
1058767;07:17:40;629082.0306051727 5804630.131356361;633672.1088953787 5801895.047217489;PersonalVehicle
1013768;07:17:41;630110.5131004774 5808261.490324628;625495.2665135056 5806727.877555828;PersonalVehicle
398509;07:17:42;634266.520278123 5803737.794336154;631392.7763530324 5802996.498651418;PersonalVehicle
1109988;07:17:43;632357.7464165204 5800288.209577048;629002.3844015488 5801848.015116991;PersonalVehicle
1003451;07:17:43;630238.7194440908 5805206.096172225;630642.9372001735 5805823.615994686;PersonalVehicle
1096782;07:17:45;631549.7569431335 5802736.404548624;625506.3564786583 5800324.4571683705;PersonalVehicle
998866;07:17:45;634266.520278123 5803737.794336154;630041.1828583941 5802290.185529585;PersonalVehicle
1034276;07:17:46;627129.5325782453 5803951.492482465;625495.2665135056 5806727.877555828;PersonalVehicle
998098;07:17:46;634266.520278123 5803737.794336154;626585.9798024639 5803276.179772103;PersonalVehicle
1126621;07:17:46;625506.3564786583 5800324.4571683705;628615.3539976078 5804848.87179406;PersonalVehicle
1111021;07:17:46;633672.1088953787 5801895.047217489;630035.5278792087 5803467.675447433;PersonalVehicle
1032182;07:17:48;627237.2697946213 5805054.671006726;627621.0071946138 5805265.456394812;PersonalVehicle
1067296;07:17:50;628043.9181284104 5804261.37201051;625495.2665135056 5806727.877555828;PersonalVehicle
849720;07:17:51;631913.9173730104 5808124.069404383;628761.271395497 5804811.264718295;PersonalVehicle
1007303;07:17:52;632534.9608866178 5807447.2672671145;634266.520278123 5803737.794336154;PersonalVehicle
1080105;07:17:56;629406.6073021487 5802541.000613837;625506.3564786583 5800324.4571683705;PersonalVehicle
1088793;07:17:57;630096.4956741618 5800696.7340696575;625506.3564786583 5800324.4571683705;PersonalVehicle
1037684;07:17:59;627323.0732002755 5803263.031016875;631856.318686568 5807574.415785871;PersonalVehicle
990691;07:18:01;631913.9173730104 5808124.069404383;630373.672990742 5806410.2562135225;PersonalVehicle
996406;07:18:01;631913.9173730104 5808124.069404383;631795.2779005885 5804778.573806978;PersonalVehicle
1087251;07:18:01;629620.2037895189 5800731.600796041;632357.7464165204 5800288.209577048;PersonalVehicle
904376;07:18:03;627498.1724596496 5810012.366902584;630388.4744768746 5805562.88331212;PersonalVehicle
1068851;07:18:04;628683.4937098689 5803277.595905631;627893.7687818287 5804201.68292177;PersonalVehicle
932553;07:18:07;629193.3045559084 5803148.340971872;625506.3564786583 5800324.4571683705;PersonalVehicle
1015277;07:18:08;629231.1184361958 5809696.107041635;631798.9099349548 5807498.532995074;PersonalVehicle
960645;07:18:09;625495.2665135056 5806727.877555828;631884.6435307239 5807764.016731187;PersonalVehicle
1154459;07:18:12;625506.3564786583 5800324.4571683705;628172.379636002 5806119.0897929575;PersonalVehicle
1103940;07:18:14;631806.3924356644 5803002.066356847;634266.520278123 5803737.794336154;PersonalVehicle
950531;07:18:15;625495.2665135056 5806727.877555828;629983.8713665149 5804076.596428559;PersonalVehicle
1073648;07:18:16;627539.6179862159 5801983.438536231;631913.9173730104 5808124.069404383;PersonalVehicle
1068183;07:18:16;628713.349023627 5802880.49773843;631913.9173730104 5808124.069404383;PersonalVehicle
1085934;07:18:16;628963.3848365821 5800969.386845825;625506.3564786583 5800324.4571683705;PersonalVehicle
403852;07:18:16;634266.520278123 5803737.794336154;628795.5689879189 5804139.601125154;PersonalVehicle
1086479;07:18:17;629031.0946435374 5801408.107077314;630377.2935286161 5799276.878224155;PersonalVehicle
1088705;07:18:17;629344.2067569658 5800842.844543861;630161.9609492221 5800864.1893725125;PersonalVehicle
499973;07:18:18;634266.520278123 5803737.794336154;629315.9404174233 5804499.872728494;PersonalVehicle
1175231;07:18:19;634266.520278123 5803737.794336154;627660.8396496404 5806269.14445733;PersonalVehicle
843451;07:18:19;631913.9173730104 5808124.069404383;626530.1249390959 5803817.305481827;PersonalVehicle
1104370;07:18:20;631839.2679837465 5803354.683384451;625506.3564786583 5800324.4571683705;PersonalVehicle
1082289;07:18:20;626687.7048381326 5801270.430302674;628241.7163518887 5802144.111854584;PersonalVehicle
1107556;07:18:22;632465.7078402174 5803439.7914701225;634266.520278123 5803737.794336154;PersonalVehicle
1281364;07:18:23;625506.3564786583 5800324.4571683705;626328.4820055957 5803768.52793148;PersonalVehicle
1105051;07:18:23;631711.2545964239 5802935.68504777;631917.2311289591 5803128.896851755;PersonalVehicle
1042136;07:18:24;625805.7370243273 5804540.212931897;625506.3564786583 5800324.4571683705;PersonalVehicle
1112425;07:18:24;633672.1088953787 5801895.047217489;629695.1146332661 5801951.325946607;PersonalVehicle
909197;07:18:25;625495.2665135056 5806727.877555828;630880.1613103284 5799935.635727358;PersonalVehicle
1125171;07:18:25;632357.7464165204 5800288.209577048;631712.7925801999 5802346.705482372;PersonalVehicle
1421559;07:18:26;630377.2935286161 5799276.878224155;629537.8220712682 5804137.228052828;PersonalVehicle
1042599;07:18:26;626223.8162465488 5805431.439547361;626006.899185338 5805384.414855136;PersonalVehicle
1101584;07:18:28;632062.0681906 5802004.403086661;632357.7464165204 5800288.209577048;PersonalVehicle
1148981;07:18:30;625506.3564786583 5800324.4571683705;628678.2183741753 5805005.660970178;PersonalVehicle
1099672;07:18:30;632032.773639436 5801483.271886384;630625.310671362 5799835.221122106;PersonalVehicle
1032869;07:18:32;627504.5079370589 5805302.551085682;625495.2665135056 5806727.877555828;PersonalVehicle
1085214;07:18:32;629473.9515077628 5801444.9177751625;625506.3564786583 5800324.4571683705;PersonalVehicle
1079345;07:18:32;629693.9798664867 5801658.388502611;630957.218690776 5801041.824270222;PersonalVehicle
1081549;07:18:35;626627.3992202523 5801701.736082929;629371.752244396 5803061.427542081;PersonalVehicle
1095386;07:18:36;631134.0269390448 5802379.531596832;625506.3564786583 5800324.4571683705;PersonalVehicle
1049015;07:18:37;626435.9705359493 5803252.174773637;625506.3564786583 5800324.4571683705;PersonalVehicle
1017470;07:18:38;625495.2665135056 5806727.877555828;626097.7152112331 5805140.852332076;PersonalVehicle
1022563;07:18:38;625506.3564786583 5800324.4571683705;627713.946400946 5801449.612089253;PersonalVehicle
1066303;07:18:40;628345.0055059004 5804071.471144505;627819.9383607375 5804052.609388419;PersonalVehicle
1040387;07:18:42;626940.7264743162 5803008.118137418;625506.3564786583 5800324.4571683705;PersonalVehicle
1046715;07:18:42;626345.6992001566 5803466.313145479;626038.6775997556 5801867.76527138;PersonalVehicle
1005969;07:18:42;630631.2795787151 5808702.060127694;631913.9173730104 5808124.069404383;PersonalVehicle
1416766;07:18:45;625506.3564786583 5800324.4571683705;627929.2656136964 5805876.147791921;PersonalVehicle
1044189;07:18:45;626368.4377130119 5804944.436711449;629123.1752256828 5804584.641402674;PersonalVehicle
1065099;07:18:48;625506.3564786583 5800324.4571683705;628466.0454808618 5804830.190158961;PersonalVehicle
1049899;07:18:48;626232.9023333365 5803399.435342969;631101.8315795931 5804313.326266006;PersonalVehicle
1162570;07:18:50;634266.520278123 5803737.794336154;631895.3139567471 5807757.310380078;PersonalVehicle
1097613;07:18:50;625495.2665135056 5806727.877555828;631040.4311152642 5803179.164815297;PersonalVehicle
1061864;07:18:52;628110.8472954461 5805460.186707138;634266.520278123 5803737.794336154;PersonalVehicle
1014434;07:18:53;628407.8521033936 5809457.498600257;629323.9714745122 5809547.09064623;PersonalVehicle
904242;07:18:54;627498.1724596496 5810012.366902584;629777.1588205595 5803749.0355209485;PersonalVehicle
1081712;07:18:54;626645.0140609059 5801492.534815175;626745.7889324642 5801650.235457098;PersonalVehicle
1168173;07:18:54;634266.520278123 5803737.794336154;628013.1724765879 5805935.177878369;PersonalVehicle
571573;07:18:55;634266.520278123 5803737.794336154;628242.1013433193 5803488.352790578;PersonalVehicle
1009827;07:18:55;630381.2878864082 5806564.72002534;630606.0754201695 5802203.915248761;PersonalVehicle
1074674;07:18:56;627498.1724596496 5810012.366902584;628659.908869263 5802487.81050831;PersonalVehicle
1064615;07:18:58;628334.9311536562 5804894.406227566;625506.3564786583 5800324.4571683705;PersonalVehicle
780938;07:18:58;628916.9081140155 5804560.4505836135;628744.7755209939 5803631.8434504345;PersonalVehicle
1071041;07:18:59;630496.7788829952 5803702.109520236;630507.1027774148 5802158.831525264;PersonalVehicle
1068556;07:19:00;628357.8422170405 5803097.075560311;630377.2935286161 5799276.878224155;PersonalVehicle
1035593;07:19:00;627390.2262012437 5804422.075961071;627895.600089094 5803806.761126869;PersonalVehicle
1106574;07:19:00;632353.8046313446 5803418.691008848;630040.2583106937 5806084.32701056;PersonalVehicle
961465;07:19:00;627498.1724596496 5810012.366902584;627401.3540140803 5802084.171293412;PersonalVehicle
1114964;07:19:01;633672.1088953787 5801895.047217489;625924.9309917799 5803542.869444373;PersonalVehicle
1085344;07:19:02;629181.1206984753 5801056.927941576;628528.7952446765 5806016.4826720385;PersonalVehicle
1297162;07:19:02;625506.3564786583 5800324.4571683705;630781.1114519517 5802063.627175787;PersonalVehicle
1099994;07:19:05;631985.2380090872 5801460.8531070985;632372.4106718381 5801956.2490936;PersonalVehicle
1017852;07:19:05;625495.2665135056 5806727.877555828;626797.0964875426 5803669.389698612;PersonalVehicle
1075729;07:19:07;629246.1535401895 5801109.845183453;628882.0818203108 5802264.271017242;PersonalVehicle
1110786;07:19:08;632357.7464165204 5800288.209577048;627856.0864198261 5801741.322583512;PersonalVehicle
1095232;07:19:08;631103.3864937073 5802294.800949386;629325.6415907645 5804226.5527281305;PersonalVehicle
961790;07:19:08;627498.1724596496 5810012.366902584;629393.6331856786 5803213.204640484;PersonalVehicle
1093381;07:19:09;630266.9840284949 5802584.848692935;625506.3564786583 5800324.4571683705;PersonalVehicle
911922;07:19:10;625495.2665135056 5806727.877555828;626277.30123052 5803884.519086213;PersonalVehicle
1158249;07:19:10;625506.3564786583 5800324.4571683705;628768.7171984926 5804359.952190341;PersonalVehicle
1071364;07:19:10;630869.0321727104 5803798.241597129;631913.9173730104 5808124.069404383;PersonalVehicle
1044655;07:19:11;626559.8252134754 5804210.8971616905;626615.0540471695 5804084.338143959;PersonalVehicle
737643;07:19:11;632357.7464165204 5800288.209577048;626418.6909482138 5803410.560551115;PersonalVehicle
1100556;07:19:11;632146.8609374547 5801612.318086818;630377.2935286161 5799276.878224155;PersonalVehicle
1024883;07:19:14;625495.2665135056 5806727.877555828;628366.7467655165 5802277.630661826;PersonalVehicle
1086214;07:19:15;628952.7735704372 5800793.585274591;625824.2448667713 5801275.50047752;PersonalVehicle
1014322;07:19:16;629528.1841884563 5809443.117810887;625506.3564786583 5800324.4571683705;PersonalVehicle
1103472;07:19:17;631693.0411884252 5804829.483531231;633672.1088953787 5801895.047217489;PersonalVehicle
1032499;07:19:17;627326.4790360724 5804974.169907459;629170.5482022484 5802720.6316386815;PersonalVehicle
1104004;07:19:17;631709.7806959955 5803010.669225742;632542.6893178495 5800568.450557007;PersonalVehicle
994403;07:19:21;631913.9173730104 5808124.069404383;628471.7140679384 5805788.647897943;PersonalVehicle
1042618;07:19:22;626018.4184634899 5804929.64306869;627178.694025611 5801587.36873926;PersonalVehicle
866234;07:19:22;627498.1724596496 5810012.366902584;630688.130164939 5803909.075134798;PersonalVehicle
1035777;07:19:24;627266.2639685934 5803934.600261406;627390.3962694872 5804363.993595312;PersonalVehicle
1454413;07:19:25;625506.3564786583 5800324.4571683705;628467.5365290374 5804686.924320739;PersonalVehicle
1063398;07:19:25;627869.6664289196 5804661.707574356;630377.2935286161 5799276.878224155;PersonalVehicle
1075308;07:19:28;628922.1157043936 5801768.005688698;628435.665531471 5803283.023825721;PersonalVehicle
1372768;07:19:29;625506.3564786583 5800324.4571683705;630368.1192110791 5802143.874627978;PersonalVehicle
1032949;07:19:31;627147.6883508249 5804876.235394392;630340.5384627705 5801727.382726594;PersonalVehicle
1105557;07:19:31;631884.1088963656 5803247.737333366;628196.5298714108 5803160.606701081;PersonalVehicle
1161403;07:19:32;633672.1088953787 5801895.047217489;628342.3703132055 5806065.53438592;PersonalVehicle
1049600;07:19:32;625864.4504171557 5803760.072129971;626985.3843680813 5803122.963423681;PersonalVehicle
1159832;07:19:34;633672.1088953787 5801895.047217489;627569.6735140403 5801341.402433978;PersonalVehicle
904505;07:19:36;627498.1724596496 5810012.366902584;629179.3798945831 5803900.81065509;PersonalVehicle
1006721;07:19:37;631847.658548931 5807499.026518621;632467.4984171423 5807497.034318284;PersonalVehicle
1319420;07:19:38;625506.3564786583 5800324.4571683705;628656.2029015059 5802889.091641808;PersonalVehicle
1086588;07:19:43;628614.8814696418 5801136.789488768;634266.520278123 5803737.794336154;PersonalVehicle
1097203;07:19:43;631245.1145626011 5803050.802099145;629341.4920853386 5803258.684563009;PersonalVehicle
1020590;07:19:43;625506.3564786583 5800324.4571683705;632330.8753963236 5803038.792703308;PersonalVehicle
1040793;07:19:44;627017.3762157226 5802900.63651399;626105.4644328137 5802674.25401323;PersonalVehicle
1043699;07:19:44;626196.5848034868 5805365.307746415;627498.1724596496 5810012.366902584;PersonalVehicle
1108590;07:19:44;632357.7464165204 5800288.209577048;627770.9541550603 5801291.413984686;PersonalVehicle
1062223;07:19:47;628232.3959293404 5805388.520621255;634266.520278123 5803737.794336154;PersonalVehicle
998171;07:19:48;634266.520278123 5803737.794336154;631088.1311734866 5806444.236612949;PersonalVehicle
1038496;07:19:48;626791.2116454298 5802954.499889036;625506.3564786583 5800324.4571683705;PersonalVehicle
717131;07:19:52;633672.1088953787 5801895.047217489;629081.8843226298 5804034.143695537;PersonalVehicle
1007583;07:19:52;631763.6740077853 5807617.275331599;631603.5169709718 5806360.899430977;PersonalVehicle
1011573;07:19:53;628692.1612171177 5808612.273176801;625495.2665135056 5806727.877555828;PersonalVehicle
927623;07:19:57;625495.2665135056 5806727.877555828;627777.680718045 5804539.545469216;PersonalVehicle
779697;07:19:57;633672.1088953787 5801895.047217489;632444.8854620119 5802540.66540923;PersonalVehicle
891122;07:19:58;627498.1724596496 5810012.366902584;626274.9622467966 5804885.026372947;PersonalVehicle
1036153;07:19:59;626817.830663166 5803461.004712639;634266.520278123 5803737.794336154;PersonalVehicle
1080000;07:19:59;629844.2515649983 5801641.387445458;628176.9964182202 5805080.02362927;PersonalVehicle
1075677;07:20:00;628699.3571674677 5801589.339719977;625506.3564786583 5800324.4571683705;PersonalVehicle
1135249;07:20:01;625506.3564786583 5800324.4571683705;626851.9692397028 5803852.636913614;PersonalVehicle
1135505;07:20:02;625506.3564786583 5800324.4571683705;628144.14838454 5801755.278920931;PersonalVehicle
1058746;07:20:03;629003.7457818654 5804527.709772016;632357.7464165204 5800288.209577048;PersonalVehicle
1161297;07:20:04;628393.5108230544 5802954.637875921;633672.1088953787 5801895.047217489;PersonalVehicle
1033135;07:20:07;627414.1199336536 5805369.614180166;627498.1724596496 5810012.366902584;PersonalVehicle
1008720;07:20:08;631077.4324890167 5806557.478908184;632357.7464165204 5800288.209577048;PersonalVehicle
1014070;07:20:08;630809.3319283016 5808343.900572447;630368.9025370738 5808317.668058873;PersonalVehicle
1106576;07:20:10;631375.2938851826 5807472.50089566;632120.1785410793 5803323.231766432;PersonalVehicle
941333;07:20:10;625495.2665135056 5806727.877555828;632620.2749007901 5804402.313861972;PersonalVehicle
1062983;07:20:12;628001.436738793 5806038.887889867;625495.2665135056 5806727.877555828;PersonalVehicle
1102392;07:20:13;631602.8153066491 5804372.40248699;631978.6448309794 5804796.105186353;PersonalVehicle
1092503;07:20:13;630578.9857616238 5802202.306825096;625506.3564786583 5800324.4571683705;PersonalVehicle
1011602;07:20:15;628670.988135517 5807753.6591096;631296.9941250099 5802985.092750254;PersonalVehicle
967202;07:20:15;625495.2665135056 5806727.877555828;627838.1478811624 5803900.220562868;PersonalVehicle
1068688;07:20:15;629293.0306076098 5803033.78937206;633672.1088953787 5801895.047217489;PersonalVehicle
1096198;07:20:17;630634.9809377692 5802518.782842299;631052.5643640237 5803337.668888011;PersonalVehicle
1070655;07:20:18;630416.0372611459 5803262.16432191;631294.646717679 5802751.530251914;PersonalVehicle
1534850;07:20:18;625506.3564786583 5800324.4571683705;632043.5302784597 5807398.099990724;PersonalVehicle
1187874;07:20:19;633672.1088953787 5801895.047217489;629761.8460228343 5803584.866180722;PersonalVehicle
1095328;07:20:20;630877.1415973015 5802234.850312586;627724.54519247 5803131.072966882;PersonalVehicle
1094749;07:20:21;630693.7821682234 5802043.404923988;625506.3564786583 5800324.4571683705;PersonalVehicle
1069073;07:20:22;629487.9087957283 5802688.188218867;627498.1724596496 5810012.366902584;PersonalVehicle
1078521;07:20:22;629594.3493272112 5801751.767279484;634266.520278123 5803737.794336154;PersonalVehicle
1068746;07:20:25;629470.3088497927 5803095.427834013;628972.000891978 5802120.015116374;PersonalVehicle
1075741;07:20:26;628882.9749364767 5801519.919029245;628502.3035598363 5805915.409274959;PersonalVehicle
1106340;07:20:27;632090.8701818249 5803420.132920931;634266.520278123 5803737.794336154;PersonalVehicle
1052172;07:20:28;626121.8335870086 5802252.488555686;625495.2665135056 5806727.877555828;PersonalVehicle
1027229;07:20:29;625506.3564786583 5800324.4571683705;627962.9036605066 5801351.005289684;PersonalVehicle
1100056;07:20:30;631292.733552609 5802238.897007193;629029.5396122612 5803922.65505263;PersonalVehicle
1140094;07:20:30;625506.3564786583 5800324.4571683705;629047.1242085001 5802590.00997347;PersonalVehicle
1002767;07:20:31;630518.3310178266 5805759.0268448945;629681.4618928094 5804158.948932299;PersonalVehicle
869361;07:20:32;627498.1724596496 5810012.366902584;630016.2054211274 5804049.896321614;PersonalVehicle
1047254;07:20:32;625820.9478764492 5803863.190237398;630377.2935286161 5799276.878224155;PersonalVehicle
1037363;07:20:32;627748.3406460268 5803543.358364079;628437.9877128534 5803304.621628354;PersonalVehicle
1078651;07:20:33;629307.6879497203 5801929.208314158;625495.2665135056 5806727.877555828;PersonalVehicle
937328;07:20:34;628371.4767498261 5803178.353499489;625506.3564786583 5800324.4571683705;PersonalVehicle
984591;07:20:34;631913.9173730104 5808124.069404383;629065.8515359397 5804294.935122878;PersonalVehicle
1014730;07:20:37;628734.8828752475 5809669.2919132905;628522.1809544628 5809137.823953986;PersonalVehicle
1078068;07:20:39;629157.0261013538 5801818.614803029;629264.5324871129 5802428.953397323;PersonalVehicle
1074500;07:20:39;628036.9870404054 5802150.583641462;625495.2665135056 5806727.877555828;PersonalVehicle
1010621;07:20:41;628492.176094007 5808285.409105127;628166.000527054 5809160.806999033;PersonalVehicle
699516;07:20:41;634266.520278123 5803737.794336154;628278.9533467924 5806017.781054032;PersonalVehicle
1630537;07:20:43;628845.0208284348 5804117.882486052;630377.2935286161 5799276.878224155;PersonalVehicle
1118371;07:20:43;632357.7464165204 5800288.209577048;629927.4729523673 5802391.281860367;PersonalVehicle
904429;07:20:44;627498.1724596496 5810012.366902584;627678.8282528663 5802127.924208693;PersonalVehicle
983904;07:20:44;631913.9173730104 5808124.069404383;631150.4377512552 5803149.375575276;PersonalVehicle
1455217;07:20:44;625506.3564786583 5800324.4571683705;631195.3810015409 5800450.723523706;PersonalVehicle
1000292;07:20:46;631913.9173730104 5808124.069404383;628090.8076808297 5805793.000921922;PersonalVehicle
1106991;07:20:46;632279.7630630552 5803220.895146214;632072.4725500878 5803378.139534495;PersonalVehicle
1474458;07:20:47;629864.8645348853 5802639.0491666505;625506.3564786583 5800324.4571683705;PersonalVehicle
1099377;07:20:47;632465.0494902392 5800470.304622735;629428.682459078 5802153.687470509;PersonalVehicle
848374;07:20:47;631913.9173730104 5808124.069404383;626671.9781728822 5803365.753813604;PersonalVehicle
1011694;07:20:48;627905.8672355055 5808820.433328037;626120.1959179925 5803445.971074881;PersonalVehicle
1073933;07:20:48;628044.2396584431 5802130.250303518;625506.3564786583 5800324.4571683705;PersonalVehicle
1104371;07:20:50;634266.520278123 5803737.794336154;632145.8799707394 5802725.428267876;PersonalVehicle
1030993;07:20:51;625506.3564786583 5800324.4571683705;626361.6246641659 5803323.051418607;PersonalVehicle
1034984;07:20:52;627570.1745116158 5804912.0911679985;629078.3417050218 5804211.841316955;PersonalVehicle
1117282;07:20:54;633672.1088953787 5801895.047217489;628328.4693045744 5804428.043835543;PersonalVehicle
1087884;07:20:55;629514.8380696664 5800771.643534876;630377.2935286161 5799276.878224155;PersonalVehicle
1008470;07:20:55;631280.9230297236 5806534.2011362165;631334.5902163377 5803913.044017684;PersonalVehicle
1165522;07:20:57;634266.520278123 5803737.794336154;625672.8246380205 5804345.554633832;PersonalVehicle
1021931;07:20:58;625506.3564786583 5800324.4571683705;625694.8497980734 5805385.370857414;PersonalVehicle
1007859;07:21:03;631504.7107095656 5807057.337214352;632481.1155854934 5806607.049793636;PersonalVehicle
956771;07:21:03;625506.3564786583 5800324.4571683705;630280.0214126793 5801899.081918839;PersonalVehicle
1134438;07:21:05;625506.3564786583 5800324.4571683705;627702.5561327748 5804022.359299197;PersonalVehicle
1142064;07:21:06;625506.3564786583 5800324.4571683705;628074.3192636892 5801825.005665383;PersonalVehicle
1033120;07:21:07;627440.2837268702 5805282.610263695;625495.2665135056 5806727.877555828;PersonalVehicle
1048726;07:21:09;626378.3808756267 5803215.692749744;632357.7464165204 5800288.209577048;PersonalVehicle
401630;07:21:11;634266.520278123 5803737.794336154;627758.308102219 5805937.462104498;PersonalVehicle
1064534;07:21:11;628309.5836935064 5804796.98723908;625940.3563214706 5804555.617367575;PersonalVehicle
1084643;07:21:12;627635.8313779851 5801076.078086677;627826.1937530648 5802329.095291308;PersonalVehicle
1077840;07:21:15;629448.4877566104 5802079.187203554;632357.7464165204 5800288.209577048;PersonalVehicle
976356;07:21:17;625495.2665135056 5806727.877555828;630678.5592795246 5804045.300262471;PersonalVehicle
1081532;07:21:17;626848.4341319854 5802069.629861225;625506.3564786583 5800324.4571683705;PersonalVehicle
392990;07:21:19;634266.520278123 5803737.794336154;630761.9853423978 5804293.005285657;PersonalVehicle
969727;07:21:23;627498.1724596496 5810012.366902584;630586.5024405883 5802382.740063306;PersonalVehicle
1049853;07:21:23;626154.3889247621 5803154.382252525;626981.4836609063 5803403.8787643;PersonalVehicle
1049318;07:21:24;626541.1182299987 5803286.60675661;626188.6465630934 5803473.371839373;PersonalVehicle
1097982;07:21:25;630625.310671362 5799835.221122106;629415.774572249 5803333.039338123;PersonalVehicle
737897;07:21:25;632357.7464165204 5800288.209577048;628198.5413122149 5802070.610561502;PersonalVehicle
1060743;07:21:25;628484.9197495412 5805229.707447879;628298.6117531313 5805973.643713682;PersonalVehicle
1012079;07:21:26;630244.3383748357 5806373.785463596;629242.964816276 5808378.484055926;PersonalVehicle
1042932;07:21:27;626064.7590698148 5804714.228995612;634266.520278123 5803737.794336154;PersonalVehicle
1038028;07:21:29;627044.3955660884 5803697.8467046255;625506.3564786583 5800324.4571683705;PersonalVehicle
1003094;07:21:30;630703.6627447743 5805850.414525654;626004.3002826807 5803443.597458153;PersonalVehicle
1025621;07:21:31;625495.2665135056 5806727.877555828;628351.3776267837 5803081.597422646;PersonalVehicle
1012553;07:21:32;630279.4794353906 5808107.114934811;631913.9173730104 5808124.069404383;PersonalVehicle
1086067;07:21:33;628704.882605278 5801399.119364796;629741.4542627446 5801321.418662387;PersonalVehicle
1021878;07:21:35;625506.3564786583 5800324.4571683705;630134.4529172526 5801389.355199446;PersonalVehicle
1093266;07:21:38;630571.3768073709 5801760.435814934;625506.3564786583 5800324.4571683705;PersonalVehicle
993979;07:21:38;634266.520278123 5803737.794336154;628738.8019528746 5804633.398771105;PersonalVehicle
1130676;07:21:40;630377.2935286161 5799276.878224155;627616.4830717823 5801990.026434487;PersonalVehicle
1013695;07:21:40;630396.1169169459 5807361.732919165;629756.4205217757 5807469.135920865;PersonalVehicle
1077556;07:21:42;628947.7078279471 5802469.570001751;629545.3110920949 5804007.283938178;PersonalVehicle
1128271;07:21:44;625506.3564786583 5800324.4571683705;627004.279680007 5801458.729468859;PersonalVehicle
393564;07:21:44;634266.520278123 5803737.794336154;629087.6913727004 5803926.387387134;PersonalVehicle
1088884;07:21:47;629316.1095288015 5800535.9059137525;628870.7819161204 5802289.557190019;PersonalVehicle
469366;07:21:47;628818.460170952 5802960.853163572;634266.520278123 5803737.794336154;PersonalVehicle
992235;07:21:48;631913.9173730104 5808124.069404383;629186.5248012703 5800836.511718798;PersonalVehicle
1106275;07:21:48;632274.0400832684 5802996.8301199805;630363.7131673981 5802660.452752476;PersonalVehicle
1098792;07:21:49;631879.9467350952 5801320.041357319;631526.4521970332 5802775.653055244;PersonalVehicle
1246434;07:21:51;625506.3564786583 5800324.4571683705;628384.3773251665 5803383.018826527;PersonalVehicle
1068771;07:21:52;628818.460170952 5802960.853163572;628772.6682613805 5801368.591728903;PersonalVehicle
1068020;07:21:54;628482.7217384437 5803238.581468081;629127.0380202255 5802683.991091265;PersonalVehicle
1101247;07:21:54;632116.0281399821 5802584.103817586;627870.0856109657 5804334.533708627;PersonalVehicle
1004961;07:21:55;625506.3564786583 5800324.4571683705;632813.8621942876 5806499.124745679;PersonalVehicle
1044111;07:21:56;626342.5227623961 5805007.913019973;626942.8581844729 5803936.717424669;PersonalVehicle
1089079;07:21:57;629846.9443391945 5801069.5717427395;632357.7464165204 5800288.209577048;PersonalVehicle
1329691;07:21:59;625506.3564786583 5800324.4571683705;631216.0148795794 5800401.446081093;PersonalVehicle
1076454;07:22:00;628802.8526787568 5801997.529621348;628580.171351682 5803797.903754366;PersonalVehicle
978799;07:22:01;625495.2665135056 5806727.877555828;626512.8268653936 5804932.56001614;PersonalVehicle
1052292;07:22:01;625489.052933513 5801314.999051529;625506.3564786583 5800324.4571683705;PersonalVehicle
955676;07:22:04;625506.3564786583 5800324.4571683705;626209.8092493056 5802375.796174561;PersonalVehicle
1064390;07:22:05;627997.4972598793 5804553.401265449;625495.2665135056 5806727.877555828;PersonalVehicle
1120561;07:22:06;633672.1088953787 5801895.047217489;629448.4877566104 5802079.187203554;PersonalVehicle
1056197;07:22:09;625495.2665135056 5806727.877555828;627662.9800664893 5803144.6880816035;PersonalVehicle
1052705;07:22:09;625506.3564786583 5800324.4571683705;630316.556733425 5802519.503159969;PersonalVehicle
523337;07:22:11;634266.520278123 5803737.794336154;632562.7914325183 5800755.161093665;PersonalVehicle
1060142;07:22:11;628073.2568330271 5805975.663650614;625506.3564786583 5800324.4571683705;PersonalVehicle
1102098;07:22:12;631319.7940422373 5804929.4821129525;631172.0061581313 5800763.019107524;PersonalVehicle
1048803;07:22:12;625497.7386772108 5803295.504437434;625495.2665135056 5806727.877555828;PersonalVehicle
1024803;07:22:13;627051.328716827 5804482.456306761;625495.2665135056 5806727.877555828;PersonalVehicle
842801;07:22:15;631913.9173730104 5808124.069404383;629528.8400720328 5803829.08519235;PersonalVehicle
1134450;07:22:15;630377.2935286161 5799276.878224155;628925.7125280118 5802135.319413128;PersonalVehicle
1067170;07:22:18;628345.0055059004 5804071.471144505;625506.3564786583 5800324.4571683705;PersonalVehicle
731935;07:22:19;633672.1088953787 5801895.047217489;627397.8757283736 5804871.612958308;PersonalVehicle
1059905;07:22:20;629296.3437628719 5804211.060957833;629364.8134961447 5800945.437648945;PersonalVehicle
1070090;07:22:22;629764.5438453085 5801662.499329013;628915.7251432741 5803491.133047221;PersonalVehicle
1084029;07:22:22;632357.7464165204 5800288.209577048;627411.3714532973 5801299.42048664;PersonalVehicle
1011709;07:22:23;628754.0178034088 5807695.240817441;625506.3564786583 5800324.4571683705;PersonalVehicle
1045753;07:22:24;626679.5206405055 5804489.794790185;628571.5222385428 5804444.7288826285;PersonalVehicle
1000617;07:22:25;631913.9173730104 5808124.069404383;630359.4739813093 5802693.364206609;PersonalVehicle
1468297;07:22:26;625506.3564786583 5800324.4571683705;626970.3231134078 5801046.427420927;PersonalVehicle
1109269;07:22:27;632357.7464165204 5800288.209577048;627699.1635117526 5801749.101075063;PersonalVehicle
924147;07:22:29;625495.2665135056 5806727.877555828;625852.9964237439 5804798.836678789;PersonalVehicle
1092597;07:22:30;630363.7131673981 5802660.452752476;630456.927166062 5801824.546251789;PersonalVehicle
1099827;07:22:32;631645.8655068106 5801159.823035804;632050.3057681054 5802244.859265334;PersonalVehicle
1074806;07:22:33;628814.0746287834 5801632.868584145;634266.520278123 5803737.794336154;PersonalVehicle
914608;07:22:34;625495.2665135056 5806727.877555828;629796.7558407339 5802817.612476282;PersonalVehicle
1664971;07:22:34;625506.3564786583 5800324.4571683705;628645.4299303484 5803119.785238127;PersonalVehicle
1068717;07:22:36;628371.4767498261 5803178.353499489;631913.9173730104 5808124.069404383;PersonalVehicle
1082439;07:22:37;627109.1489766677 5801098.119306762;628136.4310511538 5801591.204784217;PersonalVehicle
383067;07:22:37;634266.520278123 5803737.794336154;627671.9412070919 5801888.7492685765;PersonalVehicle
952080;07:22:38;625495.2665135056 5806727.877555828;627092.2097953934 5803831.961049615;PersonalVehicle
1041128;07:22:41;626669.3043389944 5802665.572194076;626674.7477598364 5803486.962720291;PersonalVehicle
1050953;07:22:43;626103.4098448467 5802711.793925809;625506.3564786583 5800324.4571683705;PersonalVehicle
1077228;07:22:44;629263.8131214719 5801916.380437255;625506.3564786583 5800324.4571683705;PersonalVehicle
1094403;07:22:45;630457.1813680817 5802026.927991441;634266.520278123 5803737.794336154;PersonalVehicle
1192186;07:22:46;625506.3564786583 5800324.4571683705;629548.8736257481 5802778.319063904;PersonalVehicle
821559;07:22:47;630377.2935286161 5799276.878224155;628686.5524396892 5802966.343522118;PersonalVehicle
1365176;07:22:47;625506.3564786583 5800324.4571683705;631675.5974607294 5800351.718885856;PersonalVehicle
1112010;07:22:47;633672.1088953787 5801895.047217489;628626.3590910886 5801558.01426226;PersonalVehicle
1063242;07:22:50;628216.459334457 5804524.829016073;628023.7211165632 5804396.988285166;PersonalVehicle
1066477;07:22:51;625495.2665135056 5806727.877555828;628011.4358550818 5804181.97183216;PersonalVehicle
1115675;07:22:51;632357.7464165204 5800288.209577048;629050.389407729 5800940.284377625;PersonalVehicle
1072058;07:22:53;631402.3425758778 5804022.17689005;631913.9173730104 5808124.069404383;PersonalVehicle
1072997;07:22:53;627473.610505171 5802254.626249826;626149.7037634182 5806059.517771442;PersonalVehicle
1071914;07:22:54;630103.6305136689 5803082.930494052;625495.2665135056 5806727.877555828;PersonalVehicle
993793;07:22:55;631913.9173730104 5808124.069404383;628271.9554134702 5805699.188352172;PersonalVehicle
1004031;07:22:55;630813.7363718221 5805671.90500992;630651.6708923626 5805741.237517405;PersonalVehicle
901776;07:22:56;627498.1724596496 5810012.366902584;627393.164826187 5802258.723983896;PersonalVehicle
1035430;07:22:57;627641.7109251248 5804979.961925594;630317.0250396704 5802636.2357390635;PersonalVehicle
1011100;07:22:58;628844.8545175567 5807911.46404346;627498.1724596496 5810012.366902584;PersonalVehicle
1003042;07:23:01;630465.8452471184 5807906.556564384;630639.5775280573 5805488.443388919;PersonalVehicle
1005784;07:23:03;632609.5599750936 5806711.17674963;633672.1088953787 5801895.047217489;PersonalVehicle
1066679;07:23:04;628481.4005605031 5803798.520950636;627956.4146254407 5804331.7338915765;PersonalVehicle
1082651;07:23:05;626696.0921137091 5801263.379346114;627855.9248089623 5801116.503084817;PersonalVehicle
1065099;07:23:06;627846.6489868078 5805215.828576474;628466.0454808618 5804830.190158961;PersonalVehicle
1105071;07:23:09;631572.6720056615 5803012.147501272;625506.3564786583 5800324.4571683705;PersonalVehicle
1007816;07:23:09;631701.0521477773 5807554.554088804;631414.877843159 5806354.850115477;PersonalVehicle
974027;07:23:09;625495.2665135056 5806727.877555828;629951.4921724 5803777.438083253;PersonalVehicle
1131556;07:23:13;630377.2935286161 5799276.878224155;626492.6204513077 5803883.183938679;PersonalVehicle
1011133;07:23:13;627820.8266434011 5809114.346516212;625495.2665135056 5806727.877555828;PersonalVehicle
1003315;07:23:13;631147.896564402 5807453.349978974;632084.6871327863 5806352.833623478;PersonalVehicle
1007884;07:23:14;631557.6932567635 5806914.583907558;629900.1890008156 5806703.058649378;PersonalVehicle
1005438;07:23:16;632420.2891968703 5806590.154313482;631169.4215710779 5806403.322194284;PersonalVehicle
1103438;07:23:18;632445.1319408116 5803737.397533001;629584.4869779637 5802607.604336658;PersonalVehicle
1068001;07:23:19;628642.3145590213 5803559.683191183;628642.3145590213 5803559.683191183;PersonalVehicle
1083100;07:23:20;626398.2660418176 5800470.914563352;625936.5636286722 5804087.747442997;PersonalVehicle
1044597;07:23:23;626962.1591123748 5803927.523850056;625965.6030280814 5805397.200615538;PersonalVehicle
1007537;07:23:24;631577.7442888999 5806966.374158421;631491.9792809766 5806824.048705997;PersonalVehicle
1078928;07:23:25;628906.1003166041 5802465.34705382;625506.3564786583 5800324.4571683705;PersonalVehicle
679587;07:23:26;633672.1088953787 5801895.047217489;630726.5472686111 5800629.55827261;PersonalVehicle
1161029;07:23:30;633672.1088953787 5801895.047217489;629430.9247158362 5801877.2677762015;PersonalVehicle
1044932;07:23:31;626571.1319410751 5804161.160598733;627533.1026750661 5804712.376005076;PersonalVehicle
1095851;07:23:32;630803.4421122083 5802533.08919195;628593.6765579368 5801499.953360318;PersonalVehicle
1076532;07:23:32;628706.4226080186 5802396.008312319;625506.3564786583 5800324.4571683705;PersonalVehicle
1475514;07:23:32;625506.3564786583 5800324.4571683705;626636.6267067735 5803264.639173247;PersonalVehicle
981051;07:23:34;627498.1724596496 5810012.366902584;628541.7286758884 5802300.873114614;PersonalVehicle
893578;07:23:34;627498.1724596496 5810012.366902584;630398.494890804 5802862.24272053;PersonalVehicle
1045220;07:23:37;625776.5181333658 5803992.878610565;628034.375246131 5803900.29303501;PersonalVehicle
998473;07:23:38;634266.520278123 5803737.794336154;628733.8112130951 5804978.634852235;PersonalVehicle
1013463;07:23:39;630489.8021907796 5807642.433038068;630095.5544752345 5806498.140315461;PersonalVehicle
1035038;07:23:39;627521.3378166077 5804617.948043485;625506.3564786583 5800324.4571683705;PersonalVehicle
1055617;07:23:39;625506.3564786583 5800324.4571683705;626582.8781516935 5803621.502098838;PersonalVehicle
850686;07:23:40;631913.9173730104 5808124.069404383;632465.0494902392 5800470.304622735;PersonalVehicle
1057568;07:23:40;629641.5142140191 5803971.796569897;630110.1454951254 5804014.466269681;PersonalVehicle
1135592;07:23:41;628765.687067856 5804109.203403072;625506.3564786583 5800324.4571683705;PersonalVehicle
1093081;07:23:42;630600.570442714 5802474.498019489;632357.7464165204 5800288.209577048;PersonalVehicle
1021083;07:23:43;629499.0981407424 5800564.570554295;625506.3564786583 5800324.4571683705;PersonalVehicle
1065445;07:23:44;627783.0728136201 5804420.92766472;628031.8412635439 5804598.948744928;PersonalVehicle
983737;07:23:45;631913.9173730104 5808124.069404383;628224.701434381 5804564.861529752;PersonalVehicle
1106128;07:23:47;632122.0535477005 5802939.79766035;627498.1724596496 5810012.366902584;PersonalVehicle
1072872;07:23:47;627811.259309592 5802190.3348865425;625966.0049218442 5803409.552780161;PersonalVehicle
397893;07:23:47;634266.520278123 5803737.794336154;629977.4161528591 5803908.416327575;PersonalVehicle
1036167;07:23:48;627407.0756358935 5803617.903543867;625506.3564786583 5800324.4571683705;PersonalVehicle
888206;07:23:49;628778.9322972193 5804586.818939735;627498.1724596496 5810012.366902584;PersonalVehicle
1059786;07:23:49;628916.9081140155 5804560.4505836135;627201.7424640575 5803941.503563805;PersonalVehicle
1104269;07:23:49;631609.0352640715 5803419.560603311;625506.3564786583 5800324.4571683705;PersonalVehicle
1144026;07:23:49;625506.3564786583 5800324.4571683705;626614.7199872634 5803315.2441132;PersonalVehicle
1058165;07:23:53;629587.8612344722 5804039.733675746;628382.3224885936 5803139.254914245;PersonalVehicle
1099323;07:23:55;631675.1935581014 5801589.776546786;627899.2846873611 5802706.898494507;PersonalVehicle
1078091;07:23:56;629378.2861899504 5802375.207793507;629323.2979180445 5804044.953100879;PersonalVehicle
1010890;07:23:56;628491.7544973522 5808024.659420108;625495.2665135056 5806727.877555828;PersonalVehicle
1035561;07:23:56;627408.3882708598 5804213.5681396;629483.0949033631 5801720.77638408;PersonalVehicle
1083365;07:23:57;627675.6128753752 5801322.018964031;630439.5380599491 5802285.402329925;PersonalVehicle
1013847;07:23:57;630368.2475379466 5808498.853796646;634266.520278123 5803737.794336154;PersonalVehicle
1010785;07:23:57;629073.4520788374 5808824.842990378;627993.9293007905 5809120.360621358;PersonalVehicle
986500;07:23:57;631913.9173730104 5808124.069404383;629793.7949964027 5806147.231151361;PersonalVehicle
1160663;07:23:57;633672.1088953787 5801895.047217489;628246.8681079621 5805395.498350007;PersonalVehicle
945388;07:23:59;625495.2665135056 5806727.877555828;629640.5267403699 5804344.702322581;PersonalVehicle
1005960;07:24:00;633344.8528878895 5806052.577657027;630278.1096030463 5806403.350033538;PersonalVehicle
1005737;07:24:02;633147.0065456264 5806908.543538223;631068.4628804484 5805867.758210159;PersonalVehicle
1185074;07:24:02;634266.520278123 5803737.794336154;630630.5985167682 5801805.598478054;PersonalVehicle
822888;07:24:03;630377.2935286161 5799276.878224155;628884.0771018765 5801634.879483334;PersonalVehicle
391774;07:24:08;634266.520278123 5803737.794336154;629123.3838463026 5803991.943929867;PersonalVehicle
1100216;07:24:11;632115.9382995659 5802377.475533199;633140.235010663 5801324.374656681;PersonalVehicle
1052285;07:24:12;625630.9488040695 5801289.620166518;625837.1673444442 5805004.633415796;PersonalVehicle
1058766;07:24:13;629104.5656020193 5804063.921106443;629090.2377488716 5803878.826534527;PersonalVehicle
1106287;07:24:13;632415.845341254 5803055.364602375;632357.7464165204 5800288.209577048;PersonalVehicle
1090350;07:24:14;625506.3564786583 5800324.4571683705;627934.4225486738 5801562.330657954;PersonalVehicle
1115434;07:24:14;632357.7464165204 5800288.209577048;627699.7935471588 5800554.595906322;PersonalVehicle
1000869;07:24:18;631913.9173730104 5808124.069404383;630352.7346201211 5808090.23631815;PersonalVehicle
1654275;07:24:19;625506.3564786583 5800324.4571683705;628626.8615088231 5802074.31945756;PersonalVehicle
1058504;07:24:20;629528.6981355178 5804500.301964773;632357.7464165204 5800288.209577048;PersonalVehicle
905327;07:24:20;631265.7038645787 5807091.548571135;625495.2665135056 5806727.877555828;PersonalVehicle
1107484;07:24:20;632275.2649335904 5802933.854864097;628778.7501540075 5801549.505887257;PersonalVehicle
1105494;07:24:20;632008.7969665097 5802986.354586241;625506.3564786583 5800324.4571683705;PersonalVehicle
1013715;07:24:21;630716.9928862114 5808267.2778265085;630030.5177315244 5805835.914592533;PersonalVehicle
1102797;07:24:21;632065.1375128598 5803713.643004248;631623.191523171 5801580.793250272;PersonalVehicle
1003004;07:24:21;630511.4188647254 5805676.796559959;629619.7486938657 5804189.23866807;PersonalVehicle
1111503;07:24:22;633672.1088953787 5801895.047217489;627917.4220621977 5804316.069978319;PersonalVehicle
841012;07:24:22;627498.1724596496 5810012.366902584;631359.0560264566 5802062.551613689;PersonalVehicle
961869;07:24:23;628351.9437444345 5805233.010650675;625495.2665135056 5806727.877555828;PersonalVehicle
1105215;07:24:23;631870.8535491452 5802721.776556001;625506.3564786583 5800324.4571683705;PersonalVehicle
1084058;07:24:23;631081.806555973 5802176.893475078;631081.806555973 5802176.893475078;PersonalVehicle
1061579;07:24:26;627701.3274622422 5806291.426026086;626591.1158359684 5804656.572634306;PersonalVehicle
1049599;07:24:26;626373.5509684011 5803687.340264325;626739.9956628757 5803621.754767178;PersonalVehicle
1029929;07:24:26;625506.3564786583 5800324.4571683705;631303.4940648052 5806341.607984591;PersonalVehicle
1079552;07:24:26;632357.7464165204 5800288.209577048;629872.1607593944 5801863.230110327;PersonalVehicle
1032869;07:24:27;625495.2665135056 5806727.877555828;627504.5079370589 5805302.551085682;PersonalVehicle
1084833;07:24:28;629473.9515077628 5801444.9177751625;628050.2922607438 5802987.315550801;PersonalVehicle
1057492;07:24:29;625506.3564786583 5800324.4571683705;629982.2593288607 5803837.445505527;PersonalVehicle
1101536;07:24:30;631643.5493469321 5802167.8662240915;625506.3564786583 5800324.4571683705;PersonalVehicle
1038228;07:24:30;626688.3178897859 5803107.723550736;625506.3564786583 5800324.4571683705;PersonalVehicle
1064151;07:24:31;627799.5391353671 5804603.035016824;628220.0139184945 5806113.948129896;PersonalVehicle
1006682;07:24:33;631491.9792809766 5806824.048705997;630107.1722588725 5802591.454395177;PersonalVehicle
1060845;07:24:34;625766.7126032456 5806543.115020273;629089.9234409439 5804746.949423193;PersonalVehicle
1081572;07:24:35;626548.7937499668 5801480.301044118;628055.1617797138 5802097.579508143;PersonalVehicle
1013953;07:24:36;630016.4628158762 5807844.599696347;633672.1088953787 5801895.047217489;PersonalVehicle
554280;07:24:36;634266.520278123 5803737.794336154;626182.3412342268 5805837.172101415;PersonalVehicle
1089647;07:24:36;625506.3564786583 5800324.4571683705;627651.4043159435 5801055.3357389495;PersonalVehicle
1069782;07:24:36;631240.4353932587 5804141.680901935;631746.6009590144 5803240.924931105;PersonalVehicle
392190;07:24:38;634266.520278123 5803737.794336154;626518.3803355132 5803836.895860266;PersonalVehicle
1074358;07:24:39;628212.8065164863 5801814.8720071055;627309.8427361643 5802151.061438037;PersonalVehicle
1107440;07:24:39;632987.1918172986 5803577.776032776;626866.0136465286 5801656.793453582;PersonalVehicle
1100412;07:24:41;632357.7464165204 5800288.209577048;631690.2106121188 5801961.453764859;PersonalVehicle
1070257;07:24:41;631385.5629975372 5804013.412553274;625506.3564786583 5800324.4571683705;PersonalVehicle
1005381;07:24:42;633333.663505429 5806353.122040815;632357.7464165204 5800288.209577048;PersonalVehicle
1050638;07:24:44;626139.0966909308 5801737.180078815;625506.3564786583 5800324.4571683705;PersonalVehicle
1085517;07:24:44;629510.0246460631 5801453.277646621;625506.3564786583 5800324.4571683705;PersonalVehicle
980043;07:24:47;627498.1724596496 5810012.366902584;629664.9879494149 5804174.198227976;PersonalVehicle
892353;07:24:47;627498.1724596496 5810012.366902584;630426.595332352 5803873.496008426;PersonalVehicle
1011513;07:24:47;628590.3916410756 5808912.025069646;632357.7464165204 5800288.209577048;PersonalVehicle
983908;07:24:47;631913.9173730104 5808124.069404383;629046.6065231542 5803534.797933127;PersonalVehicle
1055943;07:24:48;625495.2665135056 5806727.877555828;625962.6148934443 5804886.556109091;PersonalVehicle
1065289;07:24:48;627847.6179621206 5804583.322045527;628377.7290711385 5804796.367488539;PersonalVehicle
1659878;07:24:49;625506.3564786583 5800324.4571683705;628667.3933135401 5802398.934459061;PersonalVehicle
852074;07:24:49;631913.9173730104 5808124.069404383;631342.9996807855 5802170.447400934;PersonalVehicle
914419;07:24:51;625495.2665135056 5806727.877555828;631057.4075005497 5800867.526675109;PersonalVehicle
410314;07:24:51;634266.520278123 5803737.794336154;629204.5577821956 5804194.873597665;PersonalVehicle
1061335;07:24:51;627668.759228986 5806107.440437816;628767.1828336349 5805669.245500756;PersonalVehicle
1035182;07:24:54;627685.8793534458 5804994.311418742;625506.3564786583 5800324.4571683705;PersonalVehicle
1770867;07:24:55;630377.2935286161 5799276.878224155;626076.3529720237 5803587.350015861;PersonalVehicle
1075432;07:24:56;628882.0818203108 5802264.271017242;628722.4568240602 5801778.34316106;PersonalVehicle
1003393;07:24:57;630355.9787184657 5805654.421563402;627498.1724596496 5810012.366902584;PersonalVehicle
712772;07:24:57;634266.520278123 5803737.794336154;629329.3647196398 5804286.9750355985;PersonalVehicle
1096517;07:24:59;631247.3278518483 5803187.788107808;627498.1724596496 5810012.366902584;PersonalVehicle
1111652;07:24:59;632357.7464165204 5800288.209577048;627275.4777489901 5802241.197199543;PersonalVehicle
1013487;07:25:01;630502.8408285246 5808292.917108081;629256.863768272 5804480.803549362;PersonalVehicle
1015579;07:25:01;625640.4366805577 5805640.454572823;628807.3768942615 5805485.489704904;PersonalVehicle
1013772;07:25:02;630088.0215880558 5807947.067235081;631913.9173730104 5808124.069404383;PersonalVehicle
1074523;07:25:02;627949.0623574365 5801657.911046054;629001.1126655749 5802056.540202351;PersonalVehicle
1033394;07:25:05;627512.3070731836 5805422.956716414;627834.5571048303 5805447.403439636;PersonalVehicle
1160643;07:25:05;633672.1088953787 5801895.047217489;632050.3057681054 5802244.859265334;PersonalVehicle
408015;07:25:06;630194.8623628847 5807821.322491998;634266.520278123 5803737.794336154;PersonalVehicle
1014755;07:25:08;629168.538459938 5809729.910033345;630120.8699351172 5802128.511835433;PersonalVehicle
1052335;07:25:08;625922.9846337134 5801408.921511389;626435.5685004033 5804646.388667314;PersonalVehicle
1038290;07:25:09;626985.1989973595 5803580.36959258;630377.2935286161 5799276.878224155;PersonalVehicle
1093813;07:25:10;630140.1780468314 5802032.521054199;625506.3564786583 5800324.4571683705;PersonalVehicle
1098175;07:25:10;632649.0209039269 5800715.78008967;632681.6771686166 5800864.358581833;PersonalVehicle
1058650;07:25:10;629777.1588205595 5803749.0355209485;628992.3417865848 5805167.626407841;PersonalVehicle
1044038;07:25:11;626254.6309229311 5804596.735313562;631329.8898920666 5803597.009221405;PersonalVehicle
975272;07:25:13;625495.2665135056 5806727.877555828;631525.7718670024 5806447.036941627;PersonalVehicle
1005658;07:25:13;632357.7464165204 5800288.209577048;628332.4096649765 5803769.644072075;PersonalVehicle
1000156;07:25:13;628522.1809544628 5809137.823953986;631913.9173730104 5808124.069404383;PersonalVehicle
1079931;07:25:15;629674.892040687 5801883.790567861;630377.2935286161 5799276.878224155;PersonalVehicle
1004988;07:25:16;633228.4538868503 5806839.844480848;630377.2935286161 5799276.878224155;PersonalVehicle
1064142;07:25:17;628066.2538383558 5805199.620839406;625506.3564786583 5800324.4571683705;PersonalVehicle
1098208;07:25:17;630516.1647771914 5801309.562509304;630377.2935286161 5799276.878224155;PersonalVehicle
1034627;07:25:18;627026.5300264781 5803844.994459327;627437.8690956323 5804112.871483515;PersonalVehicle
1093021;07:25:19;630105.3723228573 5802048.435571969;625506.3564786583 5800324.4571683705;PersonalVehicle
969062;07:25:19;625495.2665135056 5806727.877555828;626134.3564863362 5803841.053846082;PersonalVehicle
1039705;07:25:19;627919.2517290728 5803025.468545219;625506.3564786583 5800324.4571683705;PersonalVehicle
1098537;07:25:19;625506.3564786583 5800324.4571683705;631029.2146981595 5801851.878855448;PersonalVehicle
1049183;07:25:19;626002.110150788 5803631.669583988;625495.2665135056 5806727.877555828;PersonalVehicle
1106976;07:25:20;632463.8733670102 5803246.066693705;625506.3564786583 5800324.4571683705;PersonalVehicle
1105871;07:25:22;631717.7708836251 5803104.358344401;629951.2713042528 5800948.378008965;PersonalVehicle
1040456;07:25:22;627308.9525997665 5803098.118891984;627997.2402442318 5804514.306958318;PersonalVehicle
1060234;07:25:23;625506.3564786583 5800324.4571683705;628780.363189862 5805753.060463735;PersonalVehicle
906776;07:25:25;625495.2665135056 5806727.877555828;628743.5274431043 5804021.637628739;PersonalVehicle
1042117;07:25:25;626008.595658633 5805348.170016262;625506.3564786583 5800324.4571683705;PersonalVehicle
1037483;07:25:27;627432.8329136417 5803532.783658226;627432.8329136417 5803532.783658226;PersonalVehicle
936138;07:25:28;625506.3564786583 5800324.4571683705;630488.8461654665 5801945.937225836;PersonalVehicle
1092392;07:25:28;630424.6932525737 5802826.0118452385;630212.6360580213 5802335.027790466;PersonalVehicle
2085967;07:25:29;633672.1088953787 5801895.047217489;629475.4996219625 5804251.111531149;PersonalVehicle
1059567;07:25:31;628950.8990092947 5804447.486049566;629612.9458685264 5802090.515601656;PersonalVehicle
1098043;07:25:32;632041.9685775107 5801458.495200982;630377.2935286161 5799276.878224155;PersonalVehicle
1087062;07:25:33;629912.6207789169 5801221.871327903;625506.3564786583 5800324.4571683705;PersonalVehicle
996756;07:25:35;631913.9173730104 5808124.069404383;630866.3617678819 5803533.677081497;PersonalVehicle
1012220;07:25:35;630410.3726215612 5808059.355495122;630377.2935286161 5799276.878224155;PersonalVehicle
967523;07:25:36;625495.2665135056 5806727.877555828;628055.5737816056 5805172.636004187;PersonalVehicle
1197807;07:25:37;625506.3564786583 5800324.4571683705;630670.88417275 5803161.362576688;PersonalVehicle
1006469;07:25:37;631693.3219843309 5807541.855948108;634266.520278123 5803737.794336154;PersonalVehicle
1086708;07:25:37;628921.7572988714 5800965.335929447;627750.6092118768 5802359.437695968;PersonalVehicle
1143466;07:25:38;625506.3564786583 5800324.4571683705;629271.2749071391 5804566.846200294;PersonalVehicle
1301699;07:25:38;625506.3564786583 5800324.4571683705;628911.8443832854 5802725.524275774;PersonalVehicle
991070;07:25:38;631913.9173730104 5808124.069404383;625816.6295324792 5805440.755238231;PersonalVehicle
991742;07:25:40;631913.9173730104 5808124.069404383;629461.2484475138 5802081.310444782;PersonalVehicle
1115255;07:25:40;633672.1088953787 5801895.047217489;629470.3088497927 5803095.427834013;PersonalVehicle
1138467;07:25:40;625506.3564786583 5800324.4571683705;627430.7115545152 5802705.422820288;PersonalVehicle
1121322;07:25:41;633672.1088953787 5801895.047217489;628061.6902575712 5803328.143452832;PersonalVehicle
985475;07:25:41;631913.9173730104 5808124.069404383;628967.9995381429 5804675.466653008;PersonalVehicle
1032737;07:25:41;627365.38240571 5804988.6380130015;628343.2479773842 5803238.107556225;PersonalVehicle
1057807;07:25:44;629344.728433362 5803811.129268183;630126.4632920531 5802723.812623831;PersonalVehicle
1028204;07:25:44;625506.3564786583 5800324.4571683705;625860.6634004413 5804583.844267096;PersonalVehicle
1005009;07:25:44;633108.6694842773 5806270.751515481;625495.2665135056 5806727.877555828;PersonalVehicle
902843;07:25:46;625495.2665135056 5806727.877555828;632149.3776648054 5802340.720895507;PersonalVehicle
1047078;07:25:47;626935.0381756905 5804022.106450225;627744.2583691721 5802608.625235293;PersonalVehicle
1097146;07:25:47;631119.4647706135 5803060.530393304;628987.4403410909 5803995.861679208;PersonalVehicle
1096235;07:25:47;630998.5566878662 5803231.3062810525;630942.9356019731 5802256.047810416;PersonalVehicle
1044742;07:25:50;626166.5419812122 5804026.132996752;632357.7464165204 5800288.209577048;PersonalVehicle
1092467;07:25:51;630578.9857616238 5802202.306825096;630224.486702223 5802457.405159165;PersonalVehicle
1039531;07:25:51;627651.4718745583 5803295.772336535;630377.2935286161 5799276.878224155;PersonalVehicle
929989;07:25:51;625495.2665135056 5806727.877555828;629332.3358010504 5802938.37139097;PersonalVehicle
1066123;07:25:52;627738.4669377299 5803943.842226781;625495.2665135056 5806727.877555828;PersonalVehicle
1083190;07:25:52;626565.947812408 5801171.523065035;626922.5242003762 5801074.7553227795;PersonalVehicle
1088561;07:25:52;630138.8285895586 5801108.603547944;633672.1088953787 5801895.047217489;PersonalVehicle
1073765;07:25:52;628367.8475338656 5801880.547813665;632357.7464165204 5800288.209577048;PersonalVehicle
1079270;07:25:55;629703.2071182065 5802085.086906539;628907.3519377278 5802077.393503321;PersonalVehicle
1379590;07:25:56;625506.3564786583 5800324.4571683705;628598.3133042549 5803944.725444917;PersonalVehicle
1012578;07:25:56;630502.8943372471 5808655.2401581025;631599.4892464972 5806344.820520793;PersonalVehicle
997332;07:25:58;631913.9173730104 5808124.069404383;628405.6849103475 5805541.657289828;PersonalVehicle
904400;07:26:02;627498.1724596496 5810012.366902584;625994.0460378582 5804915.5634252;PersonalVehicle
1095897;07:26:02;630789.1690195611 5802621.468388206;630884.4643933838 5802343.7765377555;PersonalVehicle
1123594;07:26:03;632357.7464165204 5800288.209577048;629031.6070134115 5803338.513604533;PersonalVehicle
1012829;07:26:03;630513.5200655793 5808552.063329793;628801.1586387409 5803969.141357167;PersonalVehicle
1099101;07:26:03;630948.7445899817 5800991.832635552;634266.520278123 5803737.794336154;PersonalVehicle
1032255;07:26:03;627149.0316130561 5804432.416952113;625506.3564786583 5800324.4571683705;PersonalVehicle
1016752;07:26:05;625495.2665135056 5806727.877555828;628513.0205443982 5806091.413902322;PersonalVehicle
1007329;07:26:06;631875.575836056 5807502.8939937875;631847.658548931 5807499.026518621;PersonalVehicle
1103091;07:26:09;632141.1005020246 5804298.614782418;631690.2106121188 5801961.453764859;PersonalVehicle
999004;07:26:11;631913.9173730104 5808124.069404383;629405.9514418028 5804387.323545492;PersonalVehicle
1011570;07:26:11;628845.9877116799 5808286.21109361;634266.520278123 5803737.794336154;PersonalVehicle
403264;07:26:11;634266.520278123 5803737.794336154;631750.5260062848 5801155.0835015625;PersonalVehicle
1104635;07:26:12;632049.3516612363 5803175.4418470785;632127.9582195729 5802916.488124693;PersonalVehicle
1286288;07:26:12;625506.3564786583 5800324.4571683705;630208.1261029113 5805934.582893666;PersonalVehicle
1097785;07:26:15;631117.0146850587 5803170.061912468;625497.6214312972 5803299.05760023;PersonalVehicle
1049720;07:26:15;626567.5297264771 5803497.263804136;631450.3701897291 5807281.375009497;PersonalVehicle
1083559;07:26:15;632357.7464165204 5800288.209577048;627374.8541874207 5801092.259778474;PersonalVehicle
1160332;07:26:16;633672.1088953787 5801895.047217489;628544.7258087592 5806100.398729027;PersonalVehicle
1284812;07:26:16;625506.3564786583 5800324.4571683705;626331.634228251 5801923.781692902;PersonalVehicle
1081869;07:26:18;626866.1021161984 5801770.637084666;633672.1088953787 5801895.047217489;PersonalVehicle
840238;07:26:18;627498.1724596496 5810012.366902584;631681.4752944644 5803089.597692126;PersonalVehicle
1043453;07:26:21;625956.2702199831 5805175.852845931;627498.1724596496 5810012.366902584;PersonalVehicle
1101439;07:26:21;631530.37746312 5802201.898600463;634266.520278123 5803737.794336154;PersonalVehicle
1093980;07:26:22;630440.6558595634 5802862.967044161;625495.2665135056 5806727.877555828;PersonalVehicle
982993;07:26:22;631913.9173730104 5808124.069404383;629885.4738622884 5803259.123841624;PersonalVehicle
1036356;07:26:24;627537.2062115404 5803698.397898218;627715.5188363777 5803489.50182033;PersonalVehicle
1083608;07:26:25;627416.2904775714 5800757.532540852;627678.8282528663 5802127.924208693;PersonalVehicle
1055242;07:26:26;625506.3564786583 5800324.4571683705;626345.8235861817 5802114.281791004;PersonalVehicle
1094613;07:26:27;631216.0148795794 5800401.446081093;630488.8461654665 5801945.937225836;PersonalVehicle
1007307;07:26:28;632323.527304189 5807448.323433972;634266.520278123 5803737.794336154;PersonalVehicle
1103244;07:26:29;631706.2072307607 5803929.977508311;625506.3564786583 5800324.4571683705;PersonalVehicle
716468;07:26:30;634266.520278123 5803737.794336154;629017.7543863724 5804571.295400383;PersonalVehicle
1100791;07:26:31;631643.5493469321 5802167.8662240915;632357.7464165204 5800288.209577048;PersonalVehicle
1057819;07:26:32;629766.7323970054 5804607.267967889;625506.3564786583 5800324.4571683705;PersonalVehicle
1006988;07:26:32;631057.9910851108 5806635.438559747;625506.3564786583 5800324.4571683705;PersonalVehicle
1084719;07:26:32;626486.0051962483 5801080.183534159;632357.7464165204 5800288.209577048;PersonalVehicle
1010062;07:26:33;629863.7053838022 5806121.006349952;633267.2615325244 5806591.31854878;PersonalVehicle
1091286;07:26:34;630377.2935286161 5799276.878224155;625935.3462370405 5804870.35811514;PersonalVehicle
1101060;07:26:39;632848.2634601765 5801004.565726597;632530.8278638999 5800809.731127963;PersonalVehicle
992833;07:26:41;631913.9173730104 5808124.069404383;627778.0342576861 5806013.367247765;PersonalVehicle
933195;07:26:41;625506.3564786583 5800324.4571683705;629041.8108522482 5804423.695719686;PersonalVehicle
826168;07:26:41;632357.7464165204 5800288.209577048;627891.7782881974 5804834.964906601;PersonalVehicle
1013545;07:26:42;630939.8649067791 5808178.517801079;631913.9173730104 5808124.069404383;PersonalVehicle
1056818;07:26:43;625495.2665135056 5806727.877555828;631628.5877935853 5802020.73768748;PersonalVehicle
1058777;07:26:47;629071.6754068034 5804523.775677388;626541.1182299987 5803286.60675661;PersonalVehicle
1077141;07:26:48;629089.082119727 5802506.500754451;632357.7464165204 5800288.209577048;PersonalVehicle
1107429;07:26:48;632309.5525581231 5803215.041843631;631170.9261909637 5802898.068953179;PersonalVehicle
1031928;07:26:51;627295.4687617972 5805213.547668459;628503.3039962258 5804004.712451511;PersonalVehicle
1014633;07:26:52;628755.5957653994 5809121.277072287;628437.6679240708 5807593.691539163;PersonalVehicle
1096752;07:26:53;631077.9201307581 5803082.303599909;631263.7181012878 5802383.148300254;PersonalVehicle
1043074;07:26:54;626158.2314856707 5805189.7283418905;628011.6372714652 5805816.233096441;PersonalVehicle
1090791;07:26:54;625506.3564786583 5800324.4571683705;632110.1923795176 5806230.595367063;PersonalVehicle
1005144;07:26:55;633406.4859878496 5806310.884922514;631913.9173730104 5808124.069404383;PersonalVehicle
1044710;07:26:55;626514.43774258 5804421.668651798;630302.8027636342 5802876.243735474;PersonalVehicle
1088571;07:26:56;629618.3338315643 5800944.964219954;625506.3564786583 5800324.4571683705;PersonalVehicle
1043128;07:26:57;626021.8714576927 5804642.075781311;625506.3564786583 5800324.4571683705;PersonalVehicle
1045377;07:26:57;626413.2246009774 5804166.4538975125;628780.2293699054 5804380.181854515;PersonalVehicle
1067942;07:27:01;628184.6416946026 5803090.097919283;632357.7464165204 5800288.209577048;PersonalVehicle
1007742;07:27:01;632459.5355391923 5807254.139757926;625495.2665135056 5806727.877555828;PersonalVehicle
1071598;07:27:02;630631.7431361432 5804139.489507478;628850.1565219457 5804932.293678132;PersonalVehicle
1003427;07:27:03;632506.791920898 5806062.300380532;632224.081781998 5806476.939924914;PersonalVehicle
1065747;07:27:05;628054.4821461354 5804158.067768286;633672.1088953787 5801895.047217489;PersonalVehicle
1005489;07:27:05;632793.6749407732 5807372.801900213;630255.1276087612 5801948.528857227;PersonalVehicle
1013612;07:27:06;630082.3541370857 5808040.086907123;630110.3826904586 5803446.325335568;PersonalVehicle
1103045;07:27:07;632648.7318134556 5804143.305102868;631603.5169709718 5806360.899430977;PersonalVehicle
1079198;07:27:08;630377.2935286161 5799276.878224155;629436.270292226 5802318.883625525;PersonalVehicle
1098589;07:27:11;631923.5081171005 5801323.81289907;628512.4653017883 5806034.997203072;PersonalVehicle
1004002;07:27:13;633626.7538258814 5805629.767570908;632151.9874147796 5806532.498789031;PersonalVehicle
938714;07:27:14;625495.2665135056 5806727.877555828;629459.280583039 5804568.2254023105;PersonalVehicle
397532;07:27:14;634266.520278123 5803737.794336154;630062.1789065314 5803916.715964346;PersonalVehicle
1041122;07:27:14;626873.6599147492 5803011.590242273;630377.2935286161 5799276.878224155;PersonalVehicle
1006714;07:27:15;631440.114241909 5807251.873719799;627282.6382883039 5802872.434422717;PersonalVehicle
1088406;07:27:17;629437.098175949 5800843.61093052;632357.7464165204 5800288.209577048;PersonalVehicle
1049902;07:27:17;626671.9781728822 5803365.753813604;625506.3564786583 5800324.4571683705;PersonalVehicle
1122415;07:27:21;633672.1088953787 5801895.047217489;629965.9811634943 5803519.371474826;PersonalVehicle
718153;07:27:21;630901.7163068431 5801335.439172928;633672.1088953787 5801895.047217489;PersonalVehicle
1549464;07:27:22;625506.3564786583 5800324.4571683705;628689.1870640963 5803110.389322919;PersonalVehicle
1029344;07:27:23;625506.3564786583 5800324.4571683705;625958.2012434636 5805996.42686119;PersonalVehicle
1085084;07:27:24;630032.5901056875 5801482.664968824;629579.3189687326 5801198.389139471;PersonalVehicle
932518;07:27:25;628838.69505009 5804600.985869837;625506.3564786583 5800324.4571683705;PersonalVehicle
1073852;07:27:26;628055.2217655043 5802755.341956346;630377.2935286161 5799276.878224155;PersonalVehicle
1190278;07:27:27;633672.1088953787 5801895.047217489;629674.7078410595 5804126.9137293985;PersonalVehicle
1064045;07:27:28;627777.680718045 5804539.545469216;627792.5080910089 5805291.369629346;PersonalVehicle
1012794;07:27:28;630767.7296751381 5808184.706272002;627498.1724596496 5810012.366902584;PersonalVehicle
1539836;07:27:28;625506.3564786583 5800324.4571683705;627520.5477558593 5800763.099776522;PersonalVehicle
1478464;07:27:28;625506.3564786583 5800324.4571683705;630384.3785161736 5807233.777598102;PersonalVehicle
998689;07:27:30;631913.9173730104 5808124.069404383;629832.4220859197 5806209.998275024;PersonalVehicle
1097122;07:27:30;631308.6433254543 5802811.397840447;630903.7619650278 5802228.331999627;PersonalVehicle
1040450;07:27:33;626746.1508398622 5802720.059845993;625506.3564786583 5800324.4571683705;PersonalVehicle
1031307;07:27:34;625506.3564786583 5800324.4571683705;628287.8557904101 5802244.075997549;PersonalVehicle
1106676;07:27:35;629573.203948293 5802874.138409544;632334.3839801544 5803258.379954099;PersonalVehicle
1068143;07:27:38;629392.0664557884 5803013.4379601255;628520.6681721008 5802936.158608971;PersonalVehicle
992128;07:27:39;631913.9173730104 5808124.069404383;627382.3258903006 5806333.560378377;PersonalVehicle
975107;07:27:40;627498.1724596496 5810012.366902584;628921.9941588264 5804069.884652748;PersonalVehicle
1042035;07:27:46;625640.8216033864 5805075.285296821;627498.1724596496 5810012.366902584;PersonalVehicle
1063960;07:27:47;627807.0972263855 5804307.660365084;627427.5230506291 5804448.198286137;PersonalVehicle
1043544;07:27:48;626586.2539945134 5804930.648237754;630377.2935286161 5799276.878224155;PersonalVehicle
1080120;07:27:49;629949.580697907 5801851.147224949;630377.2935286161 5799276.878224155;PersonalVehicle
1038685;07:27:50;626978.6174006291 5803056.569288608;632357.7464165204 5800288.209577048;PersonalVehicle
1121301;07:27:50;633672.1088953787 5801895.047217489;627929.43269386 5804806.858320529;PersonalVehicle
1121428;07:27:52;633672.1088953787 5801895.047217489;631627.5813926377 5802354.987180513;PersonalVehicle
1007189;07:27:54;631801.6062525926 5807113.491995005;630071.633453369 5806151.157667957;PersonalVehicle
985362;07:27:55;627249.7647761251 5800694.086018555;627498.1724596496 5810012.366902584;PersonalVehicle
400458;07:27:56;634266.520278123 5803737.794336154;629239.9228560411 5804550.363696381;PersonalVehicle
406934;07:27:57;634266.520278123 5803737.794336154;631029.2146981595 5801851.878855448;PersonalVehicle
402446;07:27:58;634266.520278123 5803737.794336154;627951.9800578571 5804768.446009623;PersonalVehicle
1193255;07:27:58;625506.3564786583 5800324.4571683705;626820.0649268309 5802177.427123973;PersonalVehicle
541319;07:27:59;634266.520278123 5803737.794336154;627414.1199336536 5805369.614180166;PersonalVehicle
485909;07:28:00;634266.520278123 5803737.794336154;627539.6179862159 5801983.438536231;PersonalVehicle
398180;07:28:01;634266.520278123 5803737.794336154;630820.2852068887 5803299.548537031;PersonalVehicle
1038537;07:28:02;627530.5185621792 5802990.296558706;626427.6462185727 5802406.981518802;PersonalVehicle
1082258;07:28:02;626846.7417621984 5801053.547372491;634266.520278123 5803737.794336154;PersonalVehicle
1126076;07:28:02;625506.3564786583 5800324.4571683705;628195.485792046 5803555.338321138;PersonalVehicle
1122919;07:28:04;632357.7464165204 5800288.209577048;626138.3766697673 5806719.6184398355;PersonalVehicle
1012638;07:28:06;632467.4984171423 5807497.034318284;630818.0293507907 5808058.111439407;PersonalVehicle
1207205;07:28:07;625506.3564786583 5800324.4571683705;627859.3328521699 5806050.298948585;PersonalVehicle
1099978;07:28:08;631530.4024890598 5801400.284537535;632704.7621145635 5806625.794867357;PersonalVehicle
1161384;07:28:09;633672.1088953787 5801895.047217489;627456.0318618078 5806875.015577819;PersonalVehicle
1047677;07:28:09;626185.5343155952 5803370.308453682;625506.3564786583 5800324.4571683705;PersonalVehicle
600280;07:28:10;634266.520278123 5803737.794336154;629727.354826571 5803051.410140057;PersonalVehicle
988087;07:28:10;631913.9173730104 5808124.069404383;630448.865205076 5801861.839374489;PersonalVehicle
1078129;07:28:13;628919.0945729424 5802340.502563131;625495.2665135056 5806727.877555828;PersonalVehicle
1102461;07:28:13;632204.91588431 5803862.007819516;631345.4684923051 5807909.1711154515;PersonalVehicle
1105414;07:28:13;631535.1422327636 5803436.995133258;627581.1462705819 5801803.350785147;PersonalVehicle
1018972;07:28:15;625495.2665135056 5806727.877555828;626135.819654394 5803395.160833743;PersonalVehicle
1103107;07:28:17;632061.5755864811 5803770.144302011;627346.3675645548 5802362.748000136;PersonalVehicle
405445;07:28:18;634266.520278123 5803737.794336154;628373.6578074652 5802931.097519727;PersonalVehicle
395615;07:28:18;634266.520278123 5803737.794336154;628097.4606660419 5806187.766870478;PersonalVehicle
1104832;07:28:21;632063.4564551027 5802696.921337412;625506.3564786583 5800324.4571683705;PersonalVehicle
1106738;07:28:21;632218.6669134708 5803099.2014488;634266.520278123 5803737.794336154;PersonalVehicle
943547;07:28:21;625495.2665135056 5806727.877555828;629815.6731627502 5801672.52156677;PersonalVehicle
1062701;07:28:22;627668.759228986 5806107.440437816;631913.9173730104 5808124.069404383;PersonalVehicle
1008547;07:28:23;631758.1140905145 5806830.558420021;629761.8460228343 5803584.866180722;PersonalVehicle
1049600;07:28:24;626985.3843680813 5803122.963423681;625864.4504171557 5803760.072129971;PersonalVehicle
1087180;07:28:25;629745.866517465 5800703.756386675;632357.7464165204 5800288.209577048;PersonalVehicle
1103328;07:28:25;627650.4664302225 5801217.5499433875;632091.2363773792 5804705.24430494;PersonalVehicle
1642852;07:28:26;630377.2935286161 5799276.878224155;629761.8460228343 5803584.866180722;PersonalVehicle
1096444;07:28:26;630982.6034410081 5802263.609384767;631675.5974607294 5800351.718885856;PersonalVehicle
1103872;07:28:26;630337.7965714816 5803943.082278108;632025.747228342 5803214.919672211;PersonalVehicle
1095240;07:28:26;630687.0734117855 5802572.746581993;632117.9738173424 5803086.029717277;PersonalVehicle
1121998;07:28:27;633672.1088953787 5801895.047217489;629087.9854159032 5802261.9692498995;PersonalVehicle
1104233;07:28:28;631567.5405615668 5803174.929334744;628502.3684767063 5803075.946667101;PersonalVehicle
1050777;07:28:33;626008.1783010699 5802627.770380475;625506.3564786583 5800324.4571683705;PersonalVehicle
1084740;07:28:33;629490.1793287445 5801102.972730845;628442.1896434824 5802918.894933556;PersonalVehicle
431292;07:28:35;634266.520278123 5803737.794336154;630218.0995961064 5803007.756760971;PersonalVehicle
1094336;07:28:35;630454.6980833367 5802242.59159131;625495.2665135056 5806727.877555828;PersonalVehicle
1084953;07:28:38;630002.9281591992 5801471.482097029;625506.3564786583 5800324.4571683705;PersonalVehicle
843840;07:28:38;631913.9173730104 5808124.069404383;627760.3639340284 5801505.016289108;PersonalVehicle
1004023;07:28:38;630907.0446687877 5806189.256107824;629295.2828473079 5802630.242193749;PersonalVehicle
1068512;07:28:39;629562.4708250723 5802723.642801317;627249.0216417139 5801321.73517631;PersonalVehicle
962423;07:28:41;625495.2665135056 5806727.877555828;631695.9623960285 5807055.123471419;PersonalVehicle
844017;07:28:43;631913.9173730104 5808124.069404383;628928.436003479 5809539.751878063;PersonalVehicle
1093440;07:28:43;630240.6824011251 5802695.433838943;625506.3564786583 5800324.4571683705;PersonalVehicle
1060801;07:28:45;628549.0358355021 5805805.380383925;625495.2665135056 5806727.877555828;PersonalVehicle
1051340;07:28:46;627687.0246203463 5802934.748873867;625506.3564786583 5800324.4571683705;PersonalVehicle
1050712;07:28:49;625825.2530366157 5801766.383798763;630494.728981104 5802454.257554134;PersonalVehicle
1028645;07:28:51;625506.3564786583 5800324.4571683705;626514.43774258 5804421.668651798;PersonalVehicle
1026776;07:28:51;625506.3564786583 5800324.4571683705;627892.0540072513 5803924.33033512;PersonalVehicle
1776344;07:28:51;630377.2935286161 5799276.878224155;628653.9893833526 5802272.117146171;PersonalVehicle
1037257;07:28:52;627135.5434795183 5803271.6428058725;627637.515037414 5802993.021463726;PersonalVehicle
1005796;07:28:53;632998.0405859426 5806530.574951558;627498.1724596496 5810012.366902584;PersonalVehicle
1083721;07:28:53;627240.0035571686 5801044.484697631;627374.8541874207 5801092.259778474;PersonalVehicle
1011383;07:28:54;628628.3743204217 5808643.080949441;633672.1088953787 5801895.047217489;PersonalVehicle
1115901;07:28:55;632357.7464165204 5800288.209577048;626251.3272019676 5803818.282633715;PersonalVehicle
785879;07:28:55;632357.7464165204 5800288.209577048;628900.4364307412 5801362.114936661;PersonalVehicle
1103046;07:28:56;630944.3908709701 5804999.245924563;625506.3564786583 5800324.4571683705;PersonalVehicle
1295464;07:28:58;625506.3564786583 5800324.4571683705;627762.0097359606 5805995.7199654505;PersonalVehicle
373724;07:28:58;634266.520278123 5803737.794336154;630644.4188959394 5802990.264247953;PersonalVehicle
724896;07:29:00;633672.1088953787 5801895.047217489;629813.916761879 5802633.42583463;PersonalVehicle
389549;07:29:00;634266.520278123 5803737.794336154;629068.7310124132 5802766.627262741;PersonalVehicle
1126813;07:29:02;625506.3564786583 5800324.4571683705;627012.3626865743 5801400.721644814;PersonalVehicle
935259;07:29:02;625506.3564786583 5800324.4571683705;625969.9788271966 5803726.370104604;PersonalVehicle
1103208;07:29:04;632648.7318134556 5804143.305102868;630475.0458669286 5803762.077029907;PersonalVehicle
1063921;07:29:05;627799.1247298333 5804540.155136717;628070.9924732059 5804822.037681073;PersonalVehicle
1076817;07:29:06;628635.3688779791 5802380.852701513;625506.3564786583 5800324.4571683705;PersonalVehicle
1008654;07:29:08;632009.6443980773 5806882.8214318175;625506.3564786583 5800324.4571683705;PersonalVehicle
1031134;07:29:12;629492.6768506025 5802848.156491457;625506.3564786583 5800324.4571683705;PersonalVehicle
391719;07:29:14;634266.520278123 5803737.794336154;629200.0911936378 5803545.516827199;PersonalVehicle
1045653;07:29:20;625853.6267784326 5803960.241903338;625766.8251479052 5804209.71424946;PersonalVehicle
1094628;07:29:22;630553.8800645091 5802165.918077902;632028.8176538966 5801681.387079994;PersonalVehicle
966860;07:29:22;625495.2665135056 5806727.877555828;628448.9237128114 5809835.312195494;PersonalVehicle
1099174;07:29:23;631377.4499451102 5802222.555878953;631247.2901600954 5803910.325601909;PersonalVehicle
425829;07:29:23;634266.520278123 5803737.794336154;629164.5617305066 5804166.525509925;PersonalVehicle
1070633;07:29:23;630866.3617678819 5803533.677081497;627498.1724596496 5810012.366902584;PersonalVehicle
1121414;07:29:24;633672.1088953787 5801895.047217489;629153.216652021 5803923.943604529;PersonalVehicle
1101520;07:29:25;632380.2929848533 5801872.117871959;631722.5455632652 5802263.355921814;PersonalVehicle
1034082;07:29:28;627582.9527499299 5804683.03591242;625506.3564786583 5800324.4571683705;PersonalVehicle
996908;07:29:28;631913.9173730104 5808124.069404383;629726.264724985 5804290.037947104;PersonalVehicle
1069002;07:29:31;629008.3896024948 5803729.874978542;629025.4017457928 5802936.430217482;PersonalVehicle
1205614;07:29:32;625506.3564786583 5800324.4571683705;632459.5355391923 5807254.139757926;PersonalVehicle
1147113;07:29:33;625506.3564786583 5800324.4571683705;627918.2769075928 5804680.8748661615;PersonalVehicle
1027898;07:29:35;625506.3564786583 5800324.4571683705;626314.2940987131 5801624.813939625;PersonalVehicle
1048274;07:29:35;626794.2614540667 5803836.143920348;625506.3564786583 5800324.4571683705;PersonalVehicle
1131906;07:29:38;630377.2935286161 5799276.878224155;629618.4138448269 5804126.111960991;PersonalVehicle
1068448;07:29:39;627932.2700142664 5800554.321920476;628616.0451989044 5802120.397915489;PersonalVehicle
1119821;07:29:40;633672.1088953787 5801895.047217489;626138.3766697673 5806719.6184398355;PersonalVehicle
1057323;07:29:42;629685.306230182 5804346.075893735;629416.9935856856 5804065.49716723;PersonalVehicle
1103872;07:29:47;632025.747228342 5803214.919672211;630337.7965714816 5803943.082278108;PersonalVehicle
1102697;07:29:48;632118.6656165302 5804684.582413619;634266.520278123 5803737.794336154;PersonalVehicle
1101648;07:29:48;631658.7406222373 5802284.314098006;631913.9173730104 5808124.069404383;PersonalVehicle
1127279;07:29:49;625506.3564786583 5800324.4571683705;629672.4173218319 5804280.807102678;PersonalVehicle
1007858;07:29:49;631454.3206676947 5806850.584327389;633672.1088953787 5801895.047217489;PersonalVehicle
807553;07:29:49;632357.7464165204 5800288.209577048;626265.8249609561 5803727.970862208;PersonalVehicle
1099120;07:29:49;630924.8399268584 5801034.612389393;632081.8281054868 5801723.042421572;PersonalVehicle
1069959;07:29:50;630141.8367065038 5805967.094625236;629796.7558407339 5802817.612476282;PersonalVehicle
1079579;07:29:50;629740.7586177844 5800969.059279208;629743.1793698469 5802085.177946481;PersonalVehicle
1039064;07:29:51;627501.7062041231 5803230.965095521;627148.5812350486 5802815.654435193;PersonalVehicle
1006300;07:29:51;632843.1127812428 5806814.728796223;628392.9348346165 5805267.67390444;PersonalVehicle
1108094;07:29:53;632357.7464165204 5800288.209577048;628579.5169610052 5803533.511100309;PersonalVehicle
1161648;07:29:53;633672.1088953787 5801895.047217489;630014.593951549 5802404.43979676;PersonalVehicle
1071008;07:29:54;629781.3130212554 5802850.222949924;634266.520278123 5803737.794336154;PersonalVehicle
1077255;07:29:54;629550.4845368024 5801851.662519751;629298.8799615786 5802237.317390266;PersonalVehicle
1076908;07:29:55;628785.7645948238 5802281.762765525;630761.9853423978 5804293.005285657;PersonalVehicle
1089292;07:29:55;629272.6892820832 5800492.8485406665;625506.3564786583 5800324.4571683705;PersonalVehicle
1080501;07:29:56;626449.5061213095 5801952.2760590995;626713.9196693887 5801788.125614874;PersonalVehicle
1112813;07:29:57;632357.7464165204 5800288.209577048;629281.5927647757 5804553.500334614;PersonalVehicle
1039812;07:29:57;626862.8285454237 5802897.871552875;626812.4049108194 5802964.234921696;PersonalVehicle
1014874;07:29:58;628661.4926833331 5809289.236364088;631913.9173730104 5808124.069404383;PersonalVehicle
1094960;07:29:58;630754.2458232015 5802469.672001645;631135.2010418682 5802936.685206895;PersonalVehicle
1168610;07:29:58;634266.520278123 5803737.794336154;630514.8509095951 5801822.205544202;PersonalVehicle
1057598;07:30:00;629854.9966856223 5804590.429110255;631913.9173730104 5808124.069404383;PersonalVehicle
1018610;07:30:01;628588.4110613484 5802337.883053376;625495.2665135056 5806727.877555828;PersonalVehicle
1076816;07:30:01;628561.7729058978 5802661.465603911;625506.3564786583 5800324.4571683705;PersonalVehicle
1065669;07:30:01;628050.7893365957 5804304.88139797;625506.3564786583 5800324.4571683705;PersonalVehicle
1040172;07:30:02;626510.9569105092 5802783.731157636;625913.13013942 5802069.808141802;PersonalVehicle
1016458;07:30:03;625495.2665135056 5806727.877555828;628293.4531175091 5805022.155400197;PersonalVehicle
1015810;07:30:05;625495.2665135056 5806727.877555828;625662.8339450543 5805761.971949958;PersonalVehicle
1069353;07:30:06;628867.5985104773 5802967.289827301;632357.7464165204 5800288.209577048;PersonalVehicle
993945;07:30:07;631913.9173730104 5808124.069404383;630494.6248734251 5802430.577674651;PersonalVehicle
1032761;07:30:07;627228.4618392907 5805226.542510955;631913.9173730104 5808124.069404383;PersonalVehicle
1031343;07:30:08;625506.3564786583 5800324.4571683705;628800.1146634788 5803818.042444954;PersonalVehicle
1115902;07:30:09;632357.7464165204 5800288.209577048;628827.0986667294 5802451.444405204;PersonalVehicle
1005608;07:30:10;633111.0621132578 5806714.276430755;632357.7464165204 5800288.209577048;PersonalVehicle
1104194;07:30:10;631889.3881825397 5803388.758947035;628971.4114302656 5800826.729806938;PersonalVehicle
1084379;07:30:10;628345.9666805654 5801122.460905848;628956.2664139695 5801835.632384511;PersonalVehicle
1072603;07:30:10;630692.0575236157 5804221.375775689;631913.9173730104 5808124.069404383;PersonalVehicle
1146020;07:30:11;625594.6414231482 5802647.82052391;625506.3564786583 5800324.4571683705;PersonalVehicle
1129168;07:30:12;625506.3564786583 5800324.4571683705;628632.7584947858 5802977.336133866;PersonalVehicle
1092344;07:30:13;630586.5024405883 5802382.740063306;631170.6285543541 5802417.651544149;PersonalVehicle
1114759;07:30:14;632357.7464165204 5800288.209577048;627743.6081413778 5804308.199559077;PersonalVehicle
1084395;07:30:15;627249.0216417139 5801321.73517631;632014.5515943599 5800474.609423232;PersonalVehicle
1078726;07:30:15;628993.0751379591 5802225.362960809;625495.2665135056 5806727.877555828;PersonalVehicle
1021523;07:30:16;628561.7729058978 5802661.465603911;628922.1157043936 5801768.005688698;PersonalVehicle
884774;07:30:16;627498.1724596496 5810012.366902584;627342.858925458 5801541.513275416;PersonalVehicle
976166;07:30:16;629570.437468287 5809278.044710433;625495.2665135056 5806727.877555828;PersonalVehicle
1088542;07:30:17;630018.0992803143 5801007.840728553;633672.1088953787 5801895.047217489;PersonalVehicle
391055;07:30:17;634266.520278123 5803737.794336154;629755.2683997888 5803629.562106149;PersonalVehicle
1014617;07:30:18;628323.5002891342 5809429.202452664;628951.9560368522 5809625.466629636;PersonalVehicle
1011653;07:30:19;628045.6398205124 5808915.18877814;628284.8936883898 5809306.9597169375;PersonalVehicle
1117020;07:30:20;633672.1088953787 5801895.047217489;628334.7785586515 5805121.496482038;PersonalVehicle
1123338;07:30:20;633672.1088953787 5801895.047217489;626106.3122912149 5806545.263933796;PersonalVehicle
403871;07:30:21;634266.520278123 5803737.794336154;628992.3417865848 5805167.626407841;PersonalVehicle
1042693;07:30:21;625865.5691639192 5804558.328987618;632357.7464165204 5800288.209577048;PersonalVehicle
1048442;07:30:22;626658.7996488281 5803613.022835633;625506.3564786583 5800324.4571683705;PersonalVehicle
1021502;07:30:24;625506.3564786583 5800324.4571683705;630931.4442401731 5806972.716929338;PersonalVehicle
1008960;07:30:25;630384.4926726664 5806684.83002313;630351.9222206367 5807167.854587074;PersonalVehicle
979007;07:30:25;625495.2665135056 5806727.877555828;628917.8931536096 5804789.5924104415;PersonalVehicle
1056665;07:30:26;625506.3564786583 5800324.4571683705;627595.6324789899 5803423.525456952;PersonalVehicle
1056613;07:30:26;625506.3564786583 5800324.4571683705;626018.0368269667 5801753.823744319;PersonalVehicle
999206;07:30:26;631913.9173730104 5808124.069404383;630314.4421854294 5802463.793920253;PersonalVehicle
1044445;07:30:27;626601.642612954 5804585.622546433;625495.2665135056 5806727.877555828;PersonalVehicle
1004953;07:30:27;633108.6694842773 5806270.751515481;631771.5966342796 5806909.321810398;PersonalVehicle
1124957;07:30:27;630377.2935286161 5799276.878224155;631005.5726345533 5803583.690884405;PersonalVehicle
1053010;07:30:28;625987.6648810599 5801437.623408524;625506.3564786583 5800324.4571683705;PersonalVehicle
1117736;07:30:29;632357.7464165204 5800288.209577048;628128.0038162656 5804474.801672454;PersonalVehicle
1074542;07:30:31;628412.8394132946 5801876.876585369;625506.3564786583 5800324.4571683705;PersonalVehicle
1060925;07:30:31;627084.4260342878 5803956.673419183;625506.3564786583 5800324.4571683705;PersonalVehicle
1004045;07:30:33;630116.9937469759 5805226.500817401;634266.520278123 5803737.794336154;PersonalVehicle
1010289;07:30:33;630396.9578891285 5806048.737965497;631336.3554520751 5807526.599980016;PersonalVehicle
1048821;07:30:33;626076.3529720237 5803587.350015861;627826.8369840726 5803249.935330199;PersonalVehicle
689012;07:30:33;634266.520278123 5803737.794336154;631372.3922750354 5803124.090324707;PersonalVehicle
1122537;07:30:34;633672.1088953787 5801895.047217489;627858.9826613184 5804621.671516731;PersonalVehicle
998559;07:30:35;634266.520278123 5803737.794336154;627732.5194486092 5805920.638678902;PersonalVehicle
1137125;07:30:35;625506.3564786583 5800324.4571683705;627360.8538002857 5802127.120385168;PersonalVehicle
1097625;07:30:38;631150.4377512552 5803149.375575276;625495.2665135056 5806727.877555828;PersonalVehicle
1027308;07:30:41;625506.3564786583 5800324.4571683705;629290.7239072829 5804229.412369675;PersonalVehicle
1019433;07:30:41;625495.2665135056 5806727.877555828;628761.0487322613 5802055.711634723;PersonalVehicle
1061604;07:30:42;628479.8049394018 5805994.402256873;625495.2665135056 5806727.877555828;PersonalVehicle
1121676;07:30:44;633672.1088953787 5801895.047217489;631647.0445453734 5802318.7680707555;PersonalVehicle
1045829;07:30:45;626040.9471240704 5803941.7798907;630726.5472686111 5800629.55827261;PersonalVehicle
1049675;07:30:45;634266.520278123 5803737.794336154;626143.3311653855 5803148.980552782;PersonalVehicle
960083;07:30:45;625495.2665135056 5806727.877555828;626076.9505703944 5804978.866473765;PersonalVehicle
1168892;07:30:46;634266.520278123 5803737.794336154;629164.5617305066 5804166.525509925;PersonalVehicle
1140998;07:30:46;625506.3564786583 5800324.4571683705;629075.7562320329 5800958.669619403;PersonalVehicle
954741;07:30:47;625506.3564786583 5800324.4571683705;626239.0392391584 5801607.030345975;PersonalVehicle
440125;07:30:48;634266.520278123 5803737.794336154;627527.4711122471 5801179.114966898;PersonalVehicle
1002769;07:30:49;629969.7509798249 5805262.246674443;634266.520278123 5803737.794336154;PersonalVehicle
1160275;07:30:50;633672.1088953787 5801895.047217489;626188.6465630934 5803473.371839373;PersonalVehicle
1038135;07:30:52;627123.6258263682 5803604.712373795;625495.2665135056 5806727.877555828;PersonalVehicle
1066321;07:30:55;628412.1108740802 5804427.860108557;631661.4420860936 5801989.428317978;PersonalVehicle
960113;07:30:55;625495.2665135056 5806727.877555828;628685.4358816429 5802243.431954061;PersonalVehicle
1047785;07:30:55;626228.1854037867 5803191.979908657;625506.3564786583 5800324.4571683705;PersonalVehicle
1062336;07:30:56;628274.8100121301 5805374.811672334;628780.2293699054 5804380.181854515;PersonalVehicle
1097972;07:30:56;631920.5691192951 5800321.19293341;632357.7464165204 5800288.209577048;PersonalVehicle
1006934;07:30:58;631501.547595623 5807379.706681582;634266.520278123 5803737.794336154;PersonalVehicle
1046831;07:30:58;626423.200830263 5804585.838317924;626059.9006331082 5804613.1153485095;PersonalVehicle
1354684;07:30:59;625506.3564786583 5800324.4571683705;629123.1752256828 5804584.641402674;PersonalVehicle
1206201;07:31:00;625506.3564786583 5800324.4571683705;628805.3072713893 5804956.645423081;PersonalVehicle
1046781;07:31:00;627498.1724596496 5810012.366902584;627038.6169547328 5804079.647362157;PersonalVehicle
1081008;07:31:00;625495.2665135056 5806727.877555828;626234.9575834323 5801785.954182223;PersonalVehicle
1040793;07:31:02;626105.4644328137 5802674.25401323;627017.3762157226 5802900.63651399;PersonalVehicle
842360;07:31:02;627498.1724596496 5810012.366902584;630137.0670096594 5802170.506599507;PersonalVehicle
1170578;07:31:05;634266.520278123 5803737.794336154;626561.2063616839 5803547.409559739;PersonalVehicle
1008503;07:31:06;631905.7483316439 5807035.765938528;634266.520278123 5803737.794336154;PersonalVehicle
1050694;07:31:06;625794.7878715651 5801924.692178686;626064.6925947163 5802656.464725483;PersonalVehicle
933640;07:31:06;625506.3564786583 5800324.4571683705;629046.6065231542 5803534.797933127;PersonalVehicle
1045700;07:31:07;625878.5788708355 5804005.363330641;626706.9123713681 5804499.059151893;PersonalVehicle
697721;07:31:08;634266.520278123 5803737.794336154;631389.7684153874 5803865.7725998415;PersonalVehicle
1097841;07:31:11;631143.1832230418 5802913.009609843;627498.1724596496 5810012.366902584;PersonalVehicle
1121720;07:31:11;633672.1088953787 5801895.047217489;632187.3484155167 5807361.996824847;PersonalVehicle
1073780;07:31:12;628018.8699477213 5801888.4539043745;632357.7464165204 5800288.209577048;PersonalVehicle
1074681;07:31:14;628708.5372790822 5802462.0855892375;625506.3564786583 5800324.4571683705;PersonalVehicle
1084985;07:31:16;628987.6446671826 5801250.797390795;628846.6061524145 5801255.427521985;PersonalVehicle
1213592;07:31:16;625506.3564786583 5800324.4571683705;629041.6780693161 5801286.94229694;PersonalVehicle
1124803;07:31:17;630377.2935286161 5799276.878224155;628517.6968687462 5802260.982472913;PersonalVehicle
1059171;07:31:17;628566.2572130961 5803739.961776008;625506.3564786583 5800324.4571683705;PersonalVehicle
1120785;07:31:17;633672.1088953787 5801895.047217489;626416.8007450101 5803369.541565221;PersonalVehicle
1088218;07:31:19;629616.711219968 5800665.623920123;629271.1821799424 5800467.049687489;PersonalVehicle
1034809;07:31:19;627625.9060935823 5804255.44908166;629460.848531672 5802943.403458414;PersonalVehicle
1082907;07:31:21;626915.5001601231 5800864.635377334;629341.4920853386 5803258.684563009;PersonalVehicle
1076208;07:31:23;628763.410415021 5802143.600853682;634266.520278123 5803737.794336154;PersonalVehicle
1098976;07:31:23;631292.733552609 5802238.897007193;625506.3564786583 5800324.4571683705;PersonalVehicle
1635125;07:31:24;632357.7464165204 5800288.209577048;629131.863105172 5804143.733652775;PersonalVehicle
1530208;07:31:25;627728.7151032975 5801348.201592033;625506.3564786583 5800324.4571683705;PersonalVehicle
1093464;07:31:25;630491.5017467599 5802406.250360117;628935.3150741606 5802378.04479851;PersonalVehicle
1101195;07:31:26;631991.5819919029 5802234.469978566;631700.7035139205 5803238.552213294;PersonalVehicle
985745;07:31:33;631913.9173730104 5808124.069404383;629269.8274793539 5803175.728775665;PersonalVehicle
985745;07:31:33;629269.8274793539 5803175.728775665;631913.9173730104 5808124.069404383;PersonalVehicle
1098243;07:31:33;631830.8172593794 5801564.456719759;625506.3564786583 5800324.4571683705;PersonalVehicle
1108676;07:31:33;632357.7464165204 5800288.209577048;629938.2651256005 5800711.0237678485;PersonalVehicle
1074743;07:31:34;628681.501718582 5802066.181748013;626611.8433045214 5803954.232677392;PersonalVehicle
1452021;07:31:36;625506.3564786583 5800324.4571683705;628256.5394727648 5804833.914373972;PersonalVehicle
1053017;07:31:37;625966.9778195284 5801525.466327448;625506.3564786583 5800324.4571683705;PersonalVehicle
1041399;07:31:37;625684.5166667356 5804835.514864391;627498.1724596496 5810012.366902584;PersonalVehicle
999629;07:31:38;631913.9173730104 5808124.069404383;631920.5691192951 5800321.19293341;PersonalVehicle
1098061;07:31:39;631140.0759770741 5801788.631360287;632357.7464165204 5800288.209577048;PersonalVehicle
1074791;07:31:40;628804.4328608131 5801847.20410111;630933.4817675703 5801209.708938561;PersonalVehicle
1087034;07:31:40;629349.6942269168 5800406.907985514;630883.0241560133 5799890.383630401;PersonalVehicle
1073128;07:31:40;627543.5101556114 5802261.395980531;625506.3564786583 5800324.4571683705;PersonalVehicle
1962750;07:31:41;630377.2935286161 5799276.878224155;627257.2245534095 5805731.954059989;PersonalVehicle
1036594;07:31:41;627123.6258263682 5803604.712373795;630377.2935286161 5799276.878224155;PersonalVehicle
1097179;07:31:42;631079.6116976122 5802986.71554331;625506.3564786583 5800324.4571683705;PersonalVehicle
1121591;07:31:42;633672.1088953787 5801895.047217489;629428.2250656346 5801448.661430615;PersonalVehicle
1010395;07:31:42;630153.1766855358 5806625.719440369;630002.9290175942 5807061.24629532;PersonalVehicle
1023423;07:31:43;625506.3564786583 5800324.4571683705;626644.951255913 5803708.853563425;PersonalVehicle
1033598;07:31:43;627171.8656883317 5805105.523093144;627183.0414973344 5804388.941644715;PersonalVehicle
960610;07:31:44;625495.2665135056 5806727.877555828;628945.6004314414 5801754.959797192;PersonalVehicle
1045283;07:31:44;625980.7825870297 5804130.173745974;625495.2665135056 5806727.877555828;PersonalVehicle
1120916;07:31:44;633672.1088953787 5801895.047217489;630647.6003727512 5802527.625116937;PersonalVehicle
1073721;07:31:44;627523.5660572898 5802328.3449088335;625495.2665135056 5806727.877555828;PersonalVehicle
1043600;07:31:45;629126.7769671819 5803899.168281671;626651.5461502329 5804710.432210089;PersonalVehicle
1007674;07:31:45;632036.5400144636 5807124.162369617;630866.1752474125 5806890.75843601;PersonalVehicle
1111083;07:31:45;632357.7464165204 5800288.209577048;628779.3700640509 5802742.184777393;PersonalVehicle
1130495;07:31:47;630377.2935286161 5799276.878224155;626554.1743207293 5801385.438735811;PersonalVehicle
1064157;07:31:49;628041.8161435733 5805280.7739971895;627807.0972263855 5804307.660365084;PersonalVehicle
986476;07:31:50;631913.9173730104 5808124.069404383;631501.547595623 5807379.706681582;PersonalVehicle
1046449;07:31:52;628241.7163518887 5802144.111854584;626408.1468324035 5804098.734266325;PersonalVehicle
1044932;07:31:53;627533.1026750661 5804712.376005076;626653.8331159059 5804510.4099763045;PersonalVehicle
1082677;07:31:53;626888.0859513197 5801157.354389794;625506.3564786583 5800324.4571683705;PersonalVehicle
1004206;07:31:54;630872.0811166388 5805729.318792827;629999.7883885284 5806287.679280054;PersonalVehicle
1036378;07:31:55;626809.7367131168 5803159.915720442;627986.0918719171 5802647.780646698;PersonalVehicle
1058333;07:31:56;629149.4077380558 5803644.666616334;629734.0057946867 5803755.648890608;PersonalVehicle
1045941;07:31:59;626413.2246009774 5804166.4538975125;631913.9173730104 5808124.069404383;PersonalVehicle
1076180;07:31:59;628708.401819683 5802484.033842217;629269.8274793539 5803175.728775665;PersonalVehicle
1081828;07:31:59;626963.6276595794 5801005.184673158;626705.8842685389 5802043.050865586;PersonalVehicle
1103040;07:32:01;631632.2240855559 5803628.338465765;631913.9173730104 5808124.069404383;PersonalVehicle
1082190;07:32:01;626859.6894613928 5801374.967723052;625495.2665135056 5806727.877555828;PersonalVehicle
1047991;07:32:01;626599.9912361079 5803424.833614455;628711.5114619177 5803502.54773057;PersonalVehicle
1028383;07:32:01;629156.1309066467 5802936.232166412;627878.2446279965 5802086.389285015;PersonalVehicle
1003689;07:32:02;632308.0829677337 5806201.354935462;632241.1798884651 5806450.606775579;PersonalVehicle
1064444;07:32:04;628202.9726353 5804895.074806652;625739.9961724767 5804286.129116885;PersonalVehicle
1012516;07:32:06;630093.8440542369 5807791.045559874;625506.3564786583 5800324.4571683705;PersonalVehicle
1004280;07:32:07;630716.3933754454 5805833.945628125;634266.520278123 5803737.794336154;PersonalVehicle
687108;07:32:08;633672.1088953787 5801895.047217489;628908.0083016613 5804344.456676913;PersonalVehicle
1137341;07:32:08;625506.3564786583 5800324.4571683705;627351.5640392867 5802196.719525806;PersonalVehicle
1097481;07:32:08;631309.9015562482 5802408.560645819;625506.3564786583 5800324.4571683705;PersonalVehicle
1044381;07:32:08;632357.7464165204 5800288.209577048;626768.6898893379 5804549.699651855;PersonalVehicle
1030573;07:32:09;625506.3564786583 5800324.4571683705;628824.2441633316 5803927.559656484;PersonalVehicle
1121711;07:32:11;633672.1088953787 5801895.047217489;627399.4211887394 5802260.834826973;PersonalVehicle
996165;07:32:12;631913.9173730104 5808124.069404383;627744.6275125296 5806151.37338272;PersonalVehicle
1088912;07:32:12;629580.8273782486 5800763.98293517;630138.8285895586 5801108.603547944;PersonalVehicle
1130666;07:32:13;630377.2935286161 5799276.878224155;628961.053232641 5802923.929130379;PersonalVehicle
1097620;07:32:14;631115.5081758895 5802864.267308998;628180.2427327335 5804546.835520404;PersonalVehicle
1065778;07:32:14;628080.5955202816 5803666.693896957;629483.4149071325 5803962.644091701;PersonalVehicle
1093088;07:32:14;630710.7290639698 5802079.748028409;632357.7464165204 5800288.209577048;PersonalVehicle
1095040;07:32:15;631103.3864937073 5802294.800949386;630803.4421122083 5802533.08919195;PersonalVehicle
1010651;07:32:16;628406.3729941521 5807647.681724028;633672.1088953787 5801895.047217489;PersonalVehicle
1080142;07:32:16;630338.7902520561 5802083.928082294;630681.8449000071 5802006.7286591865;PersonalVehicle
970055;07:32:16;627498.1724596496 5810012.366902584;629321.9010226668 5803781.238502896;PersonalVehicle
1091811;07:32:17;626567.5297264771 5803497.263804136;630377.2935286161 5799276.878224155;PersonalVehicle
1009591;07:32:18;630259.6060940003 5806129.183656988;629848.4771673441 5807866.893314254;PersonalVehicle
1102598;07:32:20;632136.1998631648 5804069.884608134;629480.9295970171 5803139.833973881;PersonalVehicle
1038556;07:32:20;627275.4960240868 5803169.477872854;632357.7464165204 5800288.209577048;PersonalVehicle
824819;07:32:20;632357.7464165204 5800288.209577048;626611.8433045214 5803954.232677392;PersonalVehicle
1075743;07:32:21;628606.481692774 5802299.958348522;630377.2935286161 5799276.878224155;PersonalVehicle
394552;07:32:21;634266.520278123 5803737.794336154;629545.3110920949 5804007.283938178;PersonalVehicle
1121278;07:32:21;633672.1088953787 5801895.047217489;629709.3972243944 5801454.68648848;PersonalVehicle
1094697;07:32:23;630741.5955210398 5802016.845290852;625506.3564786583 5800324.4571683705;PersonalVehicle
1019194;07:32:28;628526.9885166422 5809236.503704112;625495.2665135056 5806727.877555828;PersonalVehicle
1116529;07:32:28;632357.7464165204 5800288.209577048;629014.1343424581 5803525.477106898;PersonalVehicle
1013574;07:32:29;630502.3438636868 5807807.201114106;630428.8916436571 5802347.1119197775;PersonalVehicle
1073781;07:32:30;628091.6320381974 5802298.360818957;631135.3653369064 5800945.884753339;PersonalVehicle
1084983;07:32:31;628825.299553432 5801206.0913109975;630377.2935286161 5799276.878224155;PersonalVehicle
1037846;07:32:32;626762.1550993458 5803234.943006822;634266.520278123 5803737.794336154;PersonalVehicle
1015142;07:32:32;628600.6812148704 5809161.549968457;625506.3564786583 5800324.4571683705;PersonalVehicle
1074357;07:32:35;627917.9247587918 5802780.4118594425;628309.5964618354 5802258.579686064;PersonalVehicle
1010421;07:32:36;629873.8223779546 5806137.791583844;629896.9793902048 5805585.030134114;PersonalVehicle
998250;07:32:38;631913.9173730104 5808124.069404383;630479.5546648531 5801338.701148067;PersonalVehicle
450568;07:32:40;634266.520278123 5803737.794336154;626438.3121694984 5801863.276484165;PersonalVehicle
1174603;07:32:42;634266.520278123 5803737.794336154;629283.4030017748 5804610.471931174;PersonalVehicle
1007355;07:32:43;632160.9372917576 5807228.900274055;629643.8365519048 5804305.024191811;PersonalVehicle
1136926;07:32:44;625506.3564786583 5800324.4571683705;629155.243514976 5803985.682735336;PersonalVehicle
1149983;07:32:45;625506.3564786583 5800324.4571683705;628809.7699754271 5802895.598334554;PersonalVehicle
1098529;07:32:45;631149.1678557079 5800794.879879411;628634.3798466363 5801120.825672424;PersonalVehicle
1530076;07:32:45;625506.3564786583 5800324.4571683705;626579.8420446425 5800787.177291657;PersonalVehicle
1038522;07:32:46;627384.2487572962 5803212.0511571225;625506.3564786583 5800324.4571683705;PersonalVehicle
1103150;07:32:46;632274.5992646466 5804155.468690515;625495.2665135056 5806727.877555828;PersonalVehicle
1058314;07:32:49;629639.6453296125 5804107.582151653;625495.2665135056 5806727.877555828;PersonalVehicle
1060706;07:32:50;628071.7376072077 5805826.311781278;631602.8153066491 5804372.40248699;PersonalVehicle
1067811;07:32:53;628357.8422170405 5803097.075560311;629237.2160876665 5803301.541891875;PersonalVehicle
1138611;07:32:54;625506.3564786583 5800324.4571683705;627716.9571061166 5805967.41071634;PersonalVehicle
1066071;07:32:54;628064.0848342556 5803939.028970681;625506.3564786583 5800324.4571683705;PersonalVehicle
1101826;07:32:55;630970.9392056637 5805003.756313804;628993.601194063 5803067.666609434;PersonalVehicle
1033561;07:32:55;627656.0808131811 5805475.93879123;625495.2665135056 5806727.877555828;PersonalVehicle
1102038;07:33:00;629656.812645438 5803213.127504166;629767.0018768371 5803135.2289766;PersonalVehicle
1014946;07:33:01;628342.6883235953 5809212.931585487;626265.5624679505 5803349.052089375;PersonalVehicle
1085851;07:33:01;627763.3080312434 5801203.211138713;627451.7027691546 5801219.133277235;PersonalVehicle
1104995;07:33:01;631953.6338423125 5803547.009859298;627959.5953589064 5805499.676165085;PersonalVehicle
1105237;07:33:03;629345.3695483438 5801516.040106687;629535.8696664472 5801180.3460211335;PersonalVehicle
1097797;07:33:03;631438.4870667075 5803517.337998135;632357.7464165204 5800288.209577048;PersonalVehicle
1019824;07:33:03;625495.2665135056 5806727.877555828;625837.1673444442 5805004.633415796;PersonalVehicle
1012944;07:33:04;630031.39312835 5807878.344435222;625495.2665135056 5806727.877555828;PersonalVehicle
1116224;07:33:04;629508.6322667327 5800565.016779974;632357.7464165204 5800288.209577048;PersonalVehicle
1039202;07:33:05;627027.7925752144 5803007.253336706;632357.7464165204 5800288.209577048;PersonalVehicle
1044174;07:33:06;625801.4993129642 5804640.471975148;627744.2583691721 5802608.625235293;PersonalVehicle
973294;07:33:06;625843.3733018766 5804334.332048782;625495.2665135056 5806727.877555828;PersonalVehicle
1104744;07:33:07;631971.5231304701 5802639.940005416;632357.7464165204 5800288.209577048;PersonalVehicle
1095476;07:33:07;631155.2117509395 5802606.085612481;630506.7220455359 5802978.890622999;PersonalVehicle
1106743;07:33:07;632328.4158395424 5803242.175974229;631125.9796834437 5805912.493586216;PersonalVehicle
1010267;07:33:08;630112.2457528821 5806199.764662343;628837.9673277484 5804642.181028579;PersonalVehicle
1047983;07:33:08;626716.0251982913 5803786.248573775;625495.2665135056 5806727.877555828;PersonalVehicle
1006852;07:33:08;630834.9174137501 5806984.850369673;634266.520278123 5803737.794336154;PersonalVehicle
1004193;07:33:08;630538.626432736 5805530.728590134;633672.1088953787 5801895.047217489;PersonalVehicle
1092898;07:33:08;630306.7540269967 5802386.468516068;634266.520278123 5803737.794336154;PersonalVehicle
1062023;07:33:09;628904.6134760178 5804917.828618245;630476.8250803594 5806941.979918124;PersonalVehicle
1096709;07:33:10;631392.7763530324 5802996.498651418;627411.3714532973 5801299.42048664;PersonalVehicle
1129457;07:33:11;630042.6083942932 5801709.118228247;625506.3564786583 5800324.4571683705;PersonalVehicle
1132677;07:33:12;625506.3564786583 5800324.4571683705;629647.4528598343 5800668.805663275;PersonalVehicle
1085319;07:33:13;628681.5968671994 5801399.901790851;628259.8168738277 5805618.651240957;PersonalVehicle
1007052;07:33:13;631826.7196926858 5806999.270995182;625506.3564786583 5800324.4571683705;PersonalVehicle
1095345;07:33:18;630860.3849319918 5802005.120980447;634266.520278123 5803737.794336154;PersonalVehicle
1041658;07:33:19;626427.7886968746 5805028.628099099;626144.4409501402 5804753.463901436;PersonalVehicle
995745;07:33:20;631913.9173730104 5808124.069404383;630272.7166005494 5801858.617644434;PersonalVehicle
929489;07:33:20;625506.3564786583 5800324.4571683705;631051.2638727885 5806548.9867541995;PersonalVehicle
1072949;07:33:21;628222.9164534451 5801733.801679777;625506.3564786583 5800324.4571683705;PersonalVehicle
431060;07:33:21;634266.520278123 5803737.794336154;628085.4540179166 5803431.037598738;PersonalVehicle
1050218;07:33:22;630775.4006307865 5802518.686335754;625517.8586100246 5802799.648434096;PersonalVehicle
1057418;07:33:26;629602.5514908077 5804414.768237608;629587.8612344722 5804039.733675746;PersonalVehicle
1010613;07:33:28;628191.9837434846 5808524.103236911;630386.0314641446 5806462.061255076;PersonalVehicle
1004049;07:33:29;630377.2935286161 5799276.878224155;628685.7935429062 5804396.625153161;PersonalVehicle
1014431;07:33:31;628342.6883235953 5809212.931585487;625506.3564786583 5800324.4571683705;PersonalVehicle
1045354;07:33:32;625743.3490613878 5804201.637815676;625841.5019274654 5803994.189407294;PersonalVehicle
871269;07:33:33;627498.1724596496 5810012.366902584;628623.6867816958 5804246.405233008;PersonalVehicle
1124885;07:33:33;632357.7464165204 5800288.209577048;630735.8631360754 5802092.218703515;PersonalVehicle
1085638;07:33:34;629405.9030945792 5801097.858038169;628726.6704304348 5801924.448406296;PersonalVehicle
1125598;07:33:35;625506.3564786583 5800324.4571683705;630580.2972972264 5801913.129520777;PersonalVehicle
1036326;07:33:37;627474.4755060669 5803959.881461993;627474.4755060669 5803959.881461993;PersonalVehicle
1098175;07:33:38;632681.6771686166 5800864.358581833;628845.0233596131 5804567.28138773;PersonalVehicle
1658594;07:33:40;625506.3564786583 5800324.4571683705;630953.3987583996 5803920.702466171;PersonalVehicle
399665;07:33:40;634266.520278123 5803737.794336154;628218.8860737546 5802449.994347775;PersonalVehicle
965417;07:33:41;627498.1724596496 5810012.366902584;630693.3992664786 5803993.671208604;PersonalVehicle
1026771;07:33:42;625506.3564786583 5800324.4571683705;625866.0438355873 5803733.297785623;PersonalVehicle
1008413;07:33:42;632049.7178133001 5807742.404853574;632757.1341131575 5806757.366668989;PersonalVehicle
1122084;07:33:42;633672.1088953787 5801895.047217489;631939.1972815484 5802432.159225808;PersonalVehicle
944522;07:33:44;625495.2665135056 5806727.877555828;632516.1230743225 5807504.728020046;PersonalVehicle
999323;07:33:46;627498.1724596496 5810012.366902584;630251.0131435152 5806407.686988239;PersonalVehicle
1042141;07:33:46;625811.1053917985 5805103.181261698;631389.3922735328 5803514.618035814;PersonalVehicle
1104995;07:33:47;627959.5953589064 5805499.676165085;631953.6338423125 5803547.009859298;PersonalVehicle
1102391;07:33:48;631178.1963915342 5804605.82987972;631854.0862794494 5803832.236010786;PersonalVehicle
1093679;07:33:49;630633.3615390393 5802052.416148547;631265.8783431309 5800372.449048398;PersonalVehicle
1092859;07:33:50;630385.8711791998 5802175.480439312;630177.8756899775 5802709.444189949;PersonalVehicle
1027191;07:33:51;625506.3564786583 5800324.4571683705;628760.7723302528 5804933.450879166;PersonalVehicle
1005322;07:33:53;633387.54975436 5806640.825662751;634266.520278123 5803737.794336154;PersonalVehicle
1087153;07:33:55;632357.7464165204 5800288.209577048;629974.2195063552 5800685.437005896;PersonalVehicle
1010465;07:33:57;630519.2517400146 5807171.201224143;634266.520278123 5803737.794336154;PersonalVehicle
780030;07:33:58;633672.1088953787 5801895.047217489;629064.4379006712 5804772.812573983;PersonalVehicle
823278;07:33:58;630377.2935286161 5799276.878224155;628770.8408030324 5803489.116490789;PersonalVehicle
1063888;07:33:59;629008.393877451 5803431.041404421;628440.2100371049 5804454.80777224;PersonalVehicle
1107488;07:33:59;632330.8753963236 5803038.792703308;630205.202626839 5802876.396409715;PersonalVehicle
1165554;07:34:00;634266.520278123 5803737.794336154;631801.2513696705 5802224.029806167;PersonalVehicle
1093393;07:34:01;630477.2112225054 5802516.467197691;631913.9173730104 5808124.069404383;PersonalVehicle
1028383;07:34:04;627878.2446279965 5802086.389285015;625506.3564786583 5800324.4571683705;PersonalVehicle
1099137;07:34:04;633672.1088953787 5801895.047217489;631368.3697877388 5801651.265877053;PersonalVehicle
1081584;07:34:06;626479.0775218315 5802010.724049211;627498.1724596496 5810012.366902584;PersonalVehicle
1072079;07:34:06;630946.0940993208 5803759.687592612;630045.5952943034 5803596.387916539;PersonalVehicle
1131685;07:34:06;630377.2935286161 5799276.878224155;626868.3124448191 5801487.591059793;PersonalVehicle
1014362;07:34:06;628600.0277487196 5809175.659396143;628379.9081551913 5809509.7234192435;PersonalVehicle
1195784;07:34:07;625506.3564786583 5800324.4571683705;625558.7343429539 5803213.871309321;PersonalVehicle
1114833;07:34:07;629411.2818224216 5801266.611267567;633672.1088953787 5801895.047217489;PersonalVehicle
1078272;07:34:08;629508.9321794353 5801934.008707723;625506.3564786583 5800324.4571683705;PersonalVehicle
1048801;07:34:08;626334.7191633264 5803902.169956975;627903.662328528 5804641.281964117;PersonalVehicle
1061296;07:34:09;628771.5909970482 5805725.670111379;628160.891703235 5804648.104912302;PersonalVehicle
1071001;07:34:10;629803.298545834 5803355.934991494;634266.520278123 5803737.794336154;PersonalVehicle
1092402;07:34:10;630440.6558595634 5802862.967044161;627382.3258903006 5806333.560378377;PersonalVehicle
1107371;07:34:12;629970.1197509208 5806305.152298712;625506.3564786583 5800324.4571683705;PersonalVehicle
1127266;07:34:13;625506.3564786583 5800324.4571683705;627854.5862492794 5804623.527268309;PersonalVehicle
1123415;07:34:14;629745.0734984175 5801691.32451234;633672.1088953787 5801895.047217489;PersonalVehicle
1047284;07:34:14;626161.3177220376 5804161.70472779;631574.6818251829 5801502.238241155;PersonalVehicle
979710;07:34:14;631057.9910851108 5806635.438559747;627498.1724596496 5810012.366902584;PersonalVehicle
1013605;07:34:15;630527.8807140103 5808573.000872556;629497.4469111626 5804490.306369606;PersonalVehicle
994500;07:34:20;631913.9173730104 5808124.069404383;631951.6723948724 5803866.022505352;PersonalVehicle
1060239;07:34:20;627896.8699413813 5805834.3812564695;628377.7290711385 5804796.367488539;PersonalVehicle
1065316;07:34:21;625506.3564786583 5800324.4571683705;628448.0089935933 5804726.964394299;PersonalVehicle
1073415;07:34:23;628794.209078539 5801280.451964307;628332.9484933281 5802726.41757042;PersonalVehicle
1044917;07:34:24;626083.0360968028 5804010.374897583;634266.520278123 5803737.794336154;PersonalVehicle
999558;07:34:25;629922.2705887682 5808932.9256442925;628282.1644645713 5809817.302455245;PersonalVehicle
989118;07:34:25;631913.9173730104 5808124.069404383;630871.5398606808 5804414.046846632;PersonalVehicle
1083369;07:34:26;627423.0260176944 5801187.062948441;626909.2238044973 5801577.978220509;PersonalVehicle
1106675;07:34:27;632266.84021741 5802760.895000311;634266.520278123 5803737.794336154;PersonalVehicle
1106351;07:34:27;632414.8055933863 5803435.643947491;629306.3455191394 5803465.928494828;PersonalVehicle
1477140;07:34:29;625506.3564786583 5800324.4571683705;629475.4996219625 5804251.111531149;PersonalVehicle
1058081;07:34:29;629681.4618928094 5804158.948932299;630033.9551094101 5803868.564190408;PersonalVehicle
875411;07:34:29;627498.1724596496 5810012.366902584;628443.516255288 5809459.926780997;PersonalVehicle
1130214;07:34:29;625506.3564786583 5800324.4571683705;628143.3997018295 5802207.5296263145;PersonalVehicle
1069242;07:34:30;628907.0809492123 5802661.648307463;627498.1724596496 5810012.366902584;PersonalVehicle
1041013;07:34:30;627107.1362018553 5803000.613719126;629085.5715945011 5804695.417157936;PersonalVehicle
1028724;07:34:30;625506.3564786583 5800324.4571683705;627936.545909646 5804939.03130148;PersonalVehicle
1066920;07:34:30;628210.5330088275 5804148.734749787;628365.5758901542 5803350.7130286675;PersonalVehicle
1012410;07:34:31;630584.4036169995 5807535.642055613;630584.4036169995 5807535.642055613;PersonalVehicle
1005472;07:34:33;630470.8874761673 5807567.976695539;629824.1786526232 5806056.172652455;PersonalVehicle
889869;07:34:33;627498.1724596496 5810012.366902584;629395.6788191287 5809181.360256196;PersonalVehicle
1124740;07:34:33;630377.2935286161 5799276.878224155;629888.6763766692 5800996.734704997;PersonalVehicle
1006971;07:34:34;632156.9162939141 5807222.6648517065;631913.9173730104 5808124.069404383;PersonalVehicle
1038308;07:34:34;627035.1667512426 5803413.653566224;627859.489020311 5801234.7859025365;PersonalVehicle
399565;07:34:34;634266.520278123 5803737.794336154;631870.733872344 5802451.161611185;PersonalVehicle
1080567;07:34:34;626972.8792361463 5802104.508853063;627498.1724596496 5810012.366902584;PersonalVehicle
794579;07:34:35;632357.7464165204 5800288.209577048;630504.8633849173 5803237.1399663035;PersonalVehicle
1064643;07:34:36;628038.0234991539 5803199.396760713;628291.0687656592 5804667.69078251;PersonalVehicle
1064845;07:34:37;628223.2593099993 5805153.23914176;627962.9036605066 5801351.005289684;PersonalVehicle
1097107;07:34:41;631129.3091216414 5803313.8724041395;633672.1088953787 5801895.047217489;PersonalVehicle
1070948;07:34:45;631072.9645072652 5803797.896984131;625506.3564786583 5800324.4571683705;PersonalVehicle
1045163;07:34:46;626628.398826225 5804122.750064459;626501.7796699856 5804160.65265125;PersonalVehicle
1102510;07:34:47;632613.0207143463 5804223.495771478;630301.1183045359 5807729.802160326;PersonalVehicle
1062778;07:34:47;628920.791542922 5804912.203576703;628538.4394734455 5805102.726799352;PersonalVehicle
867747;07:34:48;627498.1724596496 5810012.366902584;630221.6569275542 5806568.6211173115;PersonalVehicle
1076022;07:34:48;628585.1502502892 5801840.569029175;628806.052700866 5804597.031321321;PersonalVehicle
425166;07:34:53;634266.520278123 5803737.794336154;627816.9475402454 5806131.232728567;PersonalVehicle
885730;07:34:53;627498.1724596496 5810012.366902584;627856.0864198261 5801741.322583512;PersonalVehicle
1050841;07:34:53;626418.0387076479 5802760.223513008;631217.2761363431 5803042.188270453;PersonalVehicle
920571;07:34:53;625495.2665135056 5806727.877555828;626637.7692158597 5803931.647245295;PersonalVehicle
1013586;07:34:53;630069.8773911486 5807850.915151869;630504.8633849173 5803237.1399663035;PersonalVehicle
1078775;07:34:56;629122.1416205865 5801975.619244795;625506.3564786583 5800324.4571683705;PersonalVehicle
998544;07:34:56;634266.520278123 5803737.794336154;630654.6694532508 5802159.65872035;PersonalVehicle
1654179;07:34:57;625506.3564786583 5800324.4571683705;628841.6300241008 5804038.741380667;PersonalVehicle
1096872;07:34:57;631502.2204361385 5802684.268822067;631141.4311260332 5802859.402502692;PersonalVehicle
401056;07:34:58;634266.520278123 5803737.794336154;629514.8380696664 5800771.643534876;PersonalVehicle
1087935;07:34:58;630030.7376063722 5801131.042534787;631229.4310038314 5800378.792517412;PersonalVehicle
487872;07:34:58;634266.520278123 5803737.794336154;628405.6849103475 5805541.657289828;PersonalVehicle
1038893;07:34:59;626939.4974178657 5802732.891937489;625506.3564786583 5800324.4571683705;PersonalVehicle
1067580;07:35:01;628336.2496524154 5803343.721467964;629133.7222706233 5803188.903702375;PersonalVehicle
1034748;07:35:01;627584.1279838678 5804562.212554821;627577.1085664517 5805099.241032946;PersonalVehicle
1052296;07:35:02;626038.9816911598 5801472.962781992;625834.6370874557 5801555.8967631;PersonalVehicle
1035547;07:35:03;627653.944759969 5804413.772069719;629050.5401335467 5803856.774129038;PersonalVehicle
1014963;07:35:03;628528.5083539557 5809218.87971644;628904.395117368 5804137.618748843;PersonalVehicle
1076179;07:35:03;629230.4353324156 5803044.62367716;628692.3963142437 5801953.887801224;PersonalVehicle
1057667;07:35:04;633672.1088953787 5801895.047217489;630050.3047154889 5803887.782369763;PersonalVehicle
1103942;07:35:04;631837.6787592483 5802909.343429726;634266.520278123 5803737.794336154;PersonalVehicle
1101034;07:35:05;631836.2656826294 5802197.218309327;625506.3564786583 5800324.4571683705;PersonalVehicle
1038976;07:35:06;626320.0853629429 5802342.554409701;625495.2665135056 5806727.877555828;PersonalVehicle
716987;07:35:06;633672.1088953787 5801895.047217489;629068.7310124132 5802766.627262741;PersonalVehicle
951408;07:35:06;625495.2665135056 5806727.877555828;627995.0658192456 5803713.9844653215;PersonalVehicle
1111401;07:35:09;633672.1088953787 5801895.047217489;627721.0618444083 5801492.387894613;PersonalVehicle
1876386;07:35:09;628267.4630197563 5802007.450921273;632357.7464165204 5800288.209577048;PersonalVehicle
981878;07:35:11;627498.1724596496 5810012.366902584;629867.2016038721 5804112.309639369;PersonalVehicle
1122319;07:35:11;633672.1088953787 5801895.047217489;628900.2338382486 5803905.422818209;PersonalVehicle
1094323;07:35:12;630226.1999180346 5802663.236253442;628648.0065341289 5801957.111686154;PersonalVehicle
1093060;07:35:12;630768.1127182533 5801914.486667095;627928.3588495413 5804213.512816842;PersonalVehicle
1064523;07:35:12;628126.2491256269 5805260.314777742;631913.9173730104 5808124.069404383;PersonalVehicle
1043482;07:35:12;625685.5537647787 5805036.4782379465;628440.3670706921 5804115.9387961505;PersonalVehicle
1013936;07:35:12;630146.1738160553 5808168.669892687;625495.2665135056 5806727.877555828;PersonalVehicle
867048;07:35:13;627498.1724596496 5810012.366902584;626639.7957424622 5802726.2921384545;PersonalVehicle
876846;07:35:13;627498.1724596496 5810012.366902584;630112.468311297 5806085.976928336;PersonalVehicle
1169097;07:35:15;634266.520278123 5803737.794336154;631806.4850463946 5803057.61627964;PersonalVehicle
1060222;07:35:16;627923.2701476386 5806220.535346504;627708.8540652463 5806076.965340294;PersonalVehicle
1112056;07:35:16;632357.7464165204 5800288.209577048;631844.3977003295 5801814.641217795;PersonalVehicle
1119557;07:35:16;632357.7464165204 5800288.209577048;627297.02440533 5800869.378325583;PersonalVehicle
1099143;07:35:17;631900.6270128251 5801432.772737902;627634.0231699505 5801109.8942976715;PersonalVehicle
1005249;07:35:18;633146.7276849264 5806402.565550269;632495.0704826805 5806167.860049435;PersonalVehicle
1117929;07:35:19;632357.7464165204 5800288.209577048;627980.5960193845 5804416.263068737;PersonalVehicle
1057530;07:35:21;629393.2769426056 5803867.129758807;629524.034411999 5804271.116401547;PersonalVehicle
1014056;07:35:21;630970.3321406458 5808515.544450526;630545.6854000674 5807872.043146878;PersonalVehicle
1294812;07:35:25;625506.3564786583 5800324.4571683705;628657.3521573192 5803134.286781784;PersonalVehicle
988025;07:35:25;631913.9173730104 5808124.069404383;628699.3571674677 5801589.339719977;PersonalVehicle
1007816;07:35:27;631414.877843159 5806354.850115477;631701.0521477773 5807554.554088804;PersonalVehicle
1074075;07:35:28;627989.7454611214 5802813.742871276;627470.519666802 5801759.6937946435;PersonalVehicle
1086813;07:35:28;629854.3725453789 5801435.946550958;631913.9173730104 5808124.069404383;PersonalVehicle
1071343;07:35:29;629934.6080311157 5803169.394177646;625506.3564786583 5800324.4571683705;PersonalVehicle
1003150;07:35:29;632063.9001762173 5806553.702375357;630529.1197495265 5803765.470080536;PersonalVehicle
1136535;07:35:29;625506.3564786583 5800324.4571683705;628160.891703235 5804648.104912302;PersonalVehicle
1060240;07:35:31;627390.234456756 5806371.902396438;628388.3042852686 5805339.138273039;PersonalVehicle
1050839;07:35:31;625511.3524942386 5802940.194894642;630403.8538745267 5803896.221138006;PersonalVehicle
1100102;07:35:31;631627.9957121306 5801553.040344976;625506.3564786583 5800324.4571683705;PersonalVehicle
1106685;07:35:31;632097.5113998691 5803517.716203553;628466.0454808618 5804830.190158961;PersonalVehicle
1045989;07:35:33;627323.6894456033 5805028.045677861;626779.215760252 5804149.894974848;PersonalVehicle
1004976;07:35:35;633237.5217227731 5806654.395030312;629993.3442593395 5807617.589044196;PersonalVehicle
1093670;07:35:35;630710.7290639698 5802079.748028409;633672.1088953787 5801895.047217489;PersonalVehicle
1034860;07:35:36;626044.2167370539 5804657.152540889;627609.4319863191 5804753.050117119;PersonalVehicle
1081369;07:35:36;626562.4948430046 5801758.775811168;629230.4353324156 5803044.62367716;PersonalVehicle
1051307;07:35:39;626062.3711932631 5802737.713106462;633672.1088953787 5801895.047217489;PersonalVehicle
1076198;07:35:40;628639.02065585 5802154.427989023;634266.520278123 5803737.794336154;PersonalVehicle
1078562;07:35:40;629433.3153777404 5802199.555676291;630377.2935286161 5799276.878224155;PersonalVehicle
992674;07:35:41;631913.9173730104 5808124.069404383;630527.8807140103 5808573.000872556;PersonalVehicle
1055893;07:35:41;625495.2665135056 5806727.877555828;626211.7096544526 5801666.499442361;PersonalVehicle
1162747;07:35:43;634266.520278123 5803737.794336154;630524.1203308481 5803272.7466077255;PersonalVehicle
1005157;07:35:43;633107.5308886982 5806384.1926501775;633198.0366015004 5805971.093265579;PersonalVehicle
1075204;07:35:44;628624.9683867107 5802251.73484399;628901.8270655539 5800960.529596601;PersonalVehicle
1067625;07:35:46;628713.349023627 5802880.49773843;631913.9173730104 5808124.069404383;PersonalVehicle
1033195;07:35:47;631834.823468854 5807544.586247118;627509.686917803 5805341.9909254;PersonalVehicle
1083859;07:35:48;627432.321307613 5801098.167680432;626277.3681837972 5802940.126810632;PersonalVehicle
1185402;07:35:48;634266.520278123 5803737.794336154;628974.1716216324 5804567.501325247;PersonalVehicle
1085544;07:35:48;630024.5498380343 5801363.20675766;625506.3564786583 5800324.4571683705;PersonalVehicle
1289467;07:35:49;625506.3564786583 5800324.4571683705;627895.3816041681 5802144.6499117995;PersonalVehicle
1468449;07:35:50;630930.1982155137 5806168.526888317;625506.3564786583 5800324.4571683705;PersonalVehicle
1058904;07:35:51;629113.0075442923 5804784.230386699;626679.642757068 5806180.440414359;PersonalVehicle
1079394;07:35:51;629473.7047853074 5802248.339081889;628476.2245906387 5803040.249717248;PersonalVehicle
1066782;07:35:52;628137.2049197925 5804301.592801303;633672.1088953787 5801895.047217489;PersonalVehicle
1116642;07:35:56;632357.7464165204 5800288.209577048;628574.1495115092 5804970.32948043;PersonalVehicle
1048378;07:35:56;626622.7952834447 5803880.073178098;625986.168156132 5803667.606037932;PersonalVehicle
1035599;07:35:57;627336.7554821434 5804242.9508674145;632357.7464165204 5800288.209577048;PersonalVehicle
1098256;07:35:57;632712.3226301793 5800820.810925583;627530.3759170715 5801134.025039743;PersonalVehicle
1084324;07:35:59;627791.275072304 5800812.439747916;626955.3188771151 5801201.328084404;PersonalVehicle
1105525;07:36:01;632117.3059629018 5802733.355944395;625506.3564786583 5800324.4571683705;PersonalVehicle
539403;07:36:02;634266.520278123 5803737.794336154;628556.96703031 5803765.787539978;PersonalVehicle
1014446;07:36:03;628600.6812148704 5809161.549968457;631913.9173730104 5808124.069404383;PersonalVehicle
1262935;07:36:04;625506.3564786583 5800324.4571683705;632620.9453288261 5805945.1581639135;PersonalVehicle
1067308;07:36:05;628156.0348245507 5804047.93968133;627403.8373283221 5803518.673842516;PersonalVehicle
1071236;07:36:05;630504.4520167346 5803993.355274036;629710.0537312112 5807289.346196674;PersonalVehicle
1095815;07:36:06;631032.3368127635 5802376.551297531;628223.2593099993 5805153.23914176;PersonalVehicle
1033747;07:36:07;627312.2282003758 5805123.804443871;625495.2665135056 5806727.877555828;PersonalVehicle
1048695;07:36:07;626411.1723238903 5803468.219242014;626516.2655584222 5801737.407432359;PersonalVehicle
1074791;07:36:09;628939.9432972077 5801673.846664116;628804.4328608131 5801847.20410111;PersonalVehicle
1084665;07:36:10;627898.6057387082 5801671.109875699;628652.0297445215 5801375.47629555;PersonalVehicle
1071062;07:36:11;630045.5952943034 5803596.387916539;627473.976886666 5802401.767123657;PersonalVehicle
1122610;07:36:11;633672.1088953787 5801895.047217489;629848.6312795146 5801790.899166036;PersonalVehicle
1067075;07:36:12;628041.4410058515 5804877.342277129;628071.5055606385 5804103.7063933555;PersonalVehicle
1058021;07:36:13;630212.8720517957 5802108.906069279;625495.2665135056 5806727.877555828;PersonalVehicle
1116981;07:36:14;632357.7464165204 5800288.209577048;627791.5315721015 5801387.653529701;PersonalVehicle
1035862;07:36:14;626789.6814334781 5803107.914547787;627357.361118359 5804455.715925677;PersonalVehicle
1065861;07:36:15;627968.271948069 5803447.383091149;628265.1931586505 5804475.259845007;PersonalVehicle
1094980;07:36:15;630891.055432284 5802302.842785555;630026.6541764913 5802337.458463426;PersonalVehicle
1007493;07:36:15;632009.6443980773 5806882.8214318175;630871.5398606808 5804414.046846632;PersonalVehicle
1130133;07:36:16;625506.3564786583 5800324.4571683705;629354.1798596499 5803363.357379586;PersonalVehicle
1005540;07:36:16;632330.0296719675 5806801.2167316135;633220.2682705165 5806139.602839851;PersonalVehicle
973642;07:36:17;627498.1724596496 5810012.366902584;627816.1789008405 5801853.3732849425;PersonalVehicle
1146652;07:36:18;627254.8956778919 5805200.931584432;625495.2665135056 5806727.877555828;PersonalVehicle
1321308;07:36:18;629127.0380202255 5802683.991091265;625506.3564786583 5800324.4571683705;PersonalVehicle
1042062;07:36:22;626100.4561648539 5805044.669347481;625835.3923896853 5805043.25758975;PersonalVehicle
842974;07:36:27;631913.9173730104 5808124.069404383;629067.8716985408 5804056.910614228;PersonalVehicle
1053165;07:36:27;625506.3564786583 5800324.4571683705;625928.8560611703 5803744.759838122;PersonalVehicle
822650;07:36:28;630377.2935286161 5799276.878224155;631797.461477913 5801688.800746386;PersonalVehicle
1039289;07:36:30;626525.4119629059 5802743.692391726;626492.5834799185 5802801.731668525;PersonalVehicle
1043312;07:36:31;626635.9912264746 5803998.538425441;626635.9912264746 5803998.538425441;PersonalVehicle
815491;07:36:32;630377.2935286161 5799276.878224155;627819.2166117796 5801531.718426036;PersonalVehicle
1045220;07:36:35;628034.375246131 5803900.29303501;630183.91199077 5807280.649294772;PersonalVehicle
1158990;07:36:35;634266.520278123 5803737.794336154;630186.0967614516 5804220.934910197;PersonalVehicle
1062490;07:36:35;628694.861763038 5804999.845663394;628428.7824272884 5803868.84966858;PersonalVehicle
1095753;07:36:36;630869.8538344413 5802498.335429709;630580.2972972264 5801913.129520777;PersonalVehicle
1017221;07:36:39;625495.2665135056 5806727.877555828;625724.9973540015 5805009.816028208;PersonalVehicle
1060284;07:36:39;626828.9150932429 5807619.383521777;627417.2807866783 5802267.774020318;PersonalVehicle
1066041;07:36:40;627857.5332744773 5804206.145764763;630014.593951549 5802404.43979676;PersonalVehicle
1128821;07:36:41;627392.1086577489 5801410.748909951;625506.3564786583 5800324.4571683705;PersonalVehicle
1005342;07:36:41;632094.3181150261 5801570.387388824;633190.3429599694 5806209.157276256;PersonalVehicle
1042333;07:36:42;625847.0553025323 5805384.632148296;626369.446488712 5805354.005977192;PersonalVehicle
1102507;07:36:42;632042.5624036668 5804321.236755188;627424.2761409817 5801226.665340384;PersonalVehicle
1095260;07:36:42;631127.2124811779 5802271.859591034;630919.7846195219 5802273.143371174;PersonalVehicle
898540;07:36:43;625495.2665135056 5806727.877555828;627902.1120400487 5802405.179408206;PersonalVehicle
1039064;07:36:43;627148.5812350486 5802815.654435193;627501.7062041231 5803230.965095521;PersonalVehicle
1052028;07:36:44;626119.5443141151 5802345.915817439;627372.3133409733 5803570.610661503;PersonalVehicle
1065820;07:36:45;628090.6352813652 5803395.626871827;627304.336280276 5803371.470774822;PersonalVehicle
1095212;07:36:53;630915.845431868 5802390.007732167;626915.5001601231 5800864.635377334;PersonalVehicle
1082819;07:36:54;626662.6482924795 5801271.69396064;634266.520278123 5803737.794336154;PersonalVehicle
1135948;07:36:55;625506.3564786583 5800324.4571683705;626824.5994041335 5806635.015096397;PersonalVehicle
1069104;07:36:55;629235.2631348622 5802694.379761439;629132.6504067774 5802332.142992359;PersonalVehicle
1113222;07:36:56;633672.1088953787 5801895.047217489;628036.0894007822 5806069.241431959;PersonalVehicle
1009724;07:36:57;630120.4851591757 5806904.047324253;629316.2136696364 5803986.878409685;PersonalVehicle
1106691;07:37:00;631808.5827952318 5803083.668372664;632100.7381956 5803285.4123082515;PersonalVehicle
1078025;07:37:02;630393.930351627 5802887.214142243;630494.6248734251 5802430.577674651;PersonalVehicle
1042344;07:37:03;626322.2873380709 5805158.138607817;625495.2665135056 5806727.877555828;PersonalVehicle
1101362;07:37:04;632074.4335828513 5802371.785022915;632028.8176538966 5801681.387079994;PersonalVehicle
1062031;07:37:05;628417.4741234697 5805357.390836362;625495.2665135056 5806727.877555828;PersonalVehicle
1081898;07:37:07;626274.6470769311 5801956.597679054;626657.4737944964 5801659.245801852;PersonalVehicle
1066794;07:37:08;628006.2677997655 5804017.298012293;628006.2677997655 5804017.298012293;PersonalVehicle
1136237;07:37:08;625506.3564786583 5800324.4571683705;629270.1820338243 5800460.629193042;PersonalVehicle
1089063;07:37:10;629108.9187954685 5800546.578460949;627312.0949001517 5806750.080145298;PersonalVehicle
1109655;07:37:11;632357.7464165204 5800288.209577048;631131.2770896803 5801079.110677193;PersonalVehicle
1104487;07:37:11;631967.1884450227 5803231.631359624;631656.3622370602 5803194.158888644;PersonalVehicle
1055685;07:37:12;625506.3564786583 5800324.4571683705;630735.2310607854 5802191.864466272;PersonalVehicle
1010488;07:37:12;629948.0608098981 5805712.836162032;630149.6717939611 5806006.821828407;PersonalVehicle
1087352;07:37:14;628953.2770528205 5800906.131246669;629201.3378446432 5800794.662246791;PersonalVehicle
1075646;07:37:16;628731.1555354093 5802540.491917402;625495.2665135056 5806727.877555828;PersonalVehicle
972142;07:37:18;628805.2185476169 5804625.440612735;627498.1724596496 5810012.366902584;PersonalVehicle
1109213;07:37:19;632357.7464165204 5800288.209577048;629344.6445569023 5802998.9033227395;PersonalVehicle
1005796;07:37:19;627498.1724596496 5810012.366902584;633329.8797658068 5806646.4668704355;PersonalVehicle
1095764;07:37:19;630775.4006307865 5802518.686335754;630775.4006307865 5802518.686335754;PersonalVehicle
1013844;07:37:19;630055.0263064292 5807664.3947559735;625495.2665135056 5806727.877555828;PersonalVehicle
997485;07:37:19;631913.9173730104 5808124.069404383;629940.4672308732 5803885.296239656;PersonalVehicle
1035760;07:37:20;626018.4184634899 5804929.64306869;627529.7278484376 5802282.1076874165;PersonalVehicle
1079436;07:37:20;629695.1146332661 5801951.325946607;625506.3564786583 5800324.4571683705;PersonalVehicle
849135;07:37:20;631913.9173730104 5808124.069404383;630475.2355686172 5806700.545344471;PersonalVehicle
901445;07:37:20;627498.1724596496 5810012.366902584;629392.0664557884 5803013.4379601255;PersonalVehicle
1200973;07:37:21;625491.6081241897 5804148.244899501;626697.2718536562 5804112.080480882;PersonalVehicle
1078894;07:37:22;629085.7000683083 5802369.20197544;629151.5041768894 5802370.388789064;PersonalVehicle
1033531;07:37:23;626824.7292532383 5805397.71671294;627326.4790360724 5804974.169907459;PersonalVehicle
1097679;07:37:23;631469.2050813504 5802721.750861458;634266.520278123 5803737.794336154;PersonalVehicle
1067534;07:37:24;630377.2935286161 5799276.878224155;629393.6331856786 5803213.204640484;PersonalVehicle
1105036;07:37:25;631718.0710866946 5803311.645681564;628022.4132318937 5801494.003440106;PersonalVehicle
1101928;07:37:26;631891.7549651995 5804290.156602468;628580.5537780093 5802426.35522892;PersonalVehicle
1035064;07:37:29;625745.6574395252 5804801.696828382;627550.2094686249 5804907.58849763;PersonalVehicle
1051700;07:37:30;625953.0520716327 5801832.044402319;632357.7464165204 5800288.209577048;PersonalVehicle
1157770;07:37:30;625506.3564786583 5800324.4571683705;630874.4099550764 5808353.933646668;PersonalVehicle
1078592;07:37:31;629521.4304794257 5801901.012810519;631153.2322976751 5802479.247462836;PersonalVehicle
1104744;07:37:31;632043.1592533686 5803053.229454869;631971.5231304701 5802639.940005416;PersonalVehicle
1061010;07:37:33;626510.9613376143 5804301.9846655615;626510.9613376143 5804301.9846655615;PersonalVehicle
1086389;07:37:33;628897.4568012264 5802211.623913203;629289.2270593517 5801271.168109;PersonalVehicle
1071030;07:37:33;628783.8111294556 5803823.05223935;630082.9665640927 5803241.310349409;PersonalVehicle
1150171;07:37:34;625506.3564786583 5800324.4571683705;629593.866472821 5801278.912050374;PersonalVehicle
1096658;07:37:34;631027.4739478336 5803077.451266543;628181.5239071279 5803265.402469812;PersonalVehicle
403557;07:37:35;634266.520278123 5803737.794336154;631323.0118500576 5807167.822848448;PersonalVehicle
1087366;07:37:36;629066.8228534176 5800548.941376479;625506.3564786583 5800324.4571683705;PersonalVehicle
1092546;07:37:36;630040.991004848 5802517.45870899;627888.9691681525 5802501.980783265;PersonalVehicle
1037358;07:37:39;627241.0537112142 5803675.3592549935;631928.5482901379 5802335.765761395;PersonalVehicle
1107655;07:37:41;631662.6249450247 5803172.417869782;630377.2935286161 5799276.878224155;PersonalVehicle
1073530;07:37:42;627619.9249456576 5802019.7969537405;627826.7793755236 5802421.124512504;PersonalVehicle
1106187;07:37:42;632419.5818595 5802999.18728258;631933.4404595828 5801588.2567173615;PersonalVehicle
1005851;07:37:42;633220.2682705165 5806139.602839851;625506.3564786583 5800324.4571683705;PersonalVehicle
712383;07:37:42;634266.520278123 5803737.794336154;627971.0814308453 5805997.9940041285;PersonalVehicle
1013241;07:37:43;630263.6507912732 5807372.794704071;630263.6507912732 5807372.794704071;PersonalVehicle
1105050;07:37:45;633672.1088953787 5801895.047217489;631618.261328229 5803163.199958689;PersonalVehicle
1108599;07:37:45;633672.1088953787 5801895.047217489;630409.4522286502 5801141.427477022;PersonalVehicle
1440853;07:37:47;625506.3564786583 5800324.4571683705;628528.7952446765 5806016.4826720385;PersonalVehicle
1283217;07:37:48;625506.3564786583 5800324.4571683705;630932.2791523704 5803809.445364557;PersonalVehicle
1086067;07:37:48;629741.4542627446 5801321.418662387;628704.882605278 5801399.119364796;PersonalVehicle
1194475;07:37:48;625506.3564786583 5800324.4571683705;627247.0603208626 5802074.155388808;PersonalVehicle
1040119;07:37:49;625506.3564786583 5800324.4571683705;627756.9251377167 5802969.100407471;PersonalVehicle
1041759;07:37:49;625840.6665066677 5804833.653928952;632357.7464165204 5800288.209577048;PersonalVehicle
1087977;07:37:49;629007.9564055768 5800786.735353257;630013.1653890298 5801171.757516901;PersonalVehicle
1084324;07:37:50;626955.3188771151 5801201.328084404;627905.7079894593 5801335.987787721;PersonalVehicle
1098569;07:37:51;625506.3564786583 5800324.4571683705;631004.8944412979 5801405.05446863;PersonalVehicle
1097814;07:37:52;631123.9023008798 5803137.828641908;631322.9287800026 5802779.500904547;PersonalVehicle
1086684;07:37:53;629241.7531437653 5801180.051600794;628538.2979445821 5805857.540715567;PersonalVehicle
1093001;07:37:53;630225.1846552311 5802070.038904432;625506.3564786583 5800324.4571683705;PersonalVehicle
1043901;07:37:53;625889.9502899303 5804736.712505458;628126.376308114 5805168.36473077;PersonalVehicle
1104041;07:37:55;632062.5353555939 5802825.723316031;626801.9643155538 5801410.120540476;PersonalVehicle
1015341;07:37:56;629335.1502178686 5809666.194774582;625495.2665135056 5806727.877555828;PersonalVehicle
1159897;07:37:56;633672.1088953787 5801895.047217489;627931.4511244113 5801330.209276688;PersonalVehicle
1092440;07:37:57;630324.4330007735 5801742.268879703;628097.4606660419 5806187.766870478;PersonalVehicle
1068110;07:37:59;629341.4920853386 5803258.684563009;629148.5500541127 5804419.408708643;PersonalVehicle
1118792;07:37:59;632357.7464165204 5800288.209577048;627762.1902936008 5802161.630712069;PersonalVehicle
1027679;07:38:01;625506.3564786583 5800324.4571683705;625744.0967620247 5801620.122283354;PersonalVehicle
1105784;07:38:01;631733.8762481434 5803180.252436597;627822.8389594941 5804413.375855155;PersonalVehicle
1007577;07:38:02;632323.527304189 5807448.323433972;626403.3669621493 5803714.856573507;PersonalVehicle
1009055;07:38:03;629959.1170546344 5806062.629328348;625495.2665135056 5806727.877555828;PersonalVehicle
1049959;07:38:05;626431.5306641824 5803283.288402925;630457.5482249288 5806526.991961523;PersonalVehicle
1071726;07:38:05;629634.8840744097 5803442.880148444;631018.8304143865 5802242.044807717;PersonalVehicle
1058437;07:38:05;629393.2769426056 5803867.129758807;625506.3564786583 5800324.4571683705;PersonalVehicle
1095569;07:38:06;628702.0336738818 5804346.032194205;630911.8383205661 5802130.283328281;PersonalVehicle
1077253;07:38:06;629379.5756996613 5802129.560749962;628064.0848342556 5803939.028970681;PersonalVehicle
1095435;07:38:07;630638.0118659599 5802605.475951109;631135.7676104663 5802444.73972925;PersonalVehicle
1098113;07:38:07;632355.1100799539 5800829.311056987;629874.1325942859 5802887.223430956;PersonalVehicle
1049634;07:38:07;626606.554967238 5803377.131674317;626213.4127022731 5802975.865638348;PersonalVehicle
1099253;07:38:07;632621.2424956631 5800683.661468971;632357.7464165204 5800288.209577048;PersonalVehicle
1099213;07:38:08;631712.8784048412 5801228.925282162;631925.8330140152 5802486.42284232;PersonalVehicle
1015391;07:38:09;629300.3526588707 5809322.781754832;628648.3544401254 5809123.461417039;PersonalVehicle
1066627;07:38:10;625506.3564786583 5800324.4571683705;626793.3634790293 5802867.081214468;PersonalVehicle
1095862;07:38:10;630788.6912750156 5802097.691948497;625495.2665135056 5806727.877555828;PersonalVehicle
1069261;07:38:11;628689.1870640963 5803110.389322919;629534.2356288797 5802130.253597282;PersonalVehicle
1088031;07:38:11;629848.399813138 5801213.83341051;629431.331693465 5800727.787710922;PersonalVehicle
1101357;07:38:11;631772.4932858093 5802317.639745684;630368.1192110791 5802143.874627978;PersonalVehicle
1045646;07:38:14;626423.200830263 5804585.838317924;627651.7342036786 5802199.58284687;PersonalVehicle
1107229;07:38:14;632351.3704371343 5803171.653971457;634266.520278123 5803737.794336154;PersonalVehicle
1005326;07:38:14;633031.079668887 5807203.30302015;631756.7790895948 5807244.19787187;PersonalVehicle
1075743;07:38:15;630377.2935286161 5799276.878224155;628606.481692774 5802299.958348522;PersonalVehicle
1096779;07:38:15;625506.3564786583 5800324.4571683705;631216.1890441496 5803500.72331095;PersonalVehicle
1081631;07:38:15;632357.7464165204 5800288.209577048;626820.0649268309 5802177.427123973;PersonalVehicle
960684;07:38:15;625495.2665135056 5806727.877555828;628541.1203263904 5801741.757715805;PersonalVehicle
1120398;07:38:16;633672.1088953787 5801895.047217489;630866.714310785 5801194.0725802705;PersonalVehicle
1067341;07:38:16;627772.8433839566 5804102.955719622;630377.2935286161 5799276.878224155;PersonalVehicle
1064351;07:38:17;628857.1519438225 5802181.689776537;627774.2883256266 5804395.877284945;PersonalVehicle
1126404;07:38:17;625506.3564786583 5800324.4571683705;629923.3321612418 5801266.393772794;PersonalVehicle
1100603;07:38:18;632265.601827153 5802039.1087712115;631992.8969410826 5803132.282002493;PersonalVehicle
1106831;07:38:18;632474.0159470267 5803335.432822495;633672.1088953787 5801895.047217489;PersonalVehicle
936414;07:38:18;625506.3564786583 5800324.4571683705;629052.3699831117 5803821.990089492;PersonalVehicle
1079342;07:38:20;629977.6201476695 5801756.102391462;631913.9173730104 5808124.069404383;PersonalVehicle
1006271;07:38:20;633138.6525804503 5806657.522881454;632357.7464165204 5800288.209577048;PersonalVehicle
1016315;07:38:21;625495.2665135056 5806727.877555828;631932.894161283 5800788.761373759;PersonalVehicle
996013;07:38:22;631913.9173730104 5808124.069404383;630735.8634351516 5799893.644023559;PersonalVehicle
977617;07:38:22;625495.2665135056 5806727.877555828;628286.394645395 5804071.19000168;PersonalVehicle
801568;07:38:22;632357.7464165204 5800288.209577048;630500.8192093951 5802316.294848767;PersonalVehicle
1003689;07:38:22;627498.1724596496 5810012.366902584;632308.0829677337 5806201.354935462;PersonalVehicle
1065009;07:38:23;627855.745251605 5804460.054875481;625495.2665135056 5806727.877555828;PersonalVehicle
408196;07:38:23;634266.520278123 5803737.794336154;631170.9261909637 5802898.068953179;PersonalVehicle
820651;07:38:23;630377.2935286161 5799276.878224155;629013.8890670589 5800686.504770414;PersonalVehicle
1093037;07:38:24;630236.1792224712 5802849.091326862;628917.6434111772 5801922.071134732;PersonalVehicle
1002917;07:38:24;630369.485911215 5805460.126158441;628144.0287605189 5803670.708484715;PersonalVehicle
1083758;07:38:24;626948.2732709551 5801687.120683196;627451.274794228 5801214.219643284;PersonalVehicle
1093555;07:38:24;630126.4632920531 5802723.812623831;631120.6136714191 5802646.938405401;PersonalVehicle
1102339;07:38:25;631064.3935829846 5804638.5793979075;633672.1088953787 5801895.047217489;PersonalVehicle
1106680;07:38:25;632275.5711683263 5802880.550341166;628999.3836378809 5802443.758826984;PersonalVehicle
1111297;07:38:26;632357.7464165204 5800288.209577048;628417.4459971914 5806009.101116729;PersonalVehicle
1517484;07:38:28;626329.0851157333 5802811.3288210025;633672.1088953787 5801895.047217489;PersonalVehicle
1103144;07:38:28;632022.5817596558 5804719.438729695;630970.9392056637 5805003.756313804;PersonalVehicle
1014628;07:38:29;628323.5002891342 5809429.202452664;629722.6910628582 5808856.403821232;PersonalVehicle
1122204;07:38:30;626028.5112377489 5802778.518111719;633672.1088953787 5801895.047217489;PersonalVehicle
988091;07:38:30;631913.9173730104 5808124.069404383;631216.459485625 5807019.008704835;PersonalVehicle
1081374;07:38:32;626248.9187064689 5803036.473782599;626953.3134584386 5801974.409521374;PersonalVehicle
1039190;07:38:34;626604.6329598539 5802632.696854607;632357.7464165204 5800288.209577048;PersonalVehicle
1163474;07:38:38;634266.520278123 5803737.794336154;629038.6556993467 5804366.395421831;PersonalVehicle
1077221;07:38:41;629223.3399221813 5801747.187422412;630275.8320457827 5800881.1739374325;PersonalVehicle
1652947;07:38:41;625506.3564786583 5800324.4571683705;628056.3434392614 5802000.078664042;PersonalVehicle
455581;07:38:43;625826.5095513852 5804374.648001531;634266.520278123 5803737.794336154;PersonalVehicle
1099137;07:38:44;631368.3697877388 5801651.265877053;633672.1088953787 5801895.047217489;PersonalVehicle
1064235;07:38:45;627951.9800578571 5804768.446009623;627035.1667512426 5803413.653566224;PersonalVehicle
1165305;07:38:45;634266.520278123 5803737.794336154;630614.4458563928 5803753.079980669;PersonalVehicle
995556;07:38:45;631913.9173730104 5808124.069404383;626585.9798024639 5803276.179772103;PersonalVehicle
957020;07:38:45;625506.3564786583 5800324.4571683705;628463.2779207972 5802052.552816257;PersonalVehicle
1090791;07:38:46;632110.1923795176 5806230.595367063;625506.3564786583 5800324.4571683705;PersonalVehicle
1011876;07:38:46;628114.2437930561 5808937.525042593;627312.0949001517 5806750.080145298;PersonalVehicle
1109747;07:38:57;632357.7464165204 5800288.209577048;629934.6080311157 5803169.394177646;PersonalVehicle
1024852;07:38:59;625495.2665135056 5806727.877555828;628567.5095099732 5804340.679158634;PersonalVehicle
840121;07:39:00;627498.1724596496 5810012.366902584;627602.8043835739 5802176.187336432;PersonalVehicle
1050496;07:39:02;625842.3603274666 5802067.162676495;632357.7464165204 5800288.209577048;PersonalVehicle
1656373;07:39:02;627198.909646 5801987.9208265655;625506.3564786583 5800324.4571683705;PersonalVehicle
1159370;07:39:03;634266.520278123 5803737.794336154;631206.7183567011 5806309.557037734;PersonalVehicle
1067669;07:39:03;629480.9295970171 5803139.833973881;628617.0629433583 5802967.008940383;PersonalVehicle
1090407;07:39:06;625759.2116614723 5804763.729225267;625506.3564786583 5800324.4571683705;PersonalVehicle
1078188;07:39:07;629132.6504067774 5802332.142992359;629439.0580883953 5801732.668372384;PersonalVehicle
1082273;07:39:08;626831.295716864 5801071.658814857;627108.8128124006 5800937.680679573;PersonalVehicle
968024;07:39:10;625495.2665135056 5806727.877555828;629366.436092283 5804613.609788329;PersonalVehicle
1036940;07:39:10;627595.6324789899 5803423.525456952;628432.7650686873 5805817.775241275;PersonalVehicle
1033918;07:39:11;627617.6301776983 5805269.239952305;629156.0010036905 5803352.6411407245;PersonalVehicle
880065;07:39:12;627498.1724596496 5810012.366902584;629766.972310183 5803050.049613245;PersonalVehicle
1098253;07:39:12;631131.2770896803 5801079.110677193;628209.3851306952 5804913.096713817;PersonalVehicle
1046823;07:39:14;626276.0289573421 5803921.518208967;625495.2665135056 5806727.877555828;PersonalVehicle
1104893;07:39:16;631974.2252404895 5803097.429640528;631861.6287214916 5803186.370056651;PersonalVehicle
1101786;07:39:17;631958.0193133999 5802101.191802373;632149.5936496819 5804325.753039511;PersonalVehicle
993768;07:39:19;631913.9173730104 5808124.069404383;628970.421093595 5804804.581698095;PersonalVehicle
1039361;07:39:20;626872.46143584 5802753.914534319;627593.3113247743 5803072.207130416;PersonalVehicle
1136234;07:39:20;625506.3564786583 5800324.4571683705;627591.2770179214 5802052.598870698;PersonalVehicle
1087089;07:39:21;629552.9453425377 5800911.668656125;629918.1303683734 5800941.571103379;PersonalVehicle
1112471;07:39:21;633672.1088953787 5801895.047217489;629206.7485171846 5802718.428188983;PersonalVehicle
1005692;07:39:21;632657.0444704805 5807364.831263591;628276.1667037585 5803765.070193745;PersonalVehicle
1075845;07:39:23;627498.1724596496 5810012.366902584;628683.3110636161 5801757.828247315;PersonalVehicle
1083688;07:39:23;627465.0916217506 5800508.961595704;627902.5306169394 5800799.423858663;PersonalVehicle
1068540;07:39:25;629272.7700533569 5803096.142508239;626724.4409297137 5807836.257211314;PersonalVehicle
1043068;07:39:26;625940.3563214706 5804555.617367575;628807.3768942615 5805485.489704904;PersonalVehicle
1064729;07:39:26;625506.3564786583 5800324.4571683705;628293.629611114 5804769.3189871535;PersonalVehicle
1080547;07:39:26;626478.6053812002 5801325.921726092;627039.3886048784 5801951.984638228;PersonalVehicle
1080299;07:39:26;629709.6836099715 5802380.927772075;629560.2312645625 5801655.7522648;PersonalVehicle
1111101;07:39:27;633672.1088953787 5801895.047217489;628014.606195332 5801855.966189765;PersonalVehicle
728437;07:39:27;633672.1088953787 5801895.047217489;628196.5298714108 5803160.606701081;PersonalVehicle
980979;07:39:27;627498.1724596496 5810012.366902584;628838.69505009 5804600.985869837;PersonalVehicle
1021428;07:39:28;625506.3564786583 5800324.4571683705;631400.7636747747 5803982.007816979;PersonalVehicle
1034379;07:39:28;629712.7932076531 5804274.630426201;627594.2582480367 5804602.347028233;PersonalVehicle
907649;07:39:30;625495.2665135056 5806727.877555828;629388.5014225049 5804373.207274575;PersonalVehicle
1124741;07:39:30;629251.1912996203 5800584.135834792;630026.8809402357 5801033.72919444;PersonalVehicle
1544879;07:39:30;625506.3564786583 5800324.4571683705;628915.7251432741 5803491.133047221;PersonalVehicle
1008614;07:39:32;631504.3522190652 5806819.983820575;631255.076026767 5807019.016322381;PersonalVehicle
1037263;07:39:34;627759.2291423549 5803605.158062891;627076.6564192984 5803528.548257993;PersonalVehicle
964458;07:39:37;627498.1724596496 5810012.366902584;628976.8248680825 5803525.173825243;PersonalVehicle
1072465;07:39:38;631028.0973347216 5803472.687304184;628735.8464356803 5803586.361013435;PersonalVehicle
1070018;07:39:41;631913.9173730104 5808124.069404383;631484.7489462995 5804059.42177966;PersonalVehicle
984253;07:39:42;630380.4418678865 5806822.692397342;631913.9173730104 5808124.069404383;PersonalVehicle
1103503;07:39:42;627498.1724596496 5810012.366902584;631000.0589057358 5805006.252173184;PersonalVehicle
1010455;07:39:43;630492.2908737884 5806879.873133855;630109.4176500682 5806249.1132506;PersonalVehicle
1056618;07:39:44;625506.3564786583 5800324.4571683705;626007.9703933577 5801858.498716874;PersonalVehicle
1082927;07:39:45;626866.0136465286 5801656.793453582;625506.3564786583 5800324.4571683705;PersonalVehicle
1048834;07:39:45;626573.7687732126 5803896.071375565;625490.9329043197 5803441.118153853;PersonalVehicle
969062;07:39:48;626134.3564863362 5803841.053846082;625495.2665135056 5806727.877555828;PersonalVehicle
1097020;07:39:48;631245.7238644921 5802995.022697873;630342.6331147576 5802874.357690605;PersonalVehicle
1202822;07:39:49;625506.3564786583 5800324.4571683705;628594.4192510766 5804139.616509032;PersonalVehicle
1065238;07:39:49;627870.356806435 5804548.135102855;625506.3564786583 5800324.4571683705;PersonalVehicle
755456;07:39:50;633672.1088953787 5801895.047217489;630804.6139223098 5804405.029562833;PersonalVehicle
1092722;07:39:52;630154.9602708416 5802536.5502993725;630604.800393935 5801963.352255342;PersonalVehicle
1096784;07:39:52;631190.3958170903 5803371.695127296;631378.0006777075 5803047.478698397;PersonalVehicle
1058828;07:39:53;628958.0425614036 5804021.005278374;630377.2935286161 5799276.878224155;PersonalVehicle
1298244;07:39:55;625506.3564786583 5800324.4571683705;627004.279680007 5801458.729468859;PersonalVehicle
1077283;07:39:55;629149.2978413419 5801886.333764436;628616.0451989044 5802120.397915489;PersonalVehicle
1063310;07:39:56;627945.9945012586 5804602.523666899;625984.3333414634 5802985.48061647;PersonalVehicle
958296;07:39:57;625495.2665135056 5806727.877555828;626149.4606924332 5805329.878174825;PersonalVehicle
1128557;07:39:57;627490.7317509966 5801200.433261706;625506.3564786583 5800324.4571683705;PersonalVehicle
1014056;07:40:01;630545.6854000674 5807872.043146878;630970.3321406458 5808515.544450526;PersonalVehicle
1098456;07:40:03;631407.8599762024 5802190.812915636;631574.6818251829 5801502.238241155;PersonalVehicle
1106831;07:40:04;633672.1088953787 5801895.047217489;632474.0159470267 5803335.432822495;PersonalVehicle
1067650;07:40:04;629038.858495794 5803060.4123137435;627989.8950953641 5803616.638385139;PersonalVehicle
1109374;07:40:04;632357.7464165204 5800288.209577048;626905.5080942546 5805866.656228392;PersonalVehicle
1054681;07:40:05;625495.2665135056 5806727.877555828;625939.127398085 5805416.335108987;PersonalVehicle
1078118;07:40:06;631739.5012282946 5802285.812372925;631739.5012282946 5802285.812372925;PersonalVehicle
1203476;07:40:07;625506.3564786583 5800324.4571683705;630071.060519994 5802139.7423521485;PersonalVehicle
1083133;07:40:07;626776.4809017521 5800813.500268694;627470.519666802 5801759.6937946435;PersonalVehicle
1634945;07:40:09;632357.7464165204 5800288.209577048;627697.1703115833 5802489.848870656;PersonalVehicle
1083429;07:40:10;627917.2624808972 5801577.339526236;625506.3564786583 5800324.4571683705;PersonalVehicle
1642726;07:40:10;630377.2935286161 5799276.878224155;630625.310671362 5799835.221122106;PersonalVehicle
1050048;07:40:11;626280.2299993392 5803667.933573074;627703.9805191173 5801914.746893978;PersonalVehicle
1097858;07:40:11;631216.1890441496 5803500.72331095;630065.991896474 5800940.157489153;PersonalVehicle
1052665;07:40:12;625966.7978222566 5801344.646915634;626063.4465160955 5801678.3326275535;PersonalVehicle
1012093;07:40:15;629007.6482418183 5809731.2695729025;628537.702729267 5808574.158856319;PersonalVehicle
1058658;07:40:17;629523.7342999681 5803608.024928805;632357.7464165204 5800288.209577048;PersonalVehicle
1004675;07:40:17;633582.2572632616 5806297.473193736;632647.0712849926 5807033.912108496;PersonalVehicle
1021480;07:40:18;625506.3564786583 5800324.4571683705;625765.7453745991 5805034.206159923;PersonalVehicle
1032135;07:40:21;627548.4522386125 5805440.090758547;627480.1160018123 5804538.7753117345;PersonalVehicle
1096690;07:40:22;630987.4117447846 5803270.897050742;625495.2665135056 5806727.877555828;PersonalVehicle
1020069;07:40:22;625506.3564786583 5800324.4571683705;628073.4607314502 5805367.729853741;PersonalVehicle
1078171;07:40:23;629198.9539830431 5801976.459910411;632357.7464165204 5800288.209577048;PersonalVehicle
1083077;07:40:24;626843.5167928318 5801349.673768225;625506.3564786583 5800324.4571683705;PersonalVehicle
1068176;07:40:25;628589.9914122493 5802870.474234999;628581.5093172947 5803024.230148383;PersonalVehicle
1381389;07:40:26;625506.3564786583 5800324.4571683705;625865.5691639192 5804558.328987618;PersonalVehicle
1105841;07:40:27;631553.7065883691 5803417.098781786;631670.3168841284 5803060.589373411;PersonalVehicle
1044841;07:40:28;625766.8251479052 5804209.71424946;631850.947887998 5806311.519778716;PersonalVehicle
1038710;07:40:28;627708.9355507778 5803027.6600567885;631829.5874329356 5802297.197422192;PersonalVehicle
1078168;07:40:31;629479.3014443447 5801886.458069131;629382.8968715044 5801722.9390149135;PersonalVehicle
1010355;07:40:31;630021.8856318404 5806034.76613189;629812.0561211605 5805925.329182938;PersonalVehicle
1099181;07:40:32;630445.3167392681 5801295.648669349;625506.3564786583 5800324.4571683705;PersonalVehicle
1087114;07:40:32;629631.9530052689 5801114.26064178;632357.7464165204 5800288.209577048;PersonalVehicle
1006472;07:40:35;631225.5476649362 5806537.6325699445;631913.9173730104 5808124.069404383;PersonalVehicle
678520;07:40:35;633672.1088953787 5801895.047217489;629131.863105172 5804143.733652775;PersonalVehicle
1012517;07:40:36;630726.6546953542 5808760.112288155;631280.9230297236 5806534.2011362165;PersonalVehicle
1069799;07:40:36;630820.2852068887 5803299.548537031;631131.4208893357 5803759.718685479;PersonalVehicle
1090044;07:40:36;626162.6259534332 5803026.86808194;630377.2935286161 5799276.878224155;PersonalVehicle
962423;07:40:37;631695.9623960285 5807055.123471419;625495.2665135056 5806727.877555828;PersonalVehicle
1060182;07:40:38;627962.6023952526 5806185.775902223;625495.2665135056 5806727.877555828;PersonalVehicle
1045691;07:40:39;626065.1728007953 5804068.631885866;625506.3564786583 5800324.4571683705;PersonalVehicle
1073318;07:40:43;628184.9280393234 5802121.295930794;627417.2807866783 5802267.774020318;PersonalVehicle
1002882;07:40:43;630848.5910113199 5806112.109791891;631128.184338629 5805965.208493203;PersonalVehicle
1074168;07:40:44;627449.3467200316 5802293.717523577;628428.7824272884 5803868.84966858;PersonalVehicle
1063016;07:40:45;628730.9491921259 5805071.545348856;627210.4270047324 5805026.61336084;PersonalVehicle
1079571;07:40:45;629402.1458981817 5802384.290274443;627663.6516427703 5801348.066080067;PersonalVehicle
1009650;07:40:45;629931.4876115548 5807148.796167469;629650.3279186015 5803540.608667125;PersonalVehicle
1068624;07:40:46;628507.5532367433 5803030.570217339;634266.520278123 5803737.794336154;PersonalVehicle
962252;07:40:47;627498.1724596496 5810012.366902584;630415.2741798055 5806834.291227935;PersonalVehicle
1041255;07:40:47;626672.7502343069 5804676.62857972;625847.0553025323 5805384.632148296;PersonalVehicle
817595;07:40:47;630377.2935286161 5799276.878224155;629058.908044459 5804854.622173411;PersonalVehicle
820732;07:40:48;625506.3564786583 5800324.4571683705;626093.1874419379 5803771.806005434;PersonalVehicle
1097651;07:40:48;631262.0662849842 5802677.756548882;632357.7464165204 5800288.209577048;PersonalVehicle
1086236;07:40:48;629404.4216757604 5801358.278127525;625506.3564786583 5800324.4571683705;PersonalVehicle
1085524;07:40:50;629926.898519403 5801596.110486792;628881.2298399691 5801160.916414355;PersonalVehicle
1064855;07:40:51;633672.1088953787 5801895.047217489;628016.1343657065 5805042.200646961;PersonalVehicle
1007729;07:40:52;631003.1304118484 5806628.163636213;629892.2331098015 5802604.703199843;PersonalVehicle
1085853;07:40:53;630377.2935286161 5799276.878224155;628987.6446671826 5801250.797390795;PersonalVehicle
1041956;07:40:53;626388.595813089 5804985.983968272;630377.2935286161 5799276.878224155;PersonalVehicle
822888;07:40:53;628884.0771018765 5801634.879483334;625506.3564786583 5800324.4571683705;PersonalVehicle
1052629;07:40:54;626044.8911303843 5801499.02914137;625778.8799410587 5801651.781767043;PersonalVehicle
1063354;07:40:54;628202.9726353 5804895.074806652;628015.9073086311 5804910.606749364;PersonalVehicle
1095386;07:40:54;631134.0269390448 5802379.531596832;630658.270841359 5802462.180991032;PersonalVehicle
1101260;07:40:54;632265.601827153 5802039.1087712115;632357.7464165204 5800288.209577048;PersonalVehicle
964449;07:40:55;627498.1724596496 5810012.366902584;628315.4989442234 5808448.722642697;PersonalVehicle
1094032;07:40:57;630317.0250396704 5802636.2357390635;631512.9544063092 5802301.150679095;PersonalVehicle
1133137;07:40:58;625506.3564786583 5800324.4571683705;628029.507544011 5801922.171978998;PersonalVehicle
1067854;07:40:58;629022.1770372024 5802629.9048661515;628680.206165962 5802719.973106871;PersonalVehicle
1065827;07:40:59;627772.8433839566 5804102.955719622;632357.7464165204 5800288.209577048;PersonalVehicle
1035777;07:41:01;627390.3962694872 5804363.993595312;627266.2639685934 5803934.600261406;PersonalVehicle
1098805;07:41:02;631932.894161283 5800788.761373759;625506.3564786583 5800324.4571683705;PersonalVehicle
911746;07:41:03;625495.2665135056 5806727.877555828;629644.2593825976 5803296.12161231;PersonalVehicle
1014362;07:41:05;628379.9081551913 5809509.7234192435;628600.0277487196 5809175.659396143;PersonalVehicle
956668;07:41:06;625506.3564786583 5800324.4571683705;628283.2451485154 5802352.147701825;PersonalVehicle
1005785;07:41:07;633082.3161156441 5806565.589336378;626102.8065716021 5803382.59830157;PersonalVehicle
1074250;07:41:07;627862.7868264696 5802701.196107702;628151.3633709156 5802660.257646706;PersonalVehicle
1010744;07:41:09;630015.2441877078 5808975.345931557;628584.6505934034 5808302.143097786;PersonalVehicle
1038068;07:41:09;627539.9968200363 5803842.759105929;627498.1724596496 5810012.366902584;PersonalVehicle
1105848;07:41:09;631891.2975450885 5803208.768212098;630377.2935286161 5799276.878224155;PersonalVehicle
974603;07:41:09;628795.5689879189 5804139.601125154;625495.2665135056 5806727.877555828;PersonalVehicle
866042;07:41:09;627498.1724596496 5810012.366902584;627289.3855505444 5801269.635204514;PersonalVehicle
1106481;07:41:11;632868.2553173959 5803453.191307362;632386.1300454156 5803529.005786727;PersonalVehicle
1005569;07:41:11;632955.0925953587 5807016.103842915;632768.5224834451 5807060.753776126;PersonalVehicle
1093685;07:41:11;630710.7290639698 5802079.748028409;632128.2623086123 5801974.1285100635;PersonalVehicle
1080378;07:41:11;629902.3885905757 5801661.306650281;630440.6558595634 5802862.967044161;PersonalVehicle
1036658;07:41:11;627845.6777808906 5802737.538615096;627845.6777808906 5802737.538615096;PersonalVehicle
1089826;07:41:13;630377.2935286161 5799276.878224155;628264.4693653415 5801835.030856424;PersonalVehicle
1011805;07:41:13;628696.0198039936 5807880.888818265;630461.595103127 5806991.470965492;PersonalVehicle
1041150;07:41:13;626447.3619957536 5804872.622311915;625495.2665135056 5806727.877555828;PersonalVehicle
1093054;07:41:14;630277.6251009215 5801704.866984639;631216.459485625 5807019.008704835;PersonalVehicle
1058153;07:41:15;629351.4720253298 5803868.251237229;629298.8799615786 5802237.317390266;PersonalVehicle
1082103;07:41:15;626771.4431904018 5801000.992273418;625506.3564786583 5800324.4571683705;PersonalVehicle
1074513;07:41:17;627989.4708757353 5804470.194039495;627438.4498571017 5801982.184943386;PersonalVehicle
1043203;07:41:17;626208.7591201753 5804775.6633915715;626252.221367796 5804910.564595217;PersonalVehicle
1098196;07:41:18;631413.7808819785 5803971.449329204;631740.2656445258 5801599.744899445;PersonalVehicle
1103553;07:41:19;632285.4901174814 5804718.450215187;631347.4580860499 5804926.4284383785;PersonalVehicle
1107312;07:41:20;632344.064047223 5802985.245844591;629231.2410307769 5804236.330206475;PersonalVehicle
688574;07:41:21;634266.520278123 5803737.794336154;628772.7198440377 5803934.07718091;PersonalVehicle
1088315;07:41:21;629271.1821799424 5800467.049687489;629388.5014225049 5804373.207274575;PersonalVehicle
1042621;07:41:23;625506.3564786583 5800324.4571683705;626526.4378125344 5804689.994854546;PersonalVehicle
1010665;07:41:23;628386.6983073577 5808500.441939287;628631.8848382544 5803287.951483436;PersonalVehicle
1145579;07:41:24;625885.9255881978 5804094.619537564;625495.2665135056 5806727.877555828;PersonalVehicle
823642;07:41:24;630377.2935286161 5799276.878224155;629981.8058252095 5803836.029938807;PersonalVehicle
1084806;07:41:25;629439.4277524361 5801096.462988674;632357.7464165204 5800288.209577048;PersonalVehicle
1351869;07:41:27;629260.962373772 5803333.196394192;625506.3564786583 5800324.4571683705;PersonalVehicle
1068787;07:41:28;625506.3564786583 5800324.4571683705;628794.2316117135 5802824.538703039;PersonalVehicle
1093211;07:41:28;630494.728981104 5802454.257554134;629295.2828473079 5802630.242193749;PersonalVehicle
1044327;07:41:29;625846.5272106138 5804212.72412755;629586.9514418329 5803200.732158222;PersonalVehicle
900122;07:41:32;627498.1724596496 5810012.366902584;631661.4420860936 5801989.428317978;PersonalVehicle
1002949;07:41:33;633122.7717336462 5806788.389999457;632699.6016533875 5806305.519272169;PersonalVehicle
1101053;07:41:33;631378.8639533479 5802302.857352384;625495.2665135056 5806727.877555828;PersonalVehicle
1062988;07:41:33;628496.1949760877 5805157.944212606;627020.4426667094 5807688.463194699;PersonalVehicle
1000435;07:41:34;631913.9173730104 5808124.069404383;631803.5072481579 5807495.644983856;PersonalVehicle
1096872;07:41:34;631141.4311260332 5802859.402502692;632357.7464165204 5800288.209577048;PersonalVehicle
1091995;07:41:34;630377.2935286161 5799276.878224155;628940.3373766027 5802403.548066643;PersonalVehicle
455166;07:41:35;634266.520278123 5803737.794336154;630426.595332352 5803873.496008426;PersonalVehicle
1073673;07:41:35;628147.3705611633 5802017.082142978;625506.3564786583 5800324.4571683705;PersonalVehicle
1044045;07:41:35;626122.0909853651 5804817.687009989;625495.2665135056 5806727.877555828;PersonalVehicle
1100312;07:41:36;631964.0957506201 5801922.080359381;633672.1088953787 5801895.047217489;PersonalVehicle
1120816;07:41:36;633672.1088953787 5801895.047217489;629844.2515649983 5801641.387445458;PersonalVehicle
1133113;07:41:37;625506.3564786583 5800324.4571683705;630183.443264191 5802059.3640825935;PersonalVehicle
1061116;07:41:38;628454.595512371 5806045.896677561;626208.4194701539 5803622.834654206;PersonalVehicle
1015172;07:41:38;625495.2665135056 5806727.877555828;629025.9861760568 5809434.891441968;PersonalVehicle
1011756;07:41:39;628994.0264305022 5808928.287063709;625495.2665135056 5806727.877555828;PersonalVehicle
1102816;07:41:39;632018.860215514 5804762.358847695;631498.5703921303 5806601.157976596;PersonalVehicle
1093376;07:41:39;630205.4349720856 5801855.551336012;629798.3694795971 5801727.2985875225;PersonalVehicle
1075249;07:41:40;628695.6525292987 5802174.4582326;628128.302612315 5805691.25237172;PersonalVehicle
1034069;07:41:40;627983.0978773426 5805341.517684296;627983.0978773426 5805341.517684296;PersonalVehicle
1103668;07:41:41;630946.237756898 5804939.580660408;627631.0903522779 5801152.639835879;PersonalVehicle
1011083;07:41:41;628235.0820185198 5809027.301305407;630224.2500957878 5807186.072885139;PersonalVehicle
1094054;07:41:41;626929.2042653578 5802168.108618812;630095.0133914424 5802223.148346254;PersonalVehicle
1040306;07:41:42;626361.4422209586 5802635.320663144;626732.1221838931 5802513.092585633;PersonalVehicle
1079759;07:41:43;629677.4215631357 5802142.319927849;629918.3255201329 5801874.840916565;PersonalVehicle
1071679;07:41:45;630082.6825467759 5803003.003171872;627906.1990667704 5804771.150551964;PersonalVehicle
1128774;07:41:46;625506.3564786583 5800324.4571683705;628042.5291282746 5806170.62092475;PersonalVehicle
1105202;07:41:46;632021.7736085482 5803155.444468683;629305.4172330468 5803922.814226608;PersonalVehicle
1052649;07:41:47;625800.7693221496 5800991.666947259;625506.3564786583 5800324.4571683705;PersonalVehicle
1076340;07:41:47;628610.1830236125 5801715.881434197;625506.3564786583 5800324.4571683705;PersonalVehicle
1021222;07:41:47;625506.3564786583 5800324.4571683705;627819.9470018737 5801502.841394866;PersonalVehicle
1058877;07:41:48;629164.5617305066 5804166.525509925;625506.3564786583 5800324.4571683705;PersonalVehicle
1101978;07:41:48;628550.0654345445 5806099.492494772;632618.417795874 5800852.069060954;PersonalVehicle
1021216;07:41:48;625506.3564786583 5800324.4571683705;626679.642757068 5806180.440414359;PersonalVehicle
1037898;07:41:48;627560.1339764206 5803903.03321649;625495.2665135056 5806727.877555828;PersonalVehicle
1033785;07:41:49;627572.159945286 5805463.517220207;628459.9195106004 5804402.069128169;PersonalVehicle
1103871;07:41:49;626779.8684291343 5803372.215278886;631946.1174353503 5803378.573088133;PersonalVehicle
1194222;07:41:50;625506.3564786583 5800324.4571683705;628991.3971451144 5802594.028909149;PersonalVehicle
1104110;07:41:51;631813.8833409223 5802946.70650479;628922.1998894039 5801291.8651097845;PersonalVehicle
1085199;07:41:52;629660.0088469272 5801326.755394925;629038.6556993467 5804366.395421831;PersonalVehicle
1070066;07:41:52;630577.4295790009 5802494.31854349;630577.4295790009 5802494.31854349;PersonalVehicle
1080222;07:41:54;629895.8960898295 5801752.298429216;629699.8923746189 5802175.054740689;PersonalVehicle
965956;07:41:54;629780.6475730214 5808644.961223095;627498.1724596496 5810012.366902584;PersonalVehicle
1142331;07:41:55;625506.3564786583 5800324.4571683705;628540.2386842441 5801507.485951453;PersonalVehicle
1050503;07:41:56;626384.5956757399 5802915.386457456;628230.9693753666 5802792.732978835;PersonalVehicle
1069192;07:41:58;629573.203948293 5802874.138409544;625506.3564786583 5800324.4571683705;PersonalVehicle
1043595;07:41:59;626008.595658633 5805348.170016262;626016.4826930059 5804854.026426334;PersonalVehicle
952415;07:41:59;625495.2665135056 5806727.877555828;628718.4183849782 5803788.049083743;PersonalVehicle
1018351;07:42:01;625495.2665135056 5806727.877555828;628102.725873729 5804341.851281033;PersonalVehicle
1185553;07:42:01;634266.520278123 5803737.794336154;631243.4616032277 5800355.280991253;PersonalVehicle
1042138;07:42:02;626534.9665059169 5804805.337170986;626592.2832221197 5802782.201807101;PersonalVehicle
1093508;07:42:03;630014.593951549 5802404.43979676;625506.3564786583 5800324.4571683705;PersonalVehicle
987415;07:42:05;631913.9173730104 5808124.069404383;625491.196711471 5803433.123538193;PersonalVehicle
1038406;07:42:05;626910.6669921831 5803339.81597731;627724.0922170207 5803975.780165869;PersonalVehicle
1066989;07:42:06;626698.9266879384 5802891.321512434;626698.9266879384 5802891.321512434;PersonalVehicle
842014;07:42:07;631913.9173730104 5808124.069404383;627390.4092449734 5805601.979755533;PersonalVehicle
1089962;07:42:07;625506.3564786583 5800324.4571683705;631675.5974607294 5800351.718885856;PersonalVehicle
1087754;07:42:08;629683.807315632 5800704.019607647;625506.3564786583 5800324.4571683705;PersonalVehicle
1038300;07:42:08;627390.0365258714 5803361.003281919;630778.3261053511 5802002.937524988;PersonalVehicle
1009272;07:42:10;630316.7396930291 5806860.455908051;625495.2665135056 5806727.877555828;PersonalVehicle
1101035;07:42:10;631627.5813926377 5802354.987180513;632859.9787391091 5800742.374652933;PersonalVehicle
1065115;07:42:12;628843.2102630686 5804870.450850864;630238.0112260645 5801862.010051231;PersonalVehicle
1052576;07:42:13;625633.4644968602 5801251.270516065;628088.875851351 5804654.536075957;PersonalVehicle
1091168;07:42:14;625506.3564786583 5800324.4571683705;626341.0664022268 5803488.598781591;PersonalVehicle
1098341;07:42:15;631036.1774995793 5800889.461776811;627498.1724596496 5810012.366902584;PersonalVehicle
1048934;07:42:15;626057.9958728448 5803447.98594845;632357.7464165204 5800288.209577048;PersonalVehicle
1065804;07:42:16;628291.9495919965 5804269.2611453915;630820.2635321483 5800366.998505002;PersonalVehicle
1104787;07:42:17;632025.4458833385 5803234.074867798;631809.5371685349 5802710.128018908;PersonalVehicle
1103871;07:42:19;631946.1174353503 5803378.573088133;626779.8684291343 5803372.215278886;PersonalVehicle
1101246;07:42:19;632265.601827153 5802039.1087712115;634266.520278123 5803737.794336154;PersonalVehicle
918228;07:42:19;625495.2665135056 5806727.877555828;631861.5141528484 5806370.464611327;PersonalVehicle
1114877;07:42:21;632357.7464165204 5800288.209577048;627417.2807866783 5802267.774020318;PersonalVehicle
1096291;07:42:23;631171.3805948367 5802281.953439866;625495.2665135056 5806727.877555828;PersonalVehicle
1051621;07:42:24;625785.9133859219 5802065.886828036;627498.1724596496 5810012.366902584;PersonalVehicle
999960;07:42:24;631913.9173730104 5808124.069404383;626031.2295933594 5806871.729661828;PersonalVehicle
1025315;07:42:24;625495.2665135056 5806727.877555828;629677.5811086193 5803030.426063943;PersonalVehicle
1131021;07:42:25;625506.3564786583 5800324.4571683705;626808.1658309385 5801844.987604112;PersonalVehicle
1122930;07:42:26;633672.1088953787 5801895.047217489;631525.7718670024 5806447.036941627;PersonalVehicle
1053348;07:42:27;625495.2665135056 5806727.877555828;628040.5375135655 5802800.354857447;PersonalVehicle
1296558;07:42:27;625506.3564786583 5800324.4571683705;625633.4644968602 5801251.270516065;PersonalVehicle
1073982;07:42:27;627654.8186237428 5802387.717664575;628181.3878149181 5802273.613506154;PersonalVehicle
1032671;07:42:28;627645.5241331626 5805394.122529511;627645.5241331626 5805394.122529511;PersonalVehicle
1046743;07:42:29;625841.5019274654 5803994.189407294;625495.2665135056 5806727.877555828;PersonalVehicle
1065967;07:42:29;628484.635956023 5803949.999826677;626744.5685245912 5803293.046286554;PersonalVehicle
909103;07:42:31;625495.2665135056 5806727.877555828;630352.9975250135 5806286.151024965;PersonalVehicle
1006651;07:42:32;631441.6461739292 5807250.673749555;631913.9173730104 5808124.069404383;PersonalVehicle
1057811;07:42:32;629510.3281065625 5804181.465790396;625506.3564786583 5800324.4571683705;PersonalVehicle
1045691;07:42:32;625506.3564786583 5800324.4571683705;626065.1728007953 5804068.631885866;PersonalVehicle
1051996;07:42:33;629075.7555245622 5803367.481693925;625893.4730889034 5801944.146561128;PersonalVehicle
1034537;07:42:33;627938.8296170132 5805260.34699493;628406.1151884454 5806018.981464532;PersonalVehicle
1064525;07:42:34;627430.5214305655 5804527.285089832;627822.8389594941 5804413.375855155;PersonalVehicle
1057820;07:42:34;629759.6489098428 5803839.403196397;625495.2665135056 5806727.877555828;PersonalVehicle
1006427;07:42:34;632169.2735978949 5807223.450694349;627750.8711805586 5806017.961858762;PersonalVehicle
1015301;07:42:35;628715.9914841689 5809859.931169787;625495.2665135056 5806727.877555828;PersonalVehicle
1104820;07:42:35;632064.3392397905 5802784.050245007;632064.3392397905 5802784.050245007;PersonalVehicle
1101394;07:42:36;632282.6418020834 5801707.366598499;628409.9196709109 5801670.8828674145;PersonalVehicle
1042897;07:42:37;626373.6888058438 5805288.618621619;626744.8044173995 5804773.074662389;PersonalVehicle
1100228;07:42:38;628863.1162513681 5802044.93485163;631844.3977003295 5801814.641217795;PersonalVehicle
1078732;07:42:38;629401.2137016167 5801869.634646247;629327.7671740818 5802317.301469839;PersonalVehicle
1021965;07:42:39;625506.3564786583 5800324.4571683705;626990.3578815704 5800900.229926472;PersonalVehicle
1052175;07:42:40;625855.7452560824 5802021.203000419;625506.3564786583 5800324.4571683705;PersonalVehicle
1012366;07:42:41;631290.714390954 5808242.470641229;630740.3128610734 5808253.393084502;PersonalVehicle
1042587;07:42:44;625999.954906985 5805186.045960661;629239.8516025796 5803513.292236963;PersonalVehicle
1071745;07:42:45;631321.5728499038 5803823.975075024;625506.3564786583 5800324.4571683705;PersonalVehicle
1029136;07:42:45;625506.3564786583 5800324.4571683705;626777.748297207 5804524.028463385;PersonalVehicle
1043830;07:42:46;626158.2314856707 5805189.7283418905;626837.5189862436 5803128.5264274115;PersonalVehicle
1049002;07:42:47;627059.4147762331 5802958.005842111;626753.6753272448 5803530.5844245525;PersonalVehicle
1003888;07:42:47;632578.4258387417 5805943.554389083;631322.1411921479 5807167.427279543;PersonalVehicle
1087548;07:42:48;630497.817781163 5802075.6983967;629805.8933278467 5801008.555378844;PersonalVehicle
1058807;07:42:49;629271.2749071391 5804566.846200294;625495.2665135056 5806727.877555828;PersonalVehicle
1118465;07:42:49;632357.7464165204 5800288.209577048;627086.3143672284 5801998.065077651;PersonalVehicle
1135378;07:42:52;625506.3564786583 5800324.4571683705;628318.6967488307 5801289.086998838;PersonalVehicle
1041145;07:42:53;627756.9251377167 5802969.100407471;627384.2487572962 5803212.0511571225;PersonalVehicle
1033851;07:42:54;625763.4067146074 5805072.22814318;627309.1267725738 5804927.286038676;PersonalVehicle
1052334;07:42:55;625524.9962703878 5801590.084315733;625506.3564786583 5800324.4571683705;PersonalVehicle
1120425;07:42:56;633672.1088953787 5801895.047217489;628827.4987895121 5804406.307897847;PersonalVehicle
987064;07:42:57;631913.9173730104 5808124.069404383;628147.0862704513 5805962.505128107;PersonalVehicle
1116329;07:42:57;632357.7464165204 5800288.209577048;628274.8100121301 5805374.811672334;PersonalVehicle
866727;07:42:58;627498.1724596496 5810012.366902584;630260.2221955872 5806935.013213622;PersonalVehicle
1046774;07:42:58;626909.8671335971 5804097.359452612;625506.3564786583 5800324.4571683705;PersonalVehicle
1093113;07:42:58;630532.4480914791 5802125.953190727;630655.9680107423 5802202.774529394;PersonalVehicle
1037432;07:42:59;627748.4767467299 5803640.948639417;625495.2665135056 5806727.877555828;PersonalVehicle
714074;07:42:59;634266.520278123 5803737.794336154;627429.945373554 5801479.358969;PersonalVehicle
1059046;07:42:59;628826.1033666432 5804305.714547609;630424.6357432837 5803816.666038543;PersonalVehicle
1048122;07:43:00;626912.8961874453 5801163.425096512;626004.3002826807 5803443.597458153;PersonalVehicle
1097180;07:43:00;631275.4879891969 5803915.205327912;631181.3336475674 5802904.6214287095;PersonalVehicle
1098862;07:43:02;632621.2424956631 5800683.661468971;634266.520278123 5803737.794336154;PersonalVehicle
842449;07:43:02;627498.1724596496 5810012.366902584;628050.1008473159 5804731.689624134;PersonalVehicle
1073115;07:43:02;625495.2665135056 5806727.877555828;627413.252346711 5802004.815923706;PersonalVehicle
1056988;07:43:03;625495.2665135056 5806727.877555828;627445.0978092139 5806336.782532951;PersonalVehicle
1146859;07:43:04;625506.3564786583 5800324.4571683705;630413.4273337005 5802933.543941418;PersonalVehicle
1067654;07:43:06;629545.366639106 5802859.070901323;629278.7754104414 5802975.98703194;PersonalVehicle
1098562;07:43:08;631200.2575372981 5801890.375251541;625506.3564786583 5800324.4571683705;PersonalVehicle
1039810;07:43:08;626537.3084362939 5802553.98856616;626098.674484278 5802334.813793979;PersonalVehicle
1005072;07:43:12;633205.3231668463 5806159.09112776;625506.3564786583 5800324.4571683705;PersonalVehicle
1015165;07:43:14;628968.2491440787 5809397.903227538;632357.7464165204 5800288.209577048;PersonalVehicle
1097705;07:43:16;631362.3075043405 5803463.045473072;630547.2357905197 5802562.844395395;PersonalVehicle
1083539;07:43:16;629621.8779941589 5800768.3787674755;627438.7285891107 5801363.372384424;PersonalVehicle
1098204;07:43:17;631207.8045903393 5801927.74565521;631207.8045903393 5801927.74565521;PersonalVehicle
1059370;07:43:20;628926.923918263 5804634.881963074;629364.0064475234 5804267.046187205;PersonalVehicle
1004654;07:43:20;632836.2536034083 5806661.720966222;625940.2183030699 5806929.000263161;PersonalVehicle
1087646;07:43:20;629598.8498823829 5801091.982961888;634266.520278123 5803737.794336154;PersonalVehicle
1053065;07:43:20;625580.0560903222 5801318.2156746555;625506.3564786583 5800324.4571683705;PersonalVehicle
1125888;07:43:20;625506.3564786583 5800324.4571683705;630662.1256787676 5802047.553161172;PersonalVehicle
1096975;07:43:21;631455.5960228367 5802626.366215994;625506.3564786583 5800324.4571683705;PersonalVehicle
1003395;07:43:23;630806.311575887 5806054.356415021;627418.8533370155 5804923.512149207;PersonalVehicle
1105723;07:43:26;632544.3046889094 5803452.98580094;631924.0168897863 5802645.334652357;PersonalVehicle
1079034;07:43:27;629354.3680506689 5802077.353812539;629627.1356206124 5802364.828740729;PersonalVehicle
1068031;07:43:29;628978.159099766 5802721.846930819;628196.5298714108 5803160.606701081;PersonalVehicle
1493121;07:43:33;625506.3564786583 5800324.4571683705;628420.7896219989 5803231.789209151;PersonalVehicle
1108313;07:43:34;632357.7464165204 5800288.209577048;630275.8320457827 5800881.1739374325;PersonalVehicle
748580;07:43:34;632357.7464165204 5800288.209577048;629282.543950266 5800691.615882453;PersonalVehicle
1082379;07:43:35;626430.9656426263 5800389.458710438;628747.8869925399 5805464.338196521;PersonalVehicle
1075820;07:43:36;628616.0451989044 5802120.397915489;632042.1106494432 5802446.854016234;PersonalVehicle
1043192;07:43:36;626076.9505703944 5804978.866473765;625506.3564786583 5800324.4571683705;PersonalVehicle
1058408;07:43:36;629836.2179007258 5803646.479240915;625506.3564786583 5800324.4571683705;PersonalVehicle
1058213;07:43:38;630015.7723452392 5804102.30226664;625495.2665135056 5806727.877555828;PersonalVehicle
1100268;07:43:38;632188.4363926132 5801839.943019266;625506.3564786583 5800324.4571683705;PersonalVehicle
1033143;07:43:38;625495.2665135056 5806727.877555828;627085.5831799697 5805275.599372063;PersonalVehicle
1053901;07:43:39;625506.3564786583 5800324.4571683705;628428.4906071726 5803766.170983123;PersonalVehicle
1103079;07:43:39;631211.8206885727 5804870.422695827;625495.2665135056 5806727.877555828;PersonalVehicle
1048122;07:43:40;626004.3002826807 5803443.597458153;626912.8961874453 5801163.425096512;PersonalVehicle
1011911;07:43:40;629242.964816276 5808378.484055926;629242.964816276 5808378.484055926;PersonalVehicle
986177;07:43:40;631913.9173730104 5808124.069404383;628037.5223561204 5806340.344972411;PersonalVehicle
1067904;07:43:41;628645.4299303484 5803119.785238127;625506.3564786583 5800324.4571683705;PersonalVehicle
1086586;07:43:41;628593.8480326707 5801041.555107063;625506.3564786583 5800324.4571683705;PersonalVehicle
1037934;07:43:41;627560.1339764206 5803903.03321649;627473.7741297148 5803847.875532669;PersonalVehicle
1000513;07:43:41;627498.1724596496 5810012.366902584;627823.9073392055 5803932.707746153;PersonalVehicle
1093394;07:43:41;630423.5705934755 5802909.121266021;629058.8733530466 5800768.508518909;PersonalVehicle
1034860;07:43:42;627609.4319863191 5804753.050117119;626044.2167370539 5804657.152540889;PersonalVehicle
1097242;07:43:44;630949.1720184213 5803979.115627639;631276.1960274728 5803225.902352663;PersonalVehicle
1102788;07:43:44;632382.3922313036 5803728.670281024;631913.9173730104 5808124.069404383;PersonalVehicle
1119628;07:43:44;629707.4117138716 5800665.781510715;632357.7464165204 5800288.209577048;PersonalVehicle
1067854;07:43:45;628680.206165962 5802719.973106871;629022.1770372024 5802629.9048661515;PersonalVehicle
1124740;07:43:45;629888.6763766692 5800996.734704997;630377.2935286161 5799276.878224155;PersonalVehicle
1053901;07:43:45;628428.4906071726 5803766.170983123;628214.3319378032 5804301.345902318;PersonalVehicle
1099005;07:43:46;630883.6936575021 5801114.89808266;631135.2010418682 5802936.685206895;PersonalVehicle
1053345;07:43:46;631704.3922043332 5807045.481580118;625495.2665135056 5806727.877555828;PersonalVehicle
434996;07:43:48;634266.520278123 5803737.794336154;627625.1595146146 5806329.345551266;PersonalVehicle
1009658;07:43:49;630095.5544752345 5806498.140315461;630299.8327210685 5807074.452234123;PersonalVehicle
1121173;07:43:50;633672.1088953787 5801895.047217489;628470.367295156 5805267.511478684;PersonalVehicle
1005969;07:43:51;631913.9173730104 5808124.069404383;632405.632799262 5806715.201813758;PersonalVehicle
1089042;07:43:53;629201.3717442701 5800541.624936374;632357.7464165204 5800288.209577048;PersonalVehicle
1088031;07:43:53;629431.331693465 5800727.787710922;625495.2665135056 5806727.877555828;PersonalVehicle
1059845;07:43:54;629105.2879600443 5804221.781681888;628824.3172520411 5804764.161151572;PersonalVehicle
1083838;07:43:54;627650.8637159353 5801239.042722583;625495.2665135056 5806727.877555828;PersonalVehicle
1072463;07:43:55;629853.3065545013 5802996.286787641;634266.520278123 5803737.794336154;PersonalVehicle
1072989;07:43:56;629796.2457479576 5800630.528963828;627566.4367437033 5802198.997543219;PersonalVehicle
1007783;07:43:56;632274.8284817882 5807219.821274579;628489.3936139954 5808798.182637141;PersonalVehicle
1103625;07:43:57;632404.3111755055 5803728.893409523;631915.2565420424 5803480.4759297855;PersonalVehicle
1007071;07:43:58;632096.9837061139 5807546.095372345;631365.5374766083 5807244.016470617;PersonalVehicle
1052043;07:43:59;626022.4710342417 5802976.734862113;627702.9839879611 5802287.575252401;PersonalVehicle
1044597;07:44:00;625965.6030280814 5805397.200615538;626962.1591123748 5803927.523850056;PersonalVehicle
1065892;07:44:00;628489.6611305921 5804116.336087887;627895.9489209037 5801192.819570037;PersonalVehicle
1075858;07:44:00;628822.7612351702 5802034.41038074;628528.7189430997 5802001.474423195;PersonalVehicle
1075220;07:44:02;628738.7960199344 5802136.45510415;634266.520278123 5803737.794336154;PersonalVehicle
393153;07:44:02;634266.520278123 5803737.794336154;628615.3539976078 5804848.87179406;PersonalVehicle
1139554;07:44:03;625506.3564786583 5800324.4571683705;625823.4923466652 5800537.822142456;PersonalVehicle
1003998;07:44:04;632568.6071570974 5805916.175699631;630198.9420242606 5805466.735007281;PersonalVehicle
1107647;07:44:05;632366.2567700711 5803464.772012965;634266.520278123 5803737.794336154;PersonalVehicle
1047952;07:44:05;626548.6418626475 5803386.855425513;626255.1136157031 5803246.704181978;PersonalVehicle
1019208;07:44:07;625495.2665135056 5806727.877555828;628508.0947470742 5802448.566220334;PersonalVehicle
1092656;07:44:10;632357.7464165204 5800288.209577048;630240.6824011251 5802695.433838943;PersonalVehicle
1099463;07:44:10;631260.1476491061 5800956.708114746;630377.2935286161 5799276.878224155;PersonalVehicle
1073012;07:44:10;627350.0077579917 5802030.278700346;625506.3564786583 5800324.4571683705;PersonalVehicle
1085615;07:44:10;628825.299553432 5801206.0913109975;625506.3564786583 5800324.4571683705;PersonalVehicle
1134859;07:44:10;625506.3564786583 5800324.4571683705;627823.0632220437 5802646.942487433;PersonalVehicle
1020626;07:44:12;625506.3564786583 5800324.4571683705;625852.728613853 5802085.598587631;PersonalVehicle
1046652;07:44:12;626826.1362939269 5804163.945985535;631485.3639676748 5804137.410993604;PersonalVehicle
1105827;07:44:13;631842.2648829321 5803246.718142494;631604.217807286 5802999.807590522;PersonalVehicle
1009388;07:44:13;630203.2775238105 5806097.999142255;625495.2665135056 5806727.877555828;PersonalVehicle
1040599;07:44:14;627308.9525997665 5803098.118891984;630583.2636324223 5802315.8224850185;PersonalVehicle
1032013;07:44:15;625549.1329638349 5800936.46493261;627420.2620016041 5805198.675119348;PersonalVehicle
1062945;07:44:16;627787.4712668882 5806223.0973197;626178.8584060201 5805027.523200723;PersonalVehicle
1526552;07:44:18;625506.3564786583 5800324.4571683705;626328.3200231408 5801684.347355035;PersonalVehicle
1013848;07:44:18;627498.1724596496 5810012.366902584;630312.0123237032 5808170.796266007;PersonalVehicle
865735;07:44:18;631427.0766289446 5806477.356084689;627498.1724596496 5810012.366902584;PersonalVehicle
1092762;07:44:18;630050.335927236 5802202.085748889;628699.6095540959 5801680.929325046;PersonalVehicle
1091797;07:44:19;628767.3881804044 5801787.486663774;630377.2935286161 5799276.878224155;PersonalVehicle
1051763;07:44:21;626384.5956757399 5802915.386457456;626644.951255913 5803708.853563425;PersonalVehicle
1041996;07:44:21;626208.7591201753 5804775.6633915715;632357.7464165204 5800288.209577048;PersonalVehicle
1105771;07:44:22;631813.6236784871 5803541.178364705;631809.5371685349 5802710.128018908;PersonalVehicle
965569;07:44:22;627498.1724596496 5810012.366902584;630606.0754201695 5802203.915248761;PersonalVehicle
1076933;07:44:22;628565.6881499267 5801706.97710705;628693.3979438423 5805070.374178703;PersonalVehicle
1037934;07:44:23;627473.7741297148 5803847.875532669;627560.1339764206 5803903.03321649;PersonalVehicle
1079737;07:44:24;629748.0162589189 5801887.523168637;631741.522304119 5802764.465600236;PersonalVehicle
813906;07:44:24;630377.2935286161 5799276.878224155;631007.0602151271 5802159.120558496;PersonalVehicle
1103608;07:44:25;631387.1383448098 5804825.33126008;631364.5303876294 5803066.743493124;PersonalVehicle
900244;07:44:26;627498.1724596496 5810012.366902584;630548.0734783751 5802408.445727936;PersonalVehicle
1047681;07:44:26;625506.3564786583 5800324.4571683705;626746.1251848228 5803581.273307445;PersonalVehicle
978461;07:44:27;625495.2665135056 5806727.877555828;629906.2848981275 5800838.207038355;PersonalVehicle
1061367;07:44:28;628090.083719987 5805721.920416123;629189.7559127033 5804304.686925133;PersonalVehicle
1040141;07:44:28;626446.0451157886 5803495.255819595;626446.0451157886 5803495.255819595;PersonalVehicle
925248;07:44:29;625495.2665135056 5806727.877555828;627257.2245534095 5805731.954059989;PersonalVehicle
1070289;07:44:29;630682.2010257761 5803924.171811465;633672.1088953787 5801895.047217489;PersonalVehicle
1003416;07:44:30;632734.9545887178 5806309.437493333;632531.3417095286 5806382.50121315;PersonalVehicle
1052523;07:44:30;625495.2665135056 5806727.877555828;626086.6600270611 5801448.17258476;PersonalVehicle
1101457;07:44:32;631477.2933786453 5802334.600511754;630377.2935286161 5799276.878224155;PersonalVehicle
1073551;07:44:32;628408.4006607257 5802607.606304967;625506.3564786583 5800324.4571683705;PersonalVehicle
1150566;07:44:34;625506.3564786583 5800324.4571683705;630709.699648795 5801569.807744043;PersonalVehicle
1090751;07:44:36;625506.3564786583 5800324.4571683705;628783.3789410052 5801087.6049700985;PersonalVehicle
1065834;07:44:36;627800.1642159517 5804268.1053883275;625495.2665135056 5806727.877555828;PersonalVehicle
1060771;07:44:37;628122.3698652057 5805773.801306919;625506.3564786583 5800324.4571683705;PersonalVehicle
1096445;07:44:38;631193.6900878702 5802462.225933131;630976.1239244468 5802629.073803653;PersonalVehicle
1080951;07:44:39;625506.3564786583 5800324.4571683705;626264.3880160641 5801872.808189845;PersonalVehicle
1063242;07:44:39;628023.7211165632 5804396.988285166;628216.459334457 5804524.829016073;PersonalVehicle
1098003;07:44:41;632357.7464165204 5800288.209577048;630726.5472686111 5800629.55827261;PersonalVehicle
1053345;07:44:41;625495.2665135056 5806727.877555828;631704.3922043332 5807045.481580118;PersonalVehicle
1014070;07:44:42;630441.0796420147 5808333.07797559;630809.3319283016 5808343.900572447;PersonalVehicle
1081075;07:44:42;626329.4117751757 5801981.9538510395;626472.6679414401 5801785.691180226;PersonalVehicle
1072807;07:44:43;627568.3145986703 5802160.852889555;625506.3564786583 5800324.4571683705;PersonalVehicle
1062955;07:44:44;628613.431461563 5805515.259390705;626160.9231512569 5807240.189786335;PersonalVehicle
1054311;07:44:44;625506.3564786583 5800324.4571683705;628757.8608816748 5803771.295307582;PersonalVehicle
1105724;07:44:44;631521.9380547827 5803338.023791815;625506.3564786583 5800324.4571683705;PersonalVehicle
1010355;07:44:45;629812.0561211605 5805925.329182938;630021.8856318404 5806034.76613189;PersonalVehicle
1021941;07:44:46;625506.3564786583 5800324.4571683705;630600.2049739858 5803943.526205085;PersonalVehicle
1093559;07:44:46;630359.0661437033 5802411.052823485;628752.6426353803 5803717.211291206;PersonalVehicle
1067522;07:44:46;627420.1091316497 5803813.10909015;628337.871359633 5803322.010228039;PersonalVehicle
1042830;07:44:47;626315.1616255143 5804831.496854295;627498.1724596496 5810012.366902584;PersonalVehicle
1053095;07:44:47;625807.4060550405 5801419.493225943;625962.040739432 5801451.296407073;PersonalVehicle
1088227;07:44:48;629798.8745461721 5800625.353641624;628500.7587304052 5803243.895621111;PersonalVehicle
796046;07:44:48;632357.7464165204 5800288.209577048;628616.0451989044 5802120.397915489;PersonalVehicle
1094033;07:44:48;630397.392728394 5802359.262563692;625506.3564786583 5800324.4571683705;PersonalVehicle
1014634;07:44:49;629737.9033090662 5808526.266864078;632357.7464165204 5800288.209577048;PersonalVehicle
1100964;07:44:50;631983.3550881533 5801683.015454535;625506.3564786583 5800324.4571683705;PersonalVehicle
993557;07:44:50;631913.9173730104 5808124.069404383;630216.0572684051 5806951.901629637;PersonalVehicle
1052786;07:44:50;626019.1138537042 5801458.692894913;625506.3564786583 5800324.4571683705;PersonalVehicle
1046921;07:44:51;625506.3564786583 5800324.4571683705;626810.7455386351 5804008.643367108;PersonalVehicle
1063539;07:44:51;628427.3142503175 5804616.597571977;632357.7464165204 5800288.209577048;PersonalVehicle
1096202;07:44:52;631133.5889483249 5802237.619347324;625506.3564786583 5800324.4571683705;PersonalVehicle
1092797;07:44:53;630226.1999180346 5802663.236253442;625495.2665135056 5806727.877555828;PersonalVehicle
1152281;07:44:53;627209.1085190119 5804958.4436242245;625506.3564786583 5800324.4571683705;PersonalVehicle
1039168;07:44:54;626944.3318149559 5802693.864187294;627711.5646528921 5803285.42390139;PersonalVehicle
1102930;07:44:54;632445.1319408116 5803737.397533001;632022.5817596558 5804719.438729695;PersonalVehicle
944053;07:44:54;629796.7558407339 5802817.612476282;625495.2665135056 5806727.877555828;PersonalVehicle
1106185;07:44:58;632375.6952016333 5803307.097352366;632409.6698518031 5803387.142099306;PersonalVehicle
1071152;07:44:58;630110.3826904586 5803446.325335568;629008.393877451 5803431.041404421;PersonalVehicle
1017979;07:44:58;625506.3564786583 5800324.4571683705;627928.7149685717 5801193.640694332;PersonalVehicle
1099371;07:45:00;631923.5081171005 5801323.81289907;627898.2572219656 5802682.686629705;PersonalVehicle
1070810;07:45:00;630426.595332352 5803873.496008426;632357.7464165204 5800288.209577048;PersonalVehicle
1062203;07:45:01;627385.3469974356 5806453.485200158;628797.5005319694 5804084.536587755;PersonalVehicle
1035236;07:45:01;627541.6811487437 5804286.861172258;628476.2277495564 5804983.39899903;PersonalVehicle
1017787;07:45:03;625495.2665135056 5806727.877555828;629264.0314956312 5804153.909189653;PersonalVehicle
980765;07:45:04;627498.1724596496 5810012.366902584;625990.7978019749 5806785.809755943;PersonalVehicle
1112237;07:45:05;632357.7464165204 5800288.209577048;630498.0239414719 5807170.250322901;PersonalVehicle
1085428;07:45:05;629498.2406979937 5801155.969654096;632357.7464165204 5800288.209577048;PersonalVehicle
1116271;07:45:06;626073.6468365467 5804573.755312949;625984.314733876 5804628.164370041;PersonalVehicle
1025727;07:45:06;625495.2665135056 5806727.877555828;625938.4709388627 5805230.361028999;PersonalVehicle
999994;07:45:07;631913.9173730104 5808124.069404383;629528.0599427891 5809172.285941964;PersonalVehicle
1087403;07:45:07;630098.0616993208 5800762.371610939;630010.0287883269 5800719.616902046;PersonalVehicle
1035461;07:45:08;627470.1092421762 5804500.51735211;627776.7110424758 5806750.523964359;PersonalVehicle
1077316;07:45:08;629525.1127128154 5801561.988592778;634266.520278123 5803737.794336154;PersonalVehicle
1039335;07:45:09;627791.0209406363 5803232.309737716;627587.4933946413 5804795.955601609;PersonalVehicle
999228;07:45:10;631913.9173730104 5808124.069404383;628082.5614540509 5806087.168309686;PersonalVehicle
1077800;07:45:11;629621.8683501929 5801716.521737401;628845.042808783 5801954.113728621;PersonalVehicle
1015277;07:45:12;631798.9099349548 5807498.532995074;629231.1184361958 5809696.107041635;PersonalVehicle
976166;07:45:13;625495.2665135056 5806727.877555828;629570.437468287 5809278.044710433;PersonalVehicle
1007997;07:45:13;632930.9872847674 5807177.574345046;632608.5102547638 5807508.078364626;PersonalVehicle
1019233;07:45:13;625495.2665135056 5806727.877555828;627973.1293630757 5804376.18159054;PersonalVehicle
1004928;07:45:15;632420.2891968703 5806590.154313482;631685.8797015838 5807529.655026264;PersonalVehicle
1053934;07:45:17;625506.3564786583 5800324.4571683705;627351.9393711706 5803346.442285336;PersonalVehicle
1103491;07:45:18;631889.2908958946 5804320.863766114;634266.520278123 5803737.794336154;PersonalVehicle
995151;07:45:18;629007.4639956065 5801169.892572369;631913.9173730104 5808124.069404383;PersonalVehicle
973044;07:45:19;625495.2665135056 5806727.877555828;625831.8811778472 5805540.101274229;PersonalVehicle
1037019;07:45:19;627232.2007716191 5803266.423993989;625506.3564786583 5800324.4571683705;PersonalVehicle
954815;07:45:21;625495.2665135056 5806727.877555828;629550.7462507931 5804099.181826476;PersonalVehicle
1102176;07:45:22;631901.7118851898 5803874.266957954;630283.1710560867 5801635.319812613;PersonalVehicle
1100683;07:45:22;631683.8726607076 5802404.726183484;629913.0084646859 5802585.9720382895;PersonalVehicle
1075078;07:45:22;628551.9528221262 5801682.848448338;627736.1355011709 5802505.372979586;PersonalVehicle
846847;07:45:23;631913.9173730104 5808124.069404383;629516.055474712 5806567.170680394;PersonalVehicle
1097950;07:45:23;630572.6769436818 5801012.759034143;627517.7852128645 5806368.652276016;PersonalVehicle
1052296;07:45:23;625834.6370874557 5801555.8967631;626038.9816911598 5801472.962781992;PersonalVehicle
1103000;07:45:24;632179.3593613014 5803878.538706881;631913.9173730104 5808124.069404383;PersonalVehicle
1094899;07:45:26;630520.1922692995 5802057.139172063;629801.7184295084 5803726.435158017;PersonalVehicle
1075561;07:45:27;628593.6765579368 5801499.953360318;634266.520278123 5803737.794336154;PersonalVehicle
964787;07:45:29;627498.1724596496 5810012.366902584;626904.822498118 5801486.191533569;PersonalVehicle
1045124;07:45:30;626675.8322478811 5804242.44572357;625506.3564786583 5800324.4571683705;PersonalVehicle
1049519;07:45:31;626183.5392657496 5803677.798295675;629805.4709427916 5802771.755211434;PersonalVehicle
1084153;07:45:33;627513.0162124916 5801330.383956596;628877.0512894832 5803933.591935997;PersonalVehicle
1104139;07:45:35;631563.0494411676 5803212.365397524;625553.475789288 5803359.758430464;PersonalVehicle
1025001;07:45:35;625495.2665135056 5806727.877555828;628380.8612162381 5802984.75263041;PersonalVehicle
1103514;07:45:36;632022.565459503 5804074.060908275;629270.0242495304 5803911.082896169;PersonalVehicle
1044422;07:45:36;625787.9822609039 5803958.742574748;625787.9822609039 5803958.742574748;PersonalVehicle
1078349;07:45:37;625506.3564786583 5800324.4571683705;629263.8131214719 5801916.380437255;PersonalVehicle
1028501;07:45:37;625506.3564786583 5800324.4571683705;628840.4932846884 5804348.440713919;PersonalVehicle
1105702;07:45:38;631726.9663746024 5803332.126653042;629618.7260076373 5803315.239423731;PersonalVehicle
1063016;07:45:38;627210.4270047324 5805026.61336084;629011.2147521778 5804799.604854093;PersonalVehicle
1007997;07:45:39;632608.5102547638 5807508.078364626;632930.9872847674 5807177.574345046;PersonalVehicle
1072930;07:45:39;627350.0077579917 5802030.278700346;629128.7086677522 5803533.551470359;PersonalVehicle
1085631;07:45:39;629241.7531437653 5801180.051600794;625506.3564786583 5800324.4571683705;PersonalVehicle
1076238;07:45:40;628625.0981321364 5801937.537589431;633672.1088953787 5801895.047217489;PersonalVehicle
1058507;07:45:42;629607.4585700011 5803547.17644723;632446.2379378236 5800834.28823285;PersonalVehicle
1017955;07:45:42;628041.5421116515 5801330.131365046;625495.2665135056 5806727.877555828;PersonalVehicle
1024414;07:45:43;628546.3161917597 5805176.719506277;625495.2665135056 5806727.877555828;PersonalVehicle
1105911;07:45:44;631596.9840384307 5803440.565353929;631913.9173730104 5808124.069404383;PersonalVehicle
1046850;07:45:45;626471.0758005173 5804479.893345857;627498.1724596496 5810012.366902584;PersonalVehicle
1047430;07:45:45;626342.6448499409 5803197.220610683;625506.3564786583 5800324.4571683705;PersonalVehicle
1060143;07:45:46;627614.0220764279 5806356.68190117;625506.3564786583 5800324.4571683705;PersonalVehicle
774167;07:45:47;632357.7464165204 5800288.209577048;627870.356806435 5804548.135102855;PersonalVehicle
1085673;07:45:48;629331.7877190802 5801082.327306908;632357.7464165204 5800288.209577048;PersonalVehicle
1071721;07:45:48;630392.4270962354 5803413.266028287;628546.3161917597 5805176.719506277;PersonalVehicle
1038563;07:45:50;627766.2651315074 5802940.328230498;625506.3564786583 5800324.4571683705;PersonalVehicle
1087298;07:45:50;629767.2333775839 5801072.171543386;629523.1595447087 5801753.506386295;PersonalVehicle
1168780;07:45:52;634266.520278123 5803737.794336154;631118.8965822794 5802901.49574004;PersonalVehicle
1043635;07:45:53;626611.5165841737 5804972.52196918;627437.8519902794 5801027.428906117;PersonalVehicle
1070511;07:45:53;625506.3564786583 5800324.4571683705;631452.5080805542 5804076.311453703;PersonalVehicle
1034379;07:45:53;627594.2582480367 5804602.347028233;629712.7932076531 5804274.630426201;PersonalVehicle
1037307;07:45:56;627224.7121149888 5803741.466773407;632357.7464165204 5800288.209577048;PersonalVehicle
1105492;07:45:57;632206.5518093196 5802969.6366431285;632206.5518093196 5802969.6366431285;PersonalVehicle
1094111;07:45:58;630308.5620324666 5802316.379703313;634266.520278123 5803737.794336154;PersonalVehicle
1102495;07:45:59;631769.683594421 5804812.644073384;632338.7974968109 5803790.213834602;PersonalVehicle
1110246;07:45:59;632357.7464165204 5800288.209577048;626531.3124546339 5803358.984980491;PersonalVehicle
1095578;07:46:00;632357.7464165204 5800288.209577048;631113.1804678654 5802177.134960638;PersonalVehicle
1085524;07:46:00;628881.2298399691 5801160.916414355;629926.898519403 5801596.110486792;PersonalVehicle
1063731;07:46:01;627971.2364935853 5804927.637587852;628210.7038175429 5805149.387311575;PersonalVehicle
1096762;07:46:01;629156.1309066467 5802936.232166412;631333.6953793492 5802874.371743158;PersonalVehicle
1082741;07:46:01;626899.0644759572 5801067.86061742;627636.7844081776 5802163.792930269;PersonalVehicle
1100408;07:46:01;632563.4534337461 5803570.072996215;631505.6887311479 5802176.973459218;PersonalVehicle
693435;07:46:03;634266.520278123 5803737.794336154;631181.277264131 5800474.104761463;PersonalVehicle
1052445;07:46:04;625744.0967620247 5801620.122283354;632357.7464165204 5800288.209577048;PersonalVehicle
1057874;07:46:05;631913.9173730104 5808124.069404383;629445.4766480223 5803774.139311567;PersonalVehicle
1080568;07:46:06;626707.9779049306 5801332.702913658;626683.6322330683 5801593.044983165;PersonalVehicle
1065937;07:46:07;627846.8069688345 5804116.556093054;630488.558231238 5802376.08699106;PersonalVehicle
1014230;07:46:07;629657.4288398691 5808969.133528451;631913.9173730104 5808124.069404383;PersonalVehicle
1099834;07:46:08;632712.3226301793 5800820.810925583;633672.1088953787 5801895.047217489;PersonalVehicle
1093289;07:46:09;630316.556733425 5802519.503159969;630235.7661518835 5802752.07262839;PersonalVehicle
1040923;07:46:09;626974.6212082736 5803007.847076272;625506.3564786583 5800324.4571683705;PersonalVehicle
1012861;07:46:09;630740.594162928 5808471.267972768;630294.9870578941 5806048.707532115;PersonalVehicle
1088944;07:46:10;629169.3781629408 5800750.94410693;628748.6465428423 5801129.716112754;PersonalVehicle
1039130;07:46:11;626981.5547370735 5802843.224337788;632357.7464165204 5800288.209577048;PersonalVehicle
1146196;07:46:13;625495.2665135056 5806727.877555828;629332.8974630476 5804203.735463947;PersonalVehicle
1096917;07:46:14;631422.656729628 5803463.136902127;628947.319493526 5803839.485035625;PersonalVehicle
1121556;07:46:14;633672.1088953787 5801895.047217489;628178.082869657 5804848.561267496;PersonalVehicle
1042712;07:46:14;631913.9173730104 5808124.069404383;626429.7570512712 5804982.811221024;PersonalVehicle
1041384;07:46:15;626364.030723932 5804825.288226369;625796.1294847185 5805040.627872608;PersonalVehicle
992689;07:46:15;631913.9173730104 5808124.069404383;629407.6995563821 5804165.233351485;PersonalVehicle
1096641;07:46:16;631016.320277445 5803169.821904564;631125.3347392736 5802882.193208398;PersonalVehicle
1002696;07:46:21;632336.719657813 5806209.16219733;631861.3613713677 5807570.663890213;PersonalVehicle
1037460;07:46:22;627473.7741297148 5803847.875532669;627473.7741297148 5803847.875532669;PersonalVehicle
1288236;07:46:24;625506.3564786583 5800324.4571683705;631594.8710713753 5806447.94274011;PersonalVehicle
1004818;07:46:26;632857.4181865375 5807153.150250062;634266.520278123 5803737.794336154;PersonalVehicle
1015191;07:46:29;625506.3564786583 5800324.4571683705;628323.5002891342 5809429.202452664;PersonalVehicle
1037228;07:46:29;627120.0277109583 5803694.416960115;625506.3564786583 5800324.4571683705;PersonalVehicle
1069854;07:46:29;625506.3564786583 5800324.4571683705;629991.3008555749 5802969.161897488;PersonalVehicle
1088615;07:46:31;629280.4458700668 5800778.930293561;627929.2656136964 5805876.147791921;PersonalVehicle
1095947;07:46:32;630860.3849319918 5802005.120980447;626254.0001864159 5803278.930916698;PersonalVehicle
1050945;07:46:33;626086.9302603389 5801772.984662797;627498.1724596496 5810012.366902584;PersonalVehicle
1138093;07:46:34;625506.3564786583 5800324.4571683705;625550.089180421 5803359.646679603;PersonalVehicle
997922;07:46:34;634266.520278123 5803737.794336154;631674.2525702065 5804414.401202322;PersonalVehicle
1087078;07:46:35;629108.9187954685 5800546.578460949;625506.3564786583 5800324.4571683705;PersonalVehicle
1011811;07:46:35;628783.944185256 5808707.636407392;630338.6536691932 5807189.487688969;PersonalVehicle
1031425;07:46:36;625506.3564786583 5800324.4571683705;625997.3920545424 5804097.508024286;PersonalVehicle
1082903;07:46:36;627123.4684164352 5800718.788951951;625506.3564786583 5800324.4571683705;PersonalVehicle
1013629;07:46:37;630539.4463144368 5807875.797205111;629968.7551887872 5807961.375511046;PersonalVehicle
1008835;07:46:38;634266.520278123 5803737.794336154;625791.1007144231 5806794.175846111;PersonalVehicle
939466;07:46:39;625506.3564786583 5800324.4571683705;631212.976850619 5807017.4264308475;PersonalVehicle
1081898;07:46:40;626657.4737944964 5801659.245801852;626274.6470769311 5801956.597679054;PersonalVehicle
1075693;07:46:40;628827.0986667294 5802451.444405204;632481.390756679 5801865.44911137;PersonalVehicle
1047211;07:46:41;626962.6492636055 5803928.144445755;626455.9911663202 5804010.227797695;PersonalVehicle
1050218;07:46:42;625517.8586100246 5802799.648434096;630775.4006307865 5802518.686335754;PersonalVehicle
1167694;07:46:43;634266.520278123 5803737.794336154;630438.6871853118 5801066.283121372;PersonalVehicle
1099256;07:46:43;630933.1489238311 5801816.86748252;632156.9162939141 5807222.6648517065;PersonalVehicle
1103672;07:46:45;632388.9858653992 5804124.834604319;628229.3548319973 5805051.9208588945;PersonalVehicle
1035735;07:46:45;627690.9285694668 5804975.477055278;634266.520278123 5803737.794336154;PersonalVehicle
1003220;07:46:45;631337.0922944648 5803349.991132949;632196.5354243403 5806555.904927333;PersonalVehicle
1106353;07:46:45;632416.4273250776 5803032.674350616;634266.520278123 5803737.794336154;PersonalVehicle
1021151;07:46:46;625506.3564786583 5800324.4571683705;626111.456980714 5801711.702580963;PersonalVehicle
1106688;07:46:49;632417.804225127 5803317.490890514;631690.2106121188 5801961.453764859;PersonalVehicle
1040730;07:46:50;627069.3885396239 5802898.751838637;627309.8427361643 5802151.061438037;PersonalVehicle
1094269;07:46:50;628720.5934792301 5801530.167496028;630488.8461654665 5801945.937225836;PersonalVehicle
1038986;07:46:51;627414.9437699498 5803084.958401914;625506.3564786583 5800324.4571683705;PersonalVehicle
996694;07:46:52;630439.8327282631 5805790.101234369;631913.9173730104 5808124.069404383;PersonalVehicle
1067820;07:46:52;628512.6157177878 5803316.981978057;628264.0598215743 5803283.671457961;PersonalVehicle
1048116;07:46:54;626431.5306641824 5803283.288402925;627448.9004495669 5801560.264453028;PersonalVehicle
1053165;07:46:54;625928.8560611703 5803744.759838122;625506.3564786583 5800324.4571683705;PersonalVehicle
988014;07:46:56;631913.9173730104 5808124.069404383;630094.7208005554 5803972.170476544;PersonalVehicle
1039546;07:46:56;627931.6275135116 5802411.758488026;626669.5851766722 5802481.204162936;PersonalVehicle
1038009;07:46:56;627236.6236853972 5803397.431687887;627498.1724596496 5810012.366902584;PersonalVehicle
1173531;07:46:57;634266.520278123 5803737.794336154;629277.1578595584 5804076.889244649;PersonalVehicle
1072180;07:46:58;629876.8356441057 5803439.646646286;630286.4235234368 5803917.584048769;PersonalVehicle
1014294;07:46:58;627498.1724596496 5810012.366902584;629326.1531539554 5809442.552205038;PersonalVehicle
440859;07:46:59;634266.520278123 5803737.794336154;629483.4149071325 5803962.644091701;PersonalVehicle
1012046;07:47:00;628590.3916410756 5808912.025069646;628065.3500812447 5809269.2049559215;PersonalVehicle
903537;07:47:01;627498.1724596496 5810012.366902584;629008.9119419787 5804662.890941432;PersonalVehicle
483538;07:47:03;634266.520278123 5803737.794336154;626334.7191633264 5803902.169956975;PersonalVehicle
1104206;07:47:05;631711.2545964239 5802935.68504777;631376.3668272326 5807242.837550907;PersonalVehicle
1043013;07:47:05;626554.8300656085 5804558.96176103;626554.8300656085 5804558.96176103;PersonalVehicle
1007671;07:47:05;631920.7427410806 5806857.853390606;631913.9173730104 5808124.069404383;PersonalVehicle
1092141;07:47:06;630377.2935286161 5799276.878224155;632560.7627813378 5801953.772380263;PersonalVehicle
1041394;07:47:06;626744.8044173995 5804773.074662389;633672.1088953787 5801895.047217489;PersonalVehicle
702831;07:47:07;628696.065561133 5803652.356987695;634266.520278123 5803737.794336154;PersonalVehicle
1013985;07:47:09;629809.1478482779 5807743.347428408;627884.0402558637 5804035.420427494;PersonalVehicle
1067692;07:47:09;629492.6768506025 5802848.156491457;625506.3564786583 5800324.4571683705;PersonalVehicle
955217;07:47:10;628481.8192554818 5805274.859797608;625506.3564786583 5800324.4571683705;PersonalVehicle
1039776;07:47:10;626320.0853629429 5802342.554409701;627624.3711186083 5803085.330478795;PersonalVehicle
996326;07:47:10;631913.9173730104 5808124.069404383;626861.3317939772 5803775.805070961;PersonalVehicle
945919;07:47:14;625495.2665135056 5806727.877555828;631504.3522190652 5806819.983820575;PersonalVehicle
1052087;07:47:15;626000.3487823076 5802079.044320834;625517.5031892596 5802789.071871413;PersonalVehicle
1038816;07:47:15;627107.1362018553 5803000.613719126;625506.3564786583 5800324.4571683705;PersonalVehicle
1008393;07:47:17;631238.0300638282 5806467.613979217;625495.2665135056 5806727.877555828;PersonalVehicle
1071648;07:47:17;630448.1124843415 5803900.326182422;630269.1966097826 5803835.679998752;PersonalVehicle
1069184;07:47:18;628599.699783532 5802202.632085218;628548.748214842 5803361.599050017;PersonalVehicle
1092656;07:47:20;630240.6824011251 5802695.433838943;632357.7464165204 5800288.209577048;PersonalVehicle
1107377;07:47:21;632243.3670294364 5803227.364142493;633672.1088953787 5801895.047217489;PersonalVehicle
1020457;07:47:21;631519.8333675037 5801449.037766271;625506.3564786583 5800324.4571683705;PersonalVehicle
1049289;07:47:22;626293.1923319832 5803310.166980508;628805.3072713893 5804956.645423081;PersonalVehicle
1062778;07:47:23;628538.4394734455 5805102.726799352;628920.791542922 5804912.203576703;PersonalVehicle
1067874;07:47:24;627158.4052114354 5805321.708789731;628243.2430478581 5803220.419504952;PersonalVehicle
1099196;07:47:25;631969.6823951909 5801633.5326376;629805.9972211121 5801305.341161411;PersonalVehicle
1095899;07:47:26;630862.5621296886 5802212.287093403;631025.9585365201 5802775.739282732;PersonalVehicle
1072953;07:47:27;627741.7944787518 5802268.7270896;628433.5801458511 5802127.21375871;PersonalVehicle
997999;07:47:28;634266.520278123 5803737.794336154;630082.9049723156 5803943.941126485;PersonalVehicle
1098574;07:47:28;632357.7464165204 5800288.209577048;630922.0276136815 5801736.382391336;PersonalVehicle
1085851;07:47:29;629404.4216757604 5801358.278127525;627763.3080312434 5801203.211138713;PersonalVehicle
1063994;07:47:30;625846.7069980622 5805290.239784222;628164.7470185813 5805023.830960315;PersonalVehicle
1050311;07:47:31;626105.4644328137 5802674.25401323;631243.2660300408 5807830.998134731;PersonalVehicle
1154311;07:47:32;625506.3564786583 5800324.4571683705;629376.0070554026 5804274.2864114;PersonalVehicle
1185382;07:47:32;634266.520278123 5803737.794336154;626793.2695577004 5803568.746351247;PersonalVehicle
1136402;07:47:32;625506.3564786583 5800324.4571683705;630015.1422416687 5800900.363411022;PersonalVehicle
1097972;07:47:33;632357.7464165204 5800288.209577048;631920.5691192951 5800321.19293341;PersonalVehicle
1095569;07:47:34;630911.8383205661 5802130.283328281;628702.0336738818 5804346.032194205;PersonalVehicle
1003949;07:47:34;630791.1372547388 5805791.718082488;630672.6617058066 5805712.131784849;PersonalVehicle
983116;07:47:35;627498.1724596496 5810012.366902584;632487.0009154794 5804192.115761587;PersonalVehicle
1004358;07:47:36;630091.8013778236 5806039.18713846;630526.3610539876 5805799.642698715;PersonalVehicle
1046407;07:47:36;626579.2381854699 5804123.594091002;630377.2935286161 5799276.878224155;PersonalVehicle
1033625;07:47:37;627498.1724596496 5810012.366902584;627198.852017128 5805081.977054056;PersonalVehicle
1032372;07:47:37;625506.3564786583 5800324.4571683705;627264.7627761798 5804886.175417146;PersonalVehicle
1074937;07:47:37;631913.9173730104 5808124.069404383;628762.4213811326 5802377.2213812815;PersonalVehicle
1108415;07:47:39;632357.7464165204 5800288.209577048;629277.7094757289 5803714.267802428;PersonalVehicle
1011157;07:47:39;628226.2697299306 5809148.37427451;629623.6189366851 5807323.711807848;PersonalVehicle
728558;07:47:41;633672.1088953787 5801895.047217489;628882.0818203108 5802264.271017242;PersonalVehicle
1081217;07:47:41;626400.0932830451 5801840.787221804;630377.2935286161 5799276.878224155;PersonalVehicle
942565;07:47:42;625506.3564786583 5800324.4571683705;630196.8102059249 5804081.228048158;PersonalVehicle
1058842;07:47:43;627508.7840713138 5804060.418213476;628696.065561133 5803652.356987695;PersonalVehicle
1008953;07:47:45;630402.0204730113 5806659.977988397;630673.2379937738 5802113.500192709;PersonalVehicle
1071605;07:47:46;629748.7627408949 5803369.095983881;631940.6203810052 5803988.7116727065;PersonalVehicle
1113852;07:47:46;628565.6881499267 5801706.97710705;633672.1088953787 5801895.047217489;PersonalVehicle
963541;07:47:46;627498.1724596496 5810012.366902584;626208.4194701539 5803622.834654206;PersonalVehicle
1102977;07:47:48;631897.316509027 5804258.051020554;631247.2901600954 5803910.325601909;PersonalVehicle
1124151;07:47:48;630377.2935286161 5799276.878224155;627768.7743289577 5806275.573038437;PersonalVehicle
1075098;07:47:48;629249.2465269114 5801235.943533236;629354.5526882823 5804556.576446353;PersonalVehicle
1010250;07:47:49;631045.946782705 5806474.678988716;630294.1825949604 5806455.053360227;PersonalVehicle
1058505;07:47:51;629286.1962564215 5803919.720043071;627307.5208795667 5801008.845471978;PersonalVehicle
1003689;07:47:52;632308.0829677337 5806201.354935462;627498.1724596496 5810012.366902584;PersonalVehicle
1106446;07:47:52;632172.2430376766 5802885.021693879;632477.0595809446 5803101.994536052;PersonalVehicle
1039546;07:47:53;626669.5851766722 5802481.204162936;627931.6275135116 5802411.758488026;PersonalVehicle
1080212;07:47:53;630077.3186269425 5801597.267287813;629436.270292226 5802318.883625525;PersonalVehicle
1009390;07:47:54;629925.2446144378 5805743.785610979;633672.1088953787 5801895.047217489;PersonalVehicle
975927;07:47:55;625889.639070479 5804620.371230369;625495.2665135056 5806727.877555828;PersonalVehicle
1034495;07:47:58;627343.8788515701 5804416.729654563;625506.3564786583 5800324.4571683705;PersonalVehicle
1047556;07:48:00;626402.3145868288 5803622.957677257;629548.8736257481 5802778.319063904;PersonalVehicle
1058124;07:48:01;629344.728433362 5803811.129268183;630719.9070759995 5801561.485988532;PersonalVehicle
1004928;07:48:03;631685.8797015838 5807529.655026264;632420.2891968703 5806590.154313482;PersonalVehicle
1101954;07:48:05;629534.8134982621 5804528.793125783;632510.3715057413 5804703.570873705;PersonalVehicle
1047091;07:48:06;626425.8703560394 5804263.24483745;628873.8325366853 5803564.810425008;PersonalVehicle
1013982;07:48:06;630674.8971797891 5808767.2421631785;629844.006911917 5806382.937279156;PersonalVehicle
1074160;07:48:08;627745.3903241222 5802633.577449232;627891.2073925618 5806047.4545829585;PersonalVehicle
1085233;07:48:09;629515.0684023373 5801119.717343801;632357.7464165204 5800288.209577048;PersonalVehicle
1011765;07:48:11;629770.663619439 5806948.455619577;629077.8909668477 5808195.175582535;PersonalVehicle
1063832;07:48:11;628209.3851306952 5804913.096713817;628855.8532634845 5802137.651292948;PersonalVehicle
1013257;07:48:12;629962.0075262734 5807587.9921974465;630496.8941291783 5807670.04264599;PersonalVehicle
1025303;07:48:12;625495.2665135056 5806727.877555828;626440.7716622364 5801714.603460926;PersonalVehicle
976737;07:48:13;625495.2665135056 5806727.877555828;628944.4727896705 5808435.650044679;PersonalVehicle
1048461;07:48:14;625495.2665135056 5806727.877555828;626235.8181632629 5803238.582772387;PersonalVehicle
1044265;07:48:19;626234.6597297952 5805107.478958744;626096.1880186433 5802369.74629628;PersonalVehicle
1054095;07:48:20;625866.7830010407 5805414.74769627;625506.3564786583 5800324.4571683705;PersonalVehicle
1013852;07:48:24;630174.9338515409 5807416.79688789;630174.9338515409 5807416.79688789;PersonalVehicle
1132330;07:48:24;625506.3564786583 5800324.4571683705;628391.4903458626 5802114.237113782;PersonalVehicle
1016292;07:48:24;625495.2665135056 5806727.877555828;627537.4818436832 5805495.714483073;PersonalVehicle
1004953;07:48:25;634266.520278123 5803737.794336154;633108.6694842773 5806270.751515481;PersonalVehicle
1087576;07:48:25;629508.6322667327 5800565.016779974;629015.7153932985 5800721.006227298;PersonalVehicle
1069959;07:48:25;629796.7558407339 5802817.612476282;630141.8367065038 5805967.094625236;PersonalVehicle
1013382;07:48:27;632109.9947122657 5807465.122676885;630465.0232467891 5808255.932732962;PersonalVehicle
1188904;07:48:27;633672.1088953787 5801895.047217489;628868.3104158742 5803215.102296107;PersonalVehicle
1009390;07:48:27;633672.1088953787 5801895.047217489;629925.2446144378 5805743.785610979;PersonalVehicle
1098957;07:48:30;629471.8686131407 5801944.466104718;630968.2521052174 5801382.766206349;PersonalVehicle
1026969;07:48:31;625506.3564786583 5800324.4571683705;629155.243514976 5803985.682735336;PersonalVehicle
1045545;07:48:31;626558.7901406751 5804081.812194518;625980.7825870297 5804130.173745974;PersonalVehicle
1056532;07:48:31;625506.3564786583 5800324.4571683705;625749.9578531131 5802064.744033722;PersonalVehicle
1144952;07:48:32;632121.2172562215 5801729.388329589;625506.3564786583 5800324.4571683705;PersonalVehicle
1102510;07:48:32;630301.1183045359 5807729.802160326;630119.6125965033 5805329.019658411;PersonalVehicle
1073181;07:48:34;628319.3348319702 5802361.401251158;625506.3564786583 5800324.4571683705;PersonalVehicle
961601;07:48:34;627498.1724596496 5810012.366902584;628098.5416359056 5801767.40504237;PersonalVehicle
1299624;07:48:35;625506.3564786583 5800324.4571683705;629459.280583039 5804568.2254023105;PersonalVehicle
1102837;07:48:37;631817.5234883922 5803776.3674124135;633672.1088953787 5801895.047217489;PersonalVehicle
1105500;07:48:37;632357.7464165204 5800288.209577048;631933.7966769726 5803248.700859897;PersonalVehicle
1052958;07:48:39;625831.812388965 5801641.223756098;625495.2665135056 5806727.877555828;PersonalVehicle
1064163;07:48:39;628309.9158063252 5804665.910195045;633672.1088953787 5801895.047217489;PersonalVehicle
1128212;07:48:39;625506.3564786583 5800324.4571683705;627701.3274622422 5806291.426026086;PersonalVehicle
1021533;07:48:40;625506.3564786583 5800324.4571683705;627906.669875969 5800983.370033442;PersonalVehicle
1101760;07:48:41;630665.8995028068 5801918.35224846;632094.3181150261 5801570.387388824;PersonalVehicle
1098957;07:48:42;630968.2521052174 5801382.766206349;629471.8686131407 5801944.466104718;PersonalVehicle
1011186;07:48:43;625495.2665135056 5806727.877555828;628683.1994065092 5807671.660522713;PersonalVehicle
1055527;07:48:44;627264.7627761798 5804886.175417146;625506.3564786583 5800324.4571683705;PersonalVehicle
1047021;07:48:45;625923.6373293564 5803992.131238384;628540.1367946636 5805238.253217598;PersonalVehicle
1097361;07:48:45;629721.1760612779 5802146.625985363;631219.9410750552 5803381.323877336;PersonalVehicle
1113628;07:48:46;632357.7464165204 5800288.209577048;632476.6525966545 5800970.998917684;PersonalVehicle
399934;07:48:46;634266.520278123 5803737.794336154;627951.8274310401 5802116.451147311;PersonalVehicle
1074246;07:48:47;627634.7161886973 5802106.752107822;628361.1595985724 5801918.825427268;PersonalVehicle
1127031;07:48:48;625506.3564786583 5800324.4571683705;626728.8698743831 5800840.937882937;PersonalVehicle
438460;07:48:49;631163.3240311985 5802120.467929629;634266.520278123 5803737.794336154;PersonalVehicle
1088620;07:48:52;625506.3564786583 5800324.4571683705;630260.7047373699 5801130.210378225;PersonalVehicle
1099689;07:48:52;632316.6365888525 5800469.73490857;625495.2665135056 5806727.877555828;PersonalVehicle
646779;07:48:54;632357.7464165204 5800288.209577048;630453.8895462581 5801028.577639867;PersonalVehicle
1058561;07:48:54;629803.3345724667 5804246.119232288;625506.3564786583 5800324.4571683705;PersonalVehicle
1133254;07:48:55;625506.3564786583 5800324.4571683705;627713.1288873131 5801601.749419209;PersonalVehicle
1095071;07:48:55;630990.3102990928 5802394.901324887;631913.9173730104 5808124.069404383;PersonalVehicle
1070138;07:48:55;630269.1966097826 5803835.679998752;631195.3810015409 5800450.723523706;PersonalVehicle
1056503;07:48:56;625506.3564786583 5800324.4571683705;628770.263385307 5802916.387358489;PersonalVehicle
1041088;07:48:57;627453.4011382955 5803118.324271922;626698.3927454259 5802935.701976568;PersonalVehicle
1105872;07:48:58;631750.1904640868 5803536.1144963205;627370.7897237637 5806175.28346747;PersonalVehicle
1080036;07:48:58;629972.768322968 5801902.610408675;625495.2665135056 5806727.877555828;PersonalVehicle
1073427;07:48:59;629569.2716997841 5801834.436904433;627923.8657316869 5802210.790661458;PersonalVehicle
1076229;07:49:00;627280.7113590842 5803862.996105647;627053.86155668 5803320.9200986745;PersonalVehicle
1077260;07:49:01;629061.5830355587 5802204.147629332;625506.3564786583 5800324.4571683705;PersonalVehicle
1048902;07:49:03;625506.3564786583 5800324.4571683705;626228.6354067435 5803328.4749708865;PersonalVehicle
1092392;07:49:03;630212.6360580213 5802335.027790466;630393.4456978906 5801647.855497115;PersonalVehicle
1106653;07:49:04;632310.5921740294 5803344.94804019;628688.047323955 5804123.316798586;PersonalVehicle
1078320;07:49:05;629223.3399221813 5801747.187422412;629260.090384619 5802397.273289637;PersonalVehicle
1042749;07:49:05;626342.5227623961 5805007.913019973;628608.8526759566 5803170.215090049;PersonalVehicle
725968;07:49:05;633672.1088953787 5801895.047217489;628965.6791066326 5802694.691607436;PersonalVehicle
1056214;07:49:12;625495.2665135056 5806727.877555828;625837.1673444442 5805004.633415796;PersonalVehicle
1034456;07:49:12;627313.7153497445 5804284.291567909;630377.2935286161 5799276.878224155;PersonalVehicle
1046018;07:49:12;626669.7364230447 5804389.7764768535;625495.2665135056 5806727.877555828;PersonalVehicle
1105806;07:49:14;631767.4062900948 5803001.941105868;630314.4421854294 5802463.793920253;PersonalVehicle
1070624;07:49:14;630670.88417275 5803161.362576688;625506.3564786583 5800324.4571683705;PersonalVehicle
1078111;07:49:14;629131.2310101829 5802433.713720151;628806.052700866 5804597.031321321;PersonalVehicle
1052791;07:49:15;625801.23738607 5801604.270484619;627498.1724596496 5810012.366902584;PersonalVehicle
1101394;07:49:17;628409.9196709109 5801670.8828674145;632282.6418020834 5801707.366598499;PersonalVehicle
829691;07:49:18;627498.1724596496 5810012.366902584;630659.2065660562 5808318.315878374;PersonalVehicle
1106177;07:49:19;631717.7708836251 5803104.358344401;630455.6238575126 5804024.972033486;PersonalVehicle
1033717;07:49:19;627410.1913808128 5805506.985080882;625506.3564786583 5800324.4571683705;PersonalVehicle
983714;07:49:19;631913.9173730104 5808124.069404383;629770.663619439 5806948.455619577;PersonalVehicle
1062946;07:49:20;628876.1737568636 5804944.232088686;628259.8168738277 5805618.651240957;PersonalVehicle
1050137;07:49:20;625890.6695188789 5802014.449261297;625495.2665135056 5806727.877555828;PersonalVehicle
1053311;07:49:21;625506.3564786583 5800324.4571683705;630243.5501854684 5803063.855746716;PersonalVehicle
1096226;07:49:22;631046.4009873801 5802247.43846125;631113.1804678654 5802177.134960638;PersonalVehicle
1097603;07:49:23;631502.2204361385 5802684.268822067;631285.4754911164 5803088.207731484;PersonalVehicle
1093263;07:49:23;630403.9945415157 5802406.2058751555;627675.6128753752 5801322.018964031;PersonalVehicle
1070092;07:49:24;627596.8488371555 5805512.016517852;630615.056233194 5803654.840223515;PersonalVehicle
1373372;07:49:26;625506.3564786583 5800324.4571683705;629478.8754506689 5803754.605074399;PersonalVehicle
1045384;07:49:27;626706.9123713681 5804499.059151893;626944.8944549363 5803960.90587207;PersonalVehicle
991070;07:49:27;625816.6295324792 5805440.755238231;631913.9173730104 5808124.069404383;PersonalVehicle
1095267;07:49:27;630867.4032662745 5802318.695001216;625506.3564786583 5800324.4571683705;PersonalVehicle
1087251;07:49:28;632357.7464165204 5800288.209577048;629620.2037895189 5800731.600796041;PersonalVehicle
1075806;07:49:29;628540.9723013033 5801879.622188926;627350.0077579917 5802030.278700346;PersonalVehicle
1027542;07:49:30;627638.5627230589 5800629.378736339;625506.3564786583 5800324.4571683705;PersonalVehicle
999681;07:49:30;627498.1724596496 5810012.366902584;632057.1401808336 5806862.014385388;PersonalVehicle
1102792;07:49:30;631914.339652786 5804060.727305682;628931.2975356618 5804479.745026801;PersonalVehicle
1003220;07:49:31;632196.5354243403 5806555.904927333;631337.0922944648 5803349.991132949;PersonalVehicle
1080652;07:49:31;626807.5512983531 5801741.110409979;632357.7464165204 5800288.209577048;PersonalVehicle
1000221;07:49:32;631913.9173730104 5808124.069404383;630827.8176345509 5806074.658118169;PersonalVehicle
1057556;07:49:32;629592.4498670076 5804087.294353954;629416.0516101727 5804184.984002759;PersonalVehicle
1060710;07:49:32;628454.595512371 5806045.896677561;627498.1724596496 5810012.366902584;PersonalVehicle
1107452;07:49:33;632453.4407386259 5803401.05399676;633672.1088953787 5801895.047217489;PersonalVehicle
1011086;07:49:33;628430.0079893381 5808060.55363251;628218.6858897746 5802011.829449591;PersonalVehicle
1007940;07:49:33;631303.8951830809 5806575.932679997;629162.5394367063 5808955.318717811;PersonalVehicle
1084676;07:49:34;628275.2043943809 5801213.245466289;625506.3564786583 5800324.4571683705;PersonalVehicle
1641447;07:49:34;630377.2935286161 5799276.878224155;629377.4070203386 5802531.533471318;PersonalVehicle
1081219;07:49:36;627083.9212832598 5801815.154381731;629038.858495794 5803060.4123137435;PersonalVehicle
1070902;07:49:38;631092.3791547851 5804121.781643483;625495.2665135056 5806727.877555828;PersonalVehicle
1042969;07:49:39;625495.2665135056 5806727.877555828;626441.1142661052 5804739.041885874;PersonalVehicle
1102086;07:49:39;629940.406095789 5802444.016601076;625506.3564786583 5800324.4571683705;PersonalVehicle
1018548;07:49:39;625495.2665135056 5806727.877555828;629283.7019786927 5804314.434106508;PersonalVehicle
1135622;07:49:40;627295.7516465341 5801165.113558989;625506.3564786583 5800324.4571683705;PersonalVehicle
1347520;07:49:40;625506.3564786583 5800324.4571683705;628202.6530763651 5806000.060334206;PersonalVehicle
781673;07:49:40;633672.1088953787 5801895.047217489;628047.1686051454 5802840.298230709;PersonalVehicle
1075828;07:49:41;628685.7530276802 5801707.369988928;628541.4405375506 5802279.64624531;PersonalVehicle
1105435;07:49:41;631974.2252404895 5803097.429640528;632070.4763009343 5802887.245554362;PersonalVehicle
1105243;07:49:42;631971.5231304701 5802639.940005416;632357.7464165204 5800288.209577048;PersonalVehicle
1070024;07:49:42;629501.4460728659 5804305.4971183585;629586.9514418329 5803200.732158222;PersonalVehicle
823378;07:49:43;630377.2935286161 5799276.878224155;629305.649367362 5800865.619081033;PersonalVehicle
1000169;07:49:44;631913.9173730104 5808124.069404383;631261.8000242542 5806487.55854211;PersonalVehicle
796457;07:49:45;632357.7464165204 5800288.209577048;630705.1663910364 5801916.93382789;PersonalVehicle
1106641;07:49:45;633088.259798848 5803585.027075506;634266.520278123 5803737.794336154;PersonalVehicle
1087180;07:49:48;632357.7464165204 5800288.209577048;629745.866517465 5800703.756386675;PersonalVehicle
1044655;07:49:50;626615.0540471695 5804084.338143959;626559.8252134754 5804210.8971616905;PersonalVehicle
1370936;07:49:50;625506.3564786583 5800324.4571683705;629812.0561211605 5805925.329182938;PersonalVehicle
1077851;07:49:51;628863.1181413226 5801200.366308494;629001.9042172545 5802465.516702298;PersonalVehicle
1107967;07:49:53;632357.7464165204 5800288.209577048;631848.1632149003 5801343.974280945;PersonalVehicle
1100084;07:49:53;632712.3226301793 5800820.810925583;625506.3564786583 5800324.4571683705;PersonalVehicle
1067671;07:49:54;629087.1856493794 5803001.0512617575;626844.2094304032 5805492.441185158;PersonalVehicle
1069439;07:49:55;628969.6300710884 5803420.424038231;633672.1088953787 5801895.047217489;PersonalVehicle
1033383;07:49:56;627225.8974054594 5804426.007339643;631913.9173730104 5808124.069404383;PersonalVehicle
696772;07:49:57;634266.520278123 5803737.794336154;626416.8007450101 5803369.541565221;PersonalVehicle
1013395;07:49:57;630228.9708384478 5807862.556787348;633672.1088953787 5801895.047217489;PersonalVehicle
823090;07:49:58;630377.2935286161 5799276.878224155;626085.9510107064 5805539.729626208;PersonalVehicle
1133604;07:49:58;625506.3564786583 5800324.4571683705;628695.8023518379 5802093.437540891;PersonalVehicle
1043410;07:49:59;625724.9973540015 5805009.816028208;625506.3564786583 5800324.4571683705;PersonalVehicle
1042259;07:49:59;627493.8851706207 5805241.955614918;625801.4993129642 5804640.471975148;PersonalVehicle
1061004;07:49:59;627319.0730422146 5806369.075092373;625495.2665135056 5806727.877555828;PersonalVehicle
711245;07:50:00;634266.520278123 5803737.794336154;631202.0338773656 5800425.023190929;PersonalVehicle
1094552;07:50:02;630457.1813680817 5802026.927991441;625506.3564786583 5800324.4571683705;PersonalVehicle
1046189;07:50:03;625494.7332420798 5804210.173676297;626214.1966798845 5804163.402397539;PersonalVehicle
1000151;07:50:04;626402.3145868288 5803622.957677257;631913.9173730104 5808124.069404383;PersonalVehicle
1100402;07:50:05;632158.4474718015 5801929.875840364;629709.6836099715 5802380.927772075;PersonalVehicle
1037540;07:50:05;628671.0160451531 5802420.879784051;627560.1339764206 5803903.03321649;PersonalVehicle
1138437;07:50:06;625506.3564786583 5800324.4571683705;631920.5691192951 5800321.19293341;PersonalVehicle
1052374;07:50:06;625895.5935665444 5801738.127195537;628658.5918638448 5804099.374020669;PersonalVehicle
1067576;07:50:07;629310.7937140458 5803018.015586707;633672.1088953787 5801895.047217489;PersonalVehicle
1090407;07:50:09;630377.2935286161 5799276.878224155;625759.2116614723 5804763.729225267;PersonalVehicle
1041898;07:50:10;626228.4019369177 5805026.6184842;625495.2665135056 5806727.877555828;PersonalVehicle
1092545;07:50:11;630649.2637005451 5801877.328387317;632444.8854620119 5802540.66540923;PersonalVehicle
1047186;07:50:11;625871.5282427709 5803836.430866715;627343.0273444932 5805540.5505622765;PersonalVehicle
1042599;07:50:11;626223.8162465488 5805431.439547361;625773.0881469166 5804556.7798918355;PersonalVehicle
1107680;07:50:12;632429.4370431243 5802857.172094924;628325.928958745 5803600.495876217;PersonalVehicle
1072490;07:50:12;630685.7837203391 5804276.392622406;629560.1535483045 5804138.665666063;PersonalVehicle
1098610;07:50:13;630832.0600630743 5801781.184566956;629189.1125783721 5804365.42447053;PersonalVehicle
1022370;07:50:13;625506.3564786583 5800324.4571683705;628018.5904234936 5801361.221024292;PersonalVehicle
1062880;07:50:13;627730.2169642955 5806230.19862081;627475.2650962543 5801471.622963433;PersonalVehicle
997397;07:50:16;631913.9173730104 5808124.069404383;628563.7061762017 5806010.677510624;PersonalVehicle
1092597;07:50:16;630456.927166062 5801824.546251789;630363.7131673981 5802660.452752476;PersonalVehicle
1106691;07:50:16;632100.7381956 5803285.4123082515;631808.5827952318 5803083.668372664;PersonalVehicle
1136104;07:50:16;625506.3564786583 5800324.4571683705;627475.5562530165 5803408.621100846;PersonalVehicle
1004002;07:50:16;632151.9874147796 5806532.498789031;633626.7538258814 5805629.767570908;PersonalVehicle
1062955;07:50:17;628428.9286597027 5805803.174277633;628613.431461563 5805515.259390705;PersonalVehicle
1008612;07:50:18;630489.8021907796 5807642.433038068;631913.9173730104 5808124.069404383;PersonalVehicle
1011325;07:50:18;628683.1994065092 5807671.660522713;628378.9142873525 5809527.198025323;PersonalVehicle
1060222;07:50:20;627708.8540652463 5806076.965340294;627923.2701476386 5806220.535346504;PersonalVehicle
1107157;07:50:20;632409.6698518031 5803387.142099306;628426.6812029303 5803817.234020961;PersonalVehicle
1074861;07:50:21;628887.027140957 5802124.471707374;628647.2824864414 5802212.530991549;PersonalVehicle
1004957;07:50:21;632966.497715329 5806383.323794512;634266.520278123 5803737.794336154;PersonalVehicle
942856;07:50:24;625495.2665135056 5806727.877555828;632128.0192638475 5807797.94422483;PersonalVehicle
993671;07:50:24;631913.9173730104 5808124.069404383;628481.4005605031 5803798.520950636;PersonalVehicle
1004807;07:50:24;633220.1497490003 5806689.653633096;632043.4287897295 5806560.896711446;PersonalVehicle
1027460;07:50:25;625506.3564786583 5800324.4571683705;629767.0018768371 5803135.2289766;PersonalVehicle
1072501;07:50:27;630963.7861908773 5804326.763563009;625495.2665135056 5806727.877555828;PersonalVehicle
1051434;07:50:27;626429.7916821823 5802803.084009143;630377.2935286161 5799276.878224155;PersonalVehicle
1071413;07:50:29;629714.2447107222 5803230.229171313;630030.0982738672 5803091.1017303895;PersonalVehicle
1082218;07:50:30;626853.9397599476 5801149.439325211;626437.4781307586 5804164.127979701;PersonalVehicle
1094645;07:50:30;630606.8495526902 5802030.532290533;630459.7632726529 5801963.835827253;PersonalVehicle
1284917;07:50:30;625506.3564786583 5800324.4571683705;630583.2636324223 5802315.8224850185;PersonalVehicle
1136926;07:50:31;629155.243514976 5803985.682735336;625506.3564786583 5800324.4571683705;PersonalVehicle
1011224;07:50:32;628255.3012627277 5808253.953411701;629242.964816276 5808378.484055926;PersonalVehicle
1067811;07:50:32;628230.0794870944 5802995.11815063;629419.2002074008 5802967.879098243;PersonalVehicle
1000225;07:50:34;631913.9173730104 5808124.069404383;630056.1387597562 5803232.707443466;PersonalVehicle
1058641;07:50:35;629280.4760366933 5803770.683239062;629426.9095127335 5804230.573636818;PersonalVehicle
1000215;07:50:36;627498.1724596496 5810012.366902584;631245.3086529376 5806538.822634457;PersonalVehicle
1064087;07:50:38;627958.6742426736 5804892.122404978;630044.6569080304 5802439.173804507;PersonalVehicle
1051839;07:50:40;625511.1498293352 5802935.344091583;625506.3564786583 5800324.4571683705;PersonalVehicle
1079947;07:50:43;629735.1490785248 5802215.545307833;629735.1490785248 5802215.545307833;PersonalVehicle
752053;07:50:47;632357.7464165204 5800288.209577048;628862.191343769 5803840.09954743;PersonalVehicle
983761;07:50:48;631913.9173730104 5808124.069404383;632345.9813338562 5800877.367554556;PersonalVehicle
1029723;07:50:49;625506.3564786583 5800324.4571683705;626831.1064016528 5801262.144415867;PersonalVehicle
1013695;07:50:52;629756.4205217757 5807469.135920865;630396.1169169459 5807361.732919165;PersonalVehicle
1015324;07:50:53;627637.7268591886 5809049.64437673;628528.5083539557 5809218.87971644;PersonalVehicle
1057347;07:50:54;629429.3289462652 5803820.549011555;628020.0907310795 5802828.474202115;PersonalVehicle
1143877;07:50:54;625506.3564786583 5800324.4571683705;626307.5452704428 5801573.2174318;PersonalVehicle
1075222;07:50:54;628799.331603419 5802345.7540863175;625506.3564786583 5800324.4571683705;PersonalVehicle
1073829;07:50:56;628218.6858897746 5802011.829449591;632357.7464165204 5800288.209577048;PersonalVehicle
1055219;07:50:57;625506.3564786583 5800324.4571683705;626168.1228767675 5803056.405234391;PersonalVehicle
1103217;07:50:57;632490.8510356998 5804230.4820082;629269.4826279967 5803885.053873346;PersonalVehicle
1069862;07:50:57;630964.571248852 5803969.714480802;631669.4888999434 5803135.362482238;PersonalVehicle
1023389;07:50:57;625506.3564786583 5800324.4571683705;626125.2726731914 5802841.116586706;PersonalVehicle
929158;07:50:58;625495.2665135056 5806727.877555828;630098.1388591003 5803753.181626341;PersonalVehicle
1074791;07:51:00;630933.4817675703 5801209.708938561;628939.9432972077 5801673.846664116;PersonalVehicle
1096107;07:51:00;630486.5654911106 5802505.408604786;630951.4651793733 5802605.5245010685;PersonalVehicle
1047567;07:51:00;626527.9247084775 5803699.847475647;626588.169905443 5803333.4214489795;PersonalVehicle
1081664;07:51:02;626874.1325393787 5801939.5407153815;625506.3564786583 5800324.4571683705;PersonalVehicle
1093415;07:51:03;630428.8916436571 5802347.1119197775;626094.2328807388 5803808.782119317;PersonalVehicle
1103142;07:51:03;632341.5185920089 5803726.821188146;632531.3511465249 5804406.381503503;PersonalVehicle
1075086;07:51:04;628577.6958982525 5801749.324306686;628506.5387188988 5802881.005014779;PersonalVehicle
1048839;07:51:07;626337.1463149735 5803523.517734215;630377.2935286161 5799276.878224155;PersonalVehicle
1103144;07:51:11;630970.9392056637 5805003.756313804;632022.5817596558 5804719.438729695;PersonalVehicle
1042083;07:51:11;625690.5273428551 5804966.613297129;625690.5273428551 5804966.613297129;PersonalVehicle
1092766;07:51:13;630137.0670096594 5802170.506599507;631778.0736681275 5803104.594586067;PersonalVehicle
1081932;07:51:13;626556.3974257256 5801821.887207576;625506.3564786583 5800324.4571683705;PersonalVehicle
1071669;07:51:14;631474.1108461989 5804128.658643081;631474.1108461989 5804128.658643081;PersonalVehicle
957427;07:51:14;625506.3564786583 5800324.4571683705;631181.277264131 5800474.104761463;PersonalVehicle
1025734;07:51:16;625495.2665135056 5806727.877555828;629425.6508119506 5804942.308394522;PersonalVehicle
1086997;07:51:18;630096.4956741618 5800696.7340696575;625495.2665135056 5806727.877555828;PersonalVehicle
940265;07:51:20;625506.3564786583 5800324.4571683705;629307.1106060994 5802420.864802248;PersonalVehicle
1067118;07:51:20;629764.5438453085 5801662.499329013;627810.0683922371 5804206.952242888;PersonalVehicle
966091;07:51:23;627498.1724596496 5810012.366902584;627569.8089437021 5804714.171005725;PersonalVehicle
1031962;07:51:23;627550.3039820569 5805217.06268831;626430.9649139266 5803594.942953213;PersonalVehicle
1079585;07:51:23;629601.3636444907 5802064.786002988;625506.3564786583 5800324.4571683705;PersonalVehicle
1058641;07:51:23;629426.9095127335 5804230.573636818;629280.4760366933 5803770.683239062;PersonalVehicle
1069320;07:51:24;628866.7946612461 5803862.910398717;628702.8370646551 5803076.4221461695;PersonalVehicle
1058086;07:51:25;629514.3164482266 5804276.434058357;630578.9857616238 5802202.306825096;PersonalVehicle
1159922;07:51:25;632357.7464165204 5800288.209577048;627750.8492589591 5802386.237164215;PersonalVehicle
1006874;07:51:25;632102.9355919214 5807351.289867343;632357.7464165204 5800288.209577048;PersonalVehicle
1047118;07:51:26;627038.6169547328 5804079.647362157;626712.1102970592 5804572.59926034;PersonalVehicle
1103073;07:51:29;633010.2621733507 5804006.078242845;629533.5796805142 5804549.425749822;PersonalVehicle
1032068;07:51:30;627709.5115158453 5805547.1733595375;625837.7073927176 5804569.542679423;PersonalVehicle
1049972;07:51:31;630377.2935286161 5799276.878224155;628682.7040691623 5802870.739830518;PersonalVehicle
1035039;07:51:31;627716.5417522341 5805130.605898497;627733.7892938432 5803269.919745821;PersonalVehicle
700220;07:51:32;634266.520278123 5803737.794336154;625490.9329043197 5803441.118153853;PersonalVehicle
1146545;07:51:34;625506.3564786583 5800324.4571683705;627858.2132264839 5805361.333105328;PersonalVehicle
993559;07:51:34;631913.9173730104 5808124.069404383;627722.2208554315 5802524.0447838595;PersonalVehicle
913159;07:51:35;625495.2665135056 5806727.877555828;625649.3043674892 5804917.280490032;PersonalVehicle
963592;07:51:36;627498.1724596496 5810012.366902584;631481.4436367468 5806458.291677784;PersonalVehicle
1122099;07:51:38;632357.7464165204 5800288.209577048;630018.934005444 5802505.088674756;PersonalVehicle
1062327;07:51:38;627474.6017525601 5806314.309045695;625495.2665135056 5806727.877555828;PersonalVehicle
1096426;07:51:38;630867.4032662745 5802318.695001216;630735.8231234638 5801969.692776554;PersonalVehicle
954741;07:51:39;626239.0392391584 5801607.030345975;625506.3564786583 5800324.4571683705;PersonalVehicle
1137843;07:51:40;625506.3564786583 5800324.4571683705;628647.2824864414 5802212.530991549;PersonalVehicle
1003701;07:51:40;632241.1798884651 5806450.606775579;632241.1798884651 5806450.606775579;PersonalVehicle
1063662;07:51:40;628427.927537875 5804486.087952771;628002.3802038353 5803542.861548773;PersonalVehicle
1061620;07:51:40;628450.5055437944 5805516.712553599;630017.2092373436 5803137.330434492;PersonalVehicle
1006014;07:51:43;633374.1981423703 5806797.357174443;629770.4756186071 5806133.4911989495;PersonalVehicle
1084325;07:51:43;627628.5101958202 5801188.361065254;627108.8128124006 5800937.680679573;PersonalVehicle
1060941;07:51:44;628622.9048269697 5805131.256306485;634266.520278123 5803737.794336154;PersonalVehicle
1060733;07:51:45;627309.6271581276 5803302.90987767;627732.5194486092 5805920.638678902;PersonalVehicle
777945;07:51:46;628824.2441633316 5803927.559656484;632357.7464165204 5800288.209577048;PersonalVehicle
1083037;07:51:46;627151.2379719007 5800719.633569612;626820.0649268309 5802177.427123973;PersonalVehicle
729623;07:51:47;633672.1088953787 5801895.047217489;629497.3437364682 5800840.318377698;PersonalVehicle
1159996;07:51:48;629303.7129216194 5801434.77550552;632357.7464165204 5800288.209577048;PersonalVehicle
1155248;07:51:48;627473.7741297148 5803847.875532669;625506.3564786583 5800324.4571683705;PersonalVehicle
1068920;07:51:48;628516.0324350919 5803489.2816736465;631913.9173730104 5808124.069404383;PersonalVehicle
1022945;07:51:49;625506.3564786583 5800324.4571683705;626269.8030621754 5802670.517340428;PersonalVehicle
1282752;07:51:49;625506.3564786583 5800324.4571683705;628425.5327827501 5805433.148794215;PersonalVehicle
1091719;07:51:50;630377.2935286161 5799276.878224155;627923.8657316869 5802210.790661458;PersonalVehicle
960422;07:51:51;625495.2665135056 5806727.877555828;628580.5537780093 5802426.35522892;PersonalVehicle
1047421;07:51:53;625495.2665135056 5806727.877555828;625587.2668338547 5803602.917450926;PersonalVehicle
1082429;07:51:54;627223.9012092846 5801478.063550796;626922.5242003762 5801074.7553227795;PersonalVehicle
1079750;07:51:55;629575.3578307859 5802389.333814894;629459.471908006 5802359.279801262;PersonalVehicle
1002740;07:51:57;632325.6467658092 5806423.9320817115;633419.8116980719 5805677.379954516;PersonalVehicle
969696;07:51:58;627498.1724596496 5810012.366902584;629783.6688013817 5802890.92609653;PersonalVehicle
1084772;07:51:58;628593.8480326707 5801041.555107063;628593.8480326707 5801041.555107063;PersonalVehicle
1035431;07:51:58;627593.9925298981 5804308.737622731;627895.5984519852 5804344.736554029;PersonalVehicle
849469;07:51:59;631913.9173730104 5808124.069404383;627671.2018954325 5800671.070595695;PersonalVehicle
1070458;07:52:00;630939.7000738735 5803942.7454316765;634266.520278123 5803737.794336154;PersonalVehicle
1060055;07:52:01;628615.1059485044 5803881.795338176;628840.4932846884 5804348.440713919;PersonalVehicle
1035349;07:52:02;629475.9829947534 5802453.02874645;629475.9829947534 5802453.02874645;PersonalVehicle
1057874;07:52:02;629445.4766480223 5803774.139311567;631913.9173730104 5808124.069404383;PersonalVehicle
1040508;07:52:04;627708.9355507778 5803027.6600567885;626652.4669892266 5802517.6269182395;PersonalVehicle
1082322;07:52:05;627049.4847354757 5801084.363389619;625506.3564786583 5800324.4571683705;PersonalVehicle
1060634;07:52:06;627816.7897968286 5803435.594420379;628622.0928552421 5805607.030113659;PersonalVehicle
1102930;07:52:06;632022.5817596558 5804719.438729695;632445.1319408116 5803737.397533001;PersonalVehicle
809481;07:52:06;632357.7464165204 5800288.209577048;631243.4616032277 5800355.280991253;PersonalVehicle
1096107;07:52:07;630951.4651793733 5802605.5245010685;630486.5654911106 5802505.408604786;PersonalVehicle
1097123;07:52:09;631312.116974853 5803042.852501033;631312.116974853 5803042.852501033;PersonalVehicle
1040326;07:52:09;626652.2976961911 5803295.17517147;626624.8649734134 5802857.887085013;PersonalVehicle
1045975;07:52:09;626939.6859315127 5803974.739871417;634266.520278123 5803737.794336154;PersonalVehicle
1042978;07:52:10;626549.27522305 5805294.759285396;631389.7684153874 5803865.7725998415;PersonalVehicle
1003184;07:52:10;630144.4394693282 5805537.43631322;629700.6888078155 5804334.41555302;PersonalVehicle
1049797;07:52:10;626077.623514652 5803385.327919746;630377.2935286161 5799276.878224155;PersonalVehicle
1003731;07:52:11;631913.9173730104 5808124.069404383;632509.9681486042 5806058.681335546;PersonalVehicle
1069103;07:52:13;628656.2029015059 5802889.091641808;628631.8848382544 5803287.951483436;PersonalVehicle
1105546;07:52:13;629672.4173218319 5804280.807102678;632010.218007009 5803437.966125611;PersonalVehicle
1098338;07:52:13;631875.4626494102 5801281.233619616;630222.453962797 5802495.369922871;PersonalVehicle
1120390;07:52:14;630059.4958868637 5800775.415038522;633672.1088953787 5801895.047217489;PersonalVehicle
1066109;07:52:14;627734.8868847778 5804221.391956932;629364.0064475234 5804267.046187205;PersonalVehicle
1043743;07:52:14;626114.6109007767 5805257.391664135;634266.520278123 5803737.794336154;PersonalVehicle
1073520;07:52:17;628123.1389558476 5802069.858452415;625506.3564786583 5800324.4571683705;PersonalVehicle
927605;07:52:18;625495.2665135056 5806727.877555828;629127.0380202255 5802683.991091265;PersonalVehicle
1047940;07:52:19;625497.6214312972 5803299.05760023;627996.2562530556 5804821.414734283;PersonalVehicle
1063374;07:52:20;628743.2012131077 5804693.371649755;627412.0861570636 5805064.308402699;PersonalVehicle
1013030;07:52:21;629891.5501061575 5807764.308142089;629910.8473534335 5806296.055899518;PersonalVehicle
1039760;07:52:21;626913.6987189839 5803004.866616201;632008.803858937 5801878.112464392;PersonalVehicle
1088208;07:52:26;629129.0868382985 5800416.646008431;629742.9458259732 5802196.226552022;PersonalVehicle
1285197;07:52:28;625506.3564786583 5800324.4571683705;627445.6004568686 5801937.492375152;PersonalVehicle
1006538;07:52:29;633672.1088953787 5801895.047217489;632128.0192638475 5807797.94422483;PersonalVehicle
1125913;07:52:30;625506.3564786583 5800324.4571683705;631274.625848151 5804941.085604626;PersonalVehicle
1077600;07:52:32;629463.947729085 5802133.216745141;630258.267798558 5802612.044942024;PersonalVehicle
1085388;07:52:33;630121.7325903381 5801450.425595497;625506.3564786583 5800324.4571683705;PersonalVehicle
1045754;07:52:33;630438.6871853118 5801066.283121372;625622.6522493558 5804626.876193858;PersonalVehicle
1009415;07:52:35;629803.3345724667 5804246.119232288;630109.4176500682 5806249.1132506;PersonalVehicle
1043735;07:52:36;626733.3363778892 5804817.429214564;626491.128626312 5804943.348676196;PersonalVehicle
1107638;07:52:37;628868.6426119012 5809587.179568711;632563.4534337461 5803570.072996215;PersonalVehicle
1048165;07:52:38;626713.2016076529 5803917.725034346;633672.1088953787 5801895.047217489;PersonalVehicle
659153;07:52:41;632357.7464165204 5800288.209577048;628867.5985104773 5802967.289827301;PersonalVehicle
1108483;07:52:41;632357.7464165204 5800288.209577048;628905.7003176126 5801895.500278072;PersonalVehicle
1100217;07:52:42;632916.5957339199 5801103.478103444;632357.7464165204 5800288.209577048;PersonalVehicle
1050363;07:52:42;625984.6424466771 5802662.814653219;628099.3807113939 5804660.685993101;PersonalVehicle
1010542;07:52:43;630415.3639956182 5806694.817286619;626407.3896666619 5803319.170299639;PersonalVehicle
1078321;07:52:43;629162.5804663472 5801986.650679331;625506.3564786583 5800324.4571683705;PersonalVehicle
1135021;07:52:43;625506.3564786583 5800324.4571683705;627436.1074658516 5801154.336719536;PersonalVehicle
1092544;07:52:44;630741.5955210398 5802016.845290852;631001.461943125 5803268.668351475;PersonalVehicle
954272;07:52:45;625506.3564786583 5800324.4571683705;629335.6490963985 5804438.689387583;PersonalVehicle
1006674;07:52:47;631801.6062525926 5807113.491995005;631913.9173730104 5808124.069404383;PersonalVehicle
1013315;07:52:47;630696.1823593138 5807223.231866254;631913.9173730104 5808124.069404383;PersonalVehicle
1626664;07:52:48;625506.3564786583 5800324.4571683705;628337.871359633 5803322.010228039;PersonalVehicle
1032581;07:52:48;627404.9976136964 5805488.38409597;625495.2665135056 5806727.877555828;PersonalVehicle
1039494;07:52:48;626814.6819825592 5802679.951824777;631913.9173730104 5808124.069404383;PersonalVehicle
769722;07:52:48;632357.7464165204 5800288.209577048;629688.886971719 5803799.866139233;PersonalVehicle
1007783;07:52:50;628489.3936139954 5808798.182637141;628837.9673277484 5804642.181028579;PersonalVehicle
1071948;07:52:50;630123.0827329983 5803676.305385574;627671.4501543092 5806218.626162065;PersonalVehicle
1037525;07:52:50;627327.2298402694 5803480.487743548;625506.3564786583 5800324.4571683705;PersonalVehicle
1093805;07:52:51;630741.5955210398 5802016.845290852;631170.6285543541 5802417.651544149;PersonalVehicle
1405459;07:52:53;625506.3564786583 5800324.4571683705;630350.8847715314 5801700.456163554;PersonalVehicle
1005540;07:52:55;633220.2682705165 5806139.602839851;632330.0296719675 5806801.2167316135;PersonalVehicle
1104672;07:52:56;631866.3806460289 5803014.769623602;628987.6446671826 5801250.797390795;PersonalVehicle
1073677;07:52:57;627703.9805191173 5801914.746893978;628516.1551258075 5801767.17274554;PersonalVehicle
1042827;07:52:57;626170.6695524096 5805249.352652526;628003.206393725 5801903.318645796;PersonalVehicle
1005414;07:52:58;633336.3279165563 5806783.721143103;632495.0184022086 5806641.666615726;PersonalVehicle
1086680;07:53:00;630377.2935286161 5799276.878224155;629015.434220722 5801356.09220015;PersonalVehicle
1466466;07:53:02;629292.060901068 5803240.772582942;625506.3564786583 5800324.4571683705;PersonalVehicle
393034;07:53:03;634266.520278123 5803737.794336154;629371.752244396 5803061.427542081;PersonalVehicle
1009409;07:53:03;629827.4703414774 5806223.6327100415;631232.9326533055 5803857.709861052;PersonalVehicle
426235;07:53:03;634266.520278123 5803737.794336154;625964.4030030287 5805428.507390376;PersonalVehicle
999523;07:53:05;631913.9173730104 5808124.069404383;630726.4379110227 5802242.389332987;PersonalVehicle
1076107;07:53:06;628720.5934792301 5801530.167496028;625495.2665135056 5806727.877555828;PersonalVehicle
958047;07:53:06;629507.2565226565 5800565.021417223;625506.3564786583 5800324.4571683705;PersonalVehicle
961070;07:53:06;627498.1724596496 5810012.366902584;628772.1654038249 5803112.119327519;PersonalVehicle
899284;07:53:09;625495.2665135056 5806727.877555828;626062.4278579333 5807010.066723977;PersonalVehicle
1074300;07:53:10;630377.2935286161 5799276.878224155;627575.5604214009 5802135.253963234;PersonalVehicle
1118575;07:53:10;632357.7464165204 5800288.209577048;626009.990595067 5803482.35775311;PersonalVehicle
1062458;07:53:11;626541.1182299987 5803286.60675661;626541.1182299987 5803286.60675661;PersonalVehicle
1023761;07:53:12;625506.3564786583 5800324.4571683705;627582.8357431872 5803990.318929639;PersonalVehicle
1047033;07:53:13;626976.4299009838 5803996.611110453;631913.9173730104 5808124.069404383;PersonalVehicle
1111387;07:53:13;633672.1088953787 5801895.047217489;630982.3969120757 5802597.144638936;PersonalVehicle
1033076;07:53:15;627468.0677386068 5804977.836948835;632357.7464165204 5800288.209577048;PersonalVehicle
1050438;07:53:15;625506.3564786583 5800324.4571683705;628085.9469951476 5804331.566690803;PersonalVehicle
1042830;07:53:16;627498.1724596496 5810012.366902584;626315.1616255143 5804831.496854295;PersonalVehicle
1047090;07:53:18;625535.3408876569 5804096.26594074;634266.520278123 5803737.794336154;PersonalVehicle
1106311;07:53:18;632099.4571270132 5803227.707356313;632099.4571270132 5803227.707356313;PersonalVehicle
998900;07:53:18;634266.520278123 5803737.794336154;629846.8319238764 5806337.187035194;PersonalVehicle
1058759;07:53:19;628854.8815574991 5804705.212262821;628958.0369394972 5804410.629876678;PersonalVehicle
1124741;07:53:22;630377.2935286161 5799276.878224155;629251.1912996203 5800584.135834792;PersonalVehicle
1043341;07:53:22;625773.0881469166 5804556.7798918355;630405.8609074 5803284.112687559;PersonalVehicle
1002440;07:53:23;633499.0153018092 5805463.453319191;633499.0153018092 5805463.453319191;PersonalVehicle
1073415;07:53:23;627683.3354426558 5801949.050231588;628794.209078539 5801280.451964307;PersonalVehicle
1119644;07:53:25;633672.1088953787 5801895.047217489;628826.5817402255 5804040.010229542;PersonalVehicle
1079162;07:53:25;629686.6451769818 5802077.463310255;627523.5660572898 5802328.3449088335;PersonalVehicle
1065800;07:53:25;627935.2792588074 5804047.430165985;628980.476393917 5803710.860400502;PersonalVehicle
1118360;07:53:26;626590.2804886014 5801450.906856333;633672.1088953787 5801895.047217489;PersonalVehicle
1066157;07:53:26;628401.7751019372 5803892.763305957;629105.2879600443 5804221.781681888;PersonalVehicle
1013788;07:53:27;630837.0425920347 5808325.6167117795;634266.520278123 5803737.794336154;PersonalVehicle
1051113;07:53:29;625913.13013942 5802069.808141802;627613.0243939398 5801360.277228316;PersonalVehicle
1097604;07:53:29;631181.3336475674 5802904.6214287095;631063.4170140221 5803150.956169636;PersonalVehicle
1082855;07:53:31;626857.8087765888 5801412.741019595;625495.2665135056 5806727.877555828;PersonalVehicle
1042949;07:53:33;625745.6574395252 5804801.696828382;626231.5148050727 5805264.187785129;PersonalVehicle
1043735;07:53:34;626491.128626312 5804943.348676196;625495.2665135056 5806727.877555828;PersonalVehicle
1039537;07:53:35;626195.9876721178 5803808.266588496;627700.5249765686 5803351.142698324;PersonalVehicle
1093250;07:53:35;630781.1114519517 5802063.627175787;625558.7343429539 5803213.871309321;PersonalVehicle
1033675;07:53:35;627312.2282003758 5805123.804443871;625506.3564786583 5800324.4571683705;PersonalVehicle
1515046;07:53:35;625506.3564786583 5800324.4571683705;628691.8530342364 5801818.679971381;PersonalVehicle
1081584;07:53:36;627498.1724596496 5810012.366902584;626479.0775218315 5802010.724049211;PersonalVehicle
1471425;07:53:37;625506.3564786583 5800324.4571683705;628541.4405375506 5802279.64624531;PersonalVehicle
1066751;07:53:39;628388.028898383 5804961.351952679;627846.8069688345 5804116.556093054;PersonalVehicle
1073217;07:53:41;627465.0916217506 5800508.961595704;627917.1141120766 5802645.704668063;PersonalVehicle
939112;07:53:41;625495.2665135056 5806727.877555828;629053.0493205737 5804565.580403932;PersonalVehicle
1043458;07:53:41;628939.9432972077 5801673.846664116;626686.4956067533 5804719.144368581;PersonalVehicle
1077147;07:53:43;632357.7464165204 5800288.209577048;629132.6504067774 5802332.142992359;PersonalVehicle
1067672;07:53:44;627440.2837268702 5805282.610263695;628669.1583508635 5802854.978769016;PersonalVehicle
930487;07:53:47;625495.2665135056 5806727.877555828;630017.9038998829 5803219.621599893;PersonalVehicle
1035144;07:53:49;627577.1085664517 5805099.241032946;627577.1085664517 5805099.241032946;PersonalVehicle
1035319;07:53:50;625885.9255881978 5804094.619537564;627747.2555608443 5805143.090222279;PersonalVehicle
1077851;07:53:50;629001.9042172545 5802465.516702298;628863.1181413226 5801200.366308494;PersonalVehicle
1069852;07:53:51;631042.1657669178 5804020.828707011;632357.7464165204 5800288.209577048;PersonalVehicle
399040;07:53:51;634266.520278123 5803737.794336154;631171.8745092975 5800903.419022643;PersonalVehicle
1076229;07:53:53;628819.1060758957 5802292.229696386;627280.7113590842 5803862.996105647;PersonalVehicle
975272;07:53:54;631525.7718670024 5806447.036941627;625495.2665135056 5806727.877555828;PersonalVehicle
820673;07:53:54;630377.2935286161 5799276.878224155;632094.3181150261 5801570.387388824;PersonalVehicle
1097789;07:53:55;631353.8624000084 5803147.48932915;630905.9661570606 5799906.940828113;PersonalVehicle
1006907;07:53:55;631492.9360647476 5806976.507626186;631188.9451158273 5803802.184685662;PersonalVehicle
1053380;07:53:57;625506.3564786583 5800324.4571683705;626614.7199872634 5803315.2441132;PersonalVehicle
1029723;07:53:58;626831.1064016528 5801262.144415867;625506.3564786583 5800324.4571683705;PersonalVehicle
257418;07:53:58;634266.520278123 5803737.794336154;630352.1580109056 5802112.167836826;PersonalVehicle
1023048;07:54:00;625506.3564786583 5800324.4571683705;625802.3342957008 5801348.651552086;PersonalVehicle
1099585;07:54:00;631601.2546793683 5801369.672407201;632325.0184237129 5802206.4975023335;PersonalVehicle
1008614;07:54:04;631255.076026767 5807019.016322381;633672.1088953787 5801895.047217489;PersonalVehicle
1090150;07:54:05;625506.3564786583 5800324.4571683705;629034.1111435947 5804768.167264052;PersonalVehicle
1059391;07:54:07;629017.7543863724 5804571.295400383;625799.0242331603 5803927.293728078;PersonalVehicle
1141976;07:54:08;625506.3564786583 5800324.4571683705;628218.6858897746 5802011.829449591;PersonalVehicle
1091367;07:54:09;627329.9938864725 5804623.047959609;630377.2935286161 5799276.878224155;PersonalVehicle
1078806;07:54:09;629580.3839002594 5801805.794928909;629191.7302182815 5801631.579592509;PersonalVehicle
1110058;07:54:09;629192.1274168818 5801163.003021697;632357.7464165204 5800288.209577048;PersonalVehicle
903553;07:54:12;627498.1724596496 5810012.366902584;629548.8736257481 5802778.319063904;PersonalVehicle
1014565;07:54:15;628491.8541356542 5809135.342784365;628447.6690963518 5809710.220035767;PersonalVehicle
1073452;07:54:16;627027.9224702792 5803673.857837673;628063.802040831 5802025.855107214;PersonalVehicle
976355;07:54:16;625495.2665135056 5806727.877555828;627449.3467200316 5802293.717523577;PersonalVehicle
1096961;07:54:16;631050.5930640589 5803110.5058424845;625506.3564786583 5800324.4571683705;PersonalVehicle
1072438;07:54:16;629538.4583293719 5804042.883132188;631331.4729183743 5803964.255145171;PersonalVehicle
993735;07:54:17;631913.9173730104 5808124.069404383;629497.5523463183 5804108.792209164;PersonalVehicle
860703;07:54:18;631913.9173730104 5808124.069404383;627897.6895967206 5800901.789316804;PersonalVehicle
1036950;07:54:19;627044.3955660884 5803697.8467046255;633672.1088953787 5801895.047217489;PersonalVehicle
984613;07:54:20;631913.9173730104 5808124.069404383;628566.2572130961 5803739.961776008;PersonalVehicle
1082103;07:54:20;625506.3564786583 5800324.4571683705;628018.5771847033 5804874.945667994;PersonalVehicle
842431;07:54:20;627498.1724596496 5810012.366902584;625892.7950681272 5806695.004695333;PersonalVehicle
1059392;07:54:20;629325.8957124136 5804378.001004245;625506.3564786583 5800324.4571683705;PersonalVehicle
1053453;07:54:21;625506.3564786583 5800324.4571683705;626833.4238977124 5803660.102586052;PersonalVehicle
1051698;07:54:22;625825.2530366157 5801766.383798763;626073.3888216655 5802077.339112126;PersonalVehicle
1089056;07:54:23;629186.5248012703 5800836.511718798;630393.930351627 5802887.214142243;PersonalVehicle
1112425;07:54:24;629695.1146332661 5801951.325946607;633672.1088953787 5801895.047217489;PersonalVehicle
1054034;07:54:24;625495.2665135056 5806727.877555828;629899.8279576367 5802880.314126946;PersonalVehicle
1173829;07:54:26;634266.520278123 5803737.794336154;630691.0992298113 5804030.444732559;PersonalVehicle
1009362;07:54:27;629873.8223779546 5806137.791583844;632112.0697829566 5807071.124364932;PersonalVehicle
820338;07:54:30;625506.3564786583 5800324.4571683705;628712.3150224094 5802944.0126177585;PersonalVehicle
1007379;07:54:32;632299.1190314569 5807407.92331405;632299.1190314569 5807407.92331405;PersonalVehicle
1493022;07:54:33;625506.3564786583 5800324.4571683705;629046.6065231542 5803534.797933127;PersonalVehicle
1009136;07:54:34;629986.6251800652 5805836.815534722;630018.8789485347 5807096.407360881;PersonalVehicle
1062384;07:54:34;628479.8049394018 5805994.402256873;625506.3564786583 5800324.4571683705;PersonalVehicle
1046107;07:54:34;625506.3564786583 5800324.4571683705;626309.3003721886 5803972.161960754;PersonalVehicle
1041833;07:54:35;626234.569648481 5804689.278810575;626196.5848034868 5805365.307746415;PersonalVehicle
1129457;07:54:39;625506.3564786583 5800324.4571683705;630042.6083942932 5801709.118228247;PersonalVehicle
1107683;07:54:39;632349.578777608 5803015.190884965;627792.2716790424 5806128.905149294;PersonalVehicle
1122820;07:54:40;632357.7464165204 5800288.209577048;630901.7163068431 5801335.439172928;PersonalVehicle
1073927;07:54:40;627683.8826941208 5802437.292755291;625506.3564786583 5800324.4571683705;PersonalVehicle
1131234;07:54:42;630377.2935286161 5799276.878224155;629974.9603324896 5802262.989720727;PersonalVehicle
1054000;07:54:42;625495.2665135056 5806727.877555828;628005.311433452 5802756.517956402;PersonalVehicle
1102942;07:54:42;631043.6619461641 5804955.710369157;629076.4424864947 5803508.858578841;PersonalVehicle
402299;07:54:42;634266.520278123 5803737.794336154;626123.3606682527 5803213.251262199;PersonalVehicle
1019290;07:54:42;625506.3564786583 5800324.4571683705;625913.9554163144 5803647.879639746;PersonalVehicle
1041658;07:54:42;626144.4409501402 5804753.463901436;626427.7886968746 5805028.628099099;PersonalVehicle
1012578;07:54:43;631599.4892464972 5806344.820520793;632070.9351133193 5807076.792222152;PersonalVehicle
1081984;07:54:43;625506.3564786583 5800324.4571683705;626583.1559239258 5801682.018742665;PersonalVehicle
1051707;07:54:46;625944.9148047267 5802060.271160095;627498.1724596496 5810012.366902584;PersonalVehicle
1095634;07:54:46;631161.1499517029 5802323.417874668;630960.2721654209 5802653.523141008;PersonalVehicle
1042038;07:54:47;626429.7570512712 5804982.811221024;632531.7585073782 5800503.391124274;PersonalVehicle
1115125;07:54:47;633672.1088953787 5801895.047217489;626128.9045224056 5803553.690359471;PersonalVehicle
1097839;07:54:49;631094.5788021153 5803090.512270706;633672.1088953787 5801895.047217489;PersonalVehicle
1002709;07:54:50;630711.5559309394 5805915.812822316;630786.0495579526 5804312.9883349305;PersonalVehicle
1082876;07:54:51;626984.8722920844 5801215.103682428;629029.1432737869 5804474.299665507;PersonalVehicle
1121322;07:54:52;628061.6902575712 5803328.143452832;633672.1088953787 5801895.047217489;PersonalVehicle
1014121;07:54:52;629780.6475730214 5808644.961223095;629552.333659497 5809356.159229995;PersonalVehicle
1104720;07:54:53;632262.5909640958 5803189.151696223;631703.8138119769 5803073.860036382;PersonalVehicle
1105620;07:54:53;631908.1122103106 5803407.984927561;630853.6262427942 5802095.935156205;PersonalVehicle
910572;07:54:54;630812.046302099 5804280.869035161;625495.2665135056 5806727.877555828;PersonalVehicle
1083369;07:54:55;626909.2238044973 5801577.978220509;627697.551880574 5803531.218484876;PersonalVehicle
1068613;07:54:55;629470.3088497927 5803095.427834013;627776.7110424758 5806750.523964359;PersonalVehicle
1077312;07:54:57;629350.9142296442 5801618.803922164;629130.2376021687 5801469.676763725;PersonalVehicle
1064274;07:54:57;627847.6179621206 5804583.322045527;632620.7815482476 5800996.866966071;PersonalVehicle
1003689;07:54:57;632241.1798884651 5806450.606775579;632308.0829677337 5806201.354935462;PersonalVehicle
1100408;07:55:00;631505.6887311479 5802176.973459218;632563.4534337461 5803570.072996215;PersonalVehicle
907259;07:55:00;625495.2665135056 5806727.877555828;630032.4183244032 5800110.634848342;PersonalVehicle
1065994;07:55:01;627792.6896767096 5804037.856666815;625506.3564786583 5800324.4571683705;PersonalVehicle
1017102;07:55:03;625495.2665135056 5806727.877555828;631191.3435050077 5803826.142914652;PersonalVehicle
1004675;07:55:03;632647.0712849926 5807033.912108496;633582.2572632616 5806297.473193736;PersonalVehicle
1050755;07:55:05;625495.2665135056 5806727.877555828;625831.062748328 5802085.068044263;PersonalVehicle
1166623;07:55:07;634266.520278123 5803737.794336154;629700.6888078155 5804334.41555302;PersonalVehicle
1086642;07:55:07;629024.965961271 5801219.484297538;632357.7464165204 5800288.209577048;PersonalVehicle
1036063;07:55:07;628267.1206453859 5802068.63538029;628267.1206453859 5802068.63538029;PersonalVehicle
1080120;07:55:07;630377.2935286161 5799276.878224155;629949.580697907 5801851.147224949;PersonalVehicle
1090475;07:55:08;630377.2935286161 5799276.878224155;629065.8515359397 5804294.935122878;PersonalVehicle
1005954;07:55:08;630302.1754231736 5808032.409526143;625495.2665135056 5806727.877555828;PersonalVehicle
1034245;07:55:10;627556.8912549916 5804802.448788097;628056.9006408904 5804177.120893916;PersonalVehicle
1107320;07:55:10;632280.6077194298 5803306.460546082;628859.9304698629 5802223.934824158;PersonalVehicle
1011495;07:55:11;628112.690336137 5808616.567097427;625495.2665135056 5806727.877555828;PersonalVehicle
1108502;07:55:11;632357.7464165204 5800288.209577048;628658.5918638448 5804099.374020669;PersonalVehicle
1071663;07:55:12;630146.0611633003 5803447.69723424;631913.9173730104 5808124.069404383;PersonalVehicle
1322723;07:55:14;625506.3564786583 5800324.4571683705;628178.082869657 5804848.561267496;PersonalVehicle
1086955;07:55:14;629519.8457392588 5800862.749711019;629972.1192925918 5800862.005163197;PersonalVehicle
1104487;07:55:14;631742.657305571 5802946.125381712;631967.1884450227 5803231.631359624;PersonalVehicle
1020529;07:55:15;625506.3564786583 5800324.4571683705;627530.5640152473 5805671.678288454;PersonalVehicle
1092663;07:55:16;631422.656729628 5803463.136902127;631422.656729628 5803463.136902127;PersonalVehicle
1032138;07:55:16;626844.2094304032 5805492.441185158;630332.2880333196 5802722.917642353;PersonalVehicle
1036923;07:55:16;628391.4903458626 5802114.237113782;632419.3675806981 5804707.528699156;PersonalVehicle
1071721;07:55:19;631385.5629975372 5804013.412553274;630392.4270962354 5803413.266028287;PersonalVehicle
1161891;07:55:19;633672.1088953787 5801895.047217489;626093.9976438117 5803327.386107264;PersonalVehicle
1040361;07:55:20;627124.5404005814 5802921.954562901;627791.0209406363 5803232.309737716;PersonalVehicle
963592;07:55:20;631481.4436367468 5806458.291677784;627498.1724596496 5810012.366902584;PersonalVehicle
1081318;07:55:20;632357.7464165204 5800288.209577048;626837.8781785605 5802214.571152289;PersonalVehicle
1184697;07:55:20;633672.1088953787 5801895.047217489;628594.5211265188 5801821.38210958;PersonalVehicle
1060411;07:55:21;628816.2044090184 5804950.897662527;627410.1913808128 5805506.985080882;PersonalVehicle
1013813;07:55:22;630086.9318130593 5807418.7561434;629854.9966856223 5804590.429110255;PersonalVehicle
1036799;07:55:23;627022.6829216 5803286.188226742;626646.9831888503 5803149.349858717;PersonalVehicle
1044549;07:55:23;626909.8671335971 5804097.359452612;630105.298129947 5800947.356768425;PersonalVehicle
846453;07:55:24;625506.3564786583 5800324.4571683705;629131.3606869034 5804041.564672071;PersonalVehicle
787215;07:55:24;632357.7464165204 5800288.209577048;628645.715949414 5801497.410046095;PersonalVehicle
964333;07:55:25;627498.1724596496 5810012.366902584;630340.5384627705 5801727.382726594;PersonalVehicle
1000675;07:55:25;628394.2368890077 5809366.13546181;631913.9173730104 5808124.069404383;PersonalVehicle
716409;07:55:25;633672.1088953787 5801895.047217489;631414.1549233387 5803086.363089456;PersonalVehicle
1105771;07:55:25;631809.5371685349 5802710.128018908;631813.6236784871 5803541.178364705;PersonalVehicle
1004390;07:55:26;633570.3281922591 5806316.629755088;634266.520278123 5803737.794336154;PersonalVehicle
1093381;07:55:29;625506.3564786583 5800324.4571683705;630266.9840284949 5802584.848692935;PersonalVehicle
1077264;07:55:30;629287.3447904811 5801612.502384425;629018.2788094191 5804637.4904135475;PersonalVehicle
1112398;07:55:31;633672.1088953787 5801895.047217489;629864.8645348853 5802639.0491666505;PersonalVehicle
1006935;07:55:33;631466.0709626665 5806345.4032139;634266.520278123 5803737.794336154;PersonalVehicle
1078357;07:55:35;629515.3680079567 5802029.215219177;630665.8995028068 5801918.35224846;PersonalVehicle
1123603;07:55:35;632357.7464165204 5800288.209577048;629801.2420331914 5801562.778137213;PersonalVehicle
1103164;07:55:36;630321.5999480106 5804787.88722349;632357.7464165204 5800288.209577048;PersonalVehicle
1083288;07:55:37;627026.1458431158 5801237.847226516;627428.7605810728 5802182.693347299;PersonalVehicle
1109897;07:55:38;632357.7464165204 5800288.209577048;629119.6222089572 5801281.73151337;PersonalVehicle
994890;07:55:39;631913.9173730104 5808124.069404383;626620.0351544727 5801548.178869899;PersonalVehicle
1043374;07:55:41;625649.3043674892 5804917.280490032;630377.2935286161 5799276.878224155;PersonalVehicle
1038396;07:55:41;625495.2665135056 5806727.877555828;626753.7142919714 5803098.956748395;PersonalVehicle
1063331;07:55:43;628595.8622357787 5804929.013333245;628628.479513664 5805156.587241636;PersonalVehicle
1122078;07:55:43;633672.1088953787 5801895.047217489;626590.2804886014 5801450.906856333;PersonalVehicle
1058797;07:55:44;628901.6245193181 5804388.301025755;630808.2301494891 5803234.262712823;PersonalVehicle
1014839;07:55:45;628111.7707878659 5809765.439626137;628665.8016655808 5807698.639551565;PersonalVehicle
1037580;07:55:46;627071.2362203881 5803689.417614439;630784.3742901338 5802058.732660009;PersonalVehicle
1036356;07:55:46;627715.5188363777 5803489.50182033;627537.2062115404 5803698.397898218;PersonalVehicle
1036333;07:55:47;626972.8792361463 5802104.508853063;626597.0677581603 5803049.300457887;PersonalVehicle
927232;07:55:47;625495.2665135056 5806727.877555828;628037.9399788575 5803263.861097918;PersonalVehicle
1450321;07:55:47;625506.3564786583 5800324.4571683705;630664.9941576058 5799745.792078023;PersonalVehicle
1078109;07:55:48;629327.7671740818 5802317.301469839;628213.3543954152 5804820.409191877;PersonalVehicle
825678;07:55:49;625506.3564786583 5800324.4571683705;630213.9365611871 5806079.6077542305;PersonalVehicle
1036224;07:55:49;629441.7094419505 5804044.116627993;627669.0026906631 5803478.913416796;PersonalVehicle
1102088;07:55:49;632160.9717000835 5804691.838991579;627745.6633195616 5802123.676596411;PersonalVehicle
1077129;07:55:49;628906.1003166041 5802465.34705382;627213.9022869442 5801157.716483455;PersonalVehicle
1012862;07:55:49;630671.0611961648 5808701.622913653;631913.9173730104 5808124.069404383;PersonalVehicle
1082470;07:55:50;627244.7011783095 5800741.439008576;628386.4351676251 5802746.443972021;PersonalVehicle
1064953;07:55:52;627743.6081413778 5804308.199559077;628250.5339178906 5804638.623304098;PersonalVehicle
1088561;07:55:52;633672.1088953787 5801895.047217489;630138.8285895586 5801108.603547944;PersonalVehicle
1062169;07:55:54;627985.6461325436 5806181.49869732;627498.1724596496 5810012.366902584;PersonalVehicle
1032559;07:55:55;627610.7541237825 5805200.57327528;627001.0385953784 5805263.745171224;PersonalVehicle
1078068;07:55:56;629264.5324871129 5802428.953397323;629157.0261013538 5801818.614803029;PersonalVehicle
1879045;07:55:57;632357.7464165204 5800288.209577048;627099.2802039968 5801980.634129765;PersonalVehicle
1144331;07:55:57;625506.3564786583 5800324.4571683705;630276.271083597 5799701.956195647;PersonalVehicle
1014746;07:55:57;628758.6273504458 5809370.628700737;625506.3564786583 5800324.4571683705;PersonalVehicle
1010198;07:55:58;629917.413710717 5806103.316732431;628074.9012628833 5804415.616416993;PersonalVehicle
1043146;07:55:59;626295.9597227294 5804735.562464801;628400.6282775977 5803179.907741607;PersonalVehicle
1087126;07:56:00;630230.4244653902 5801122.058456853;630820.9148798664 5799900.291690554;PersonalVehicle
1105693;07:56:00;631629.2294152041 5803068.976864326;627644.3818944618 5801310.978594765;PersonalVehicle
1079703;07:56:00;629706.5210609112 5802121.592849783;629959.2524446672 5804130.216264654;PersonalVehicle
1149856;07:56:01;625506.3564786583 5800324.4571683705;628340.0342207814 5804609.723910127;PersonalVehicle
904481;07:56:01;627498.1724596496 5810012.366902584;628617.0840058391 5808556.071395741;PersonalVehicle
1146953;07:56:02;625506.3564786583 5800324.4571683705;626870.8234527903 5803803.463104959;PersonalVehicle
1103042;07:56:02;632057.3619527998 5804246.675498249;627986.0622970829 5805090.729109085;PersonalVehicle
1093117;07:56:03;627498.1724596496 5810012.366902584;631005.8045423061 5801118.395694283;PersonalVehicle
972787;07:56:03;625495.2665135056 5806727.877555828;626679.642757068 5806180.440414359;PersonalVehicle
1086320;07:56:05;628903.2498503893 5801058.324188481;630409.4522286502 5801141.427477022;PersonalVehicle
1125744;07:56:05;625506.3564786583 5800324.4571683705;629371.752244396 5803061.427542081;PersonalVehicle
1086198;07:56:05;628287.1370568598 5801608.882289147;629271.8642965846 5801340.1781085795;PersonalVehicle
1013010;07:56:06;629936.4282422023 5807882.274559499;630510.2315261965 5808749.272931;PersonalVehicle
1077887;07:56:06;629629.3612816953 5801615.93249712;629085.2103196792 5801734.162204778;PersonalVehicle
1295890;07:56:06;625506.3564786583 5800324.4571683705;631273.6743251164 5807093.886117744;PersonalVehicle
1106136;07:56:08;632357.7464165204 5800288.209577048;632453.4407386259 5803401.05399676;PersonalVehicle
1075252;07:56:09;628579.5578246266 5802096.739459747;629923.0202741047 5802537.671605026;PersonalVehicle
1093555;07:56:10;631120.6136714191 5802646.938405401;630459.7632726529 5801963.835827253;PersonalVehicle
1086983;07:56:11;629629.145140607 5800982.909513989;628432.8508426655 5805228.745050459;PersonalVehicle
1093947;07:56:13;630413.4273337005 5802933.543941418;630492.1730033967 5802020.3049348015;PersonalVehicle
1076791;07:56:13;627346.7697891535 5801630.1793604195;629044.0771215068 5801905.521872942;PersonalVehicle
1117954;07:56:14;633672.1088953787 5801895.047217489;625497.9768328386 5803288.287075527;PersonalVehicle
1061081;07:56:15;628426.3775060754 5805281.046708895;625495.2665135056 5806727.877555828;PersonalVehicle
1414110;07:56:15;625506.3564786583 5800324.4571683705;631967.026937202 5807112.122876222;PersonalVehicle
1101194;07:56:16;632497.3195238172 5802014.37335882;625506.3564786583 5800324.4571683705;PersonalVehicle
1015174;07:56:16;628161.9712595543 5809841.839701265;626446.9826712795 5803834.317356531;PersonalVehicle
975137;07:56:17;625495.2665135056 5806727.877555828;628731.1555354093 5802540.491917402;PersonalVehicle
1052027;07:56:18;625974.676384761 5802421.056123949;626062.4278579333 5807010.066723977;PersonalVehicle
1036353;07:56:18;625495.2665135056 5806727.877555828;627186.3193141432 5803827.227168586;PersonalVehicle
1066857;07:56:18;628503.3039962258 5804004.712451511;632027.2365038177 5801790.167326278;PersonalVehicle
1061184;07:56:18;628559.1794236565 5805468.3564451365;626598.113406954 5802957.326358543;PersonalVehicle
1124884;07:56:18;631235.6946054094 5803279.86357923;632357.7464165204 5800288.209577048;PersonalVehicle
1040326;07:56:19;626624.8649734134 5802857.887085013;626652.2976961911 5803295.17517147;PersonalVehicle
534680;07:56:20;634266.520278123 5803737.794336154;627825.7247163178 5803130.610031426;PersonalVehicle
1084574;07:56:21;631181.277264131 5800474.104761463;631181.277264131 5800474.104761463;PersonalVehicle
1013704;07:56:21;629995.6271767485 5807701.877800247;630351.001602617 5806677.128194908;PersonalVehicle
1101369;07:56:22;631988.449577237 5801814.249284246;633672.1088953787 5801895.047217489;PersonalVehicle
1063622;07:56:22;628229.3548319973 5805051.9208588945;633672.1088953787 5801895.047217489;PersonalVehicle
1059590;07:56:26;629323.2607523656 5804574.039713589;630553.8800645091 5802165.918077902;PersonalVehicle
1163994;07:56:26;634266.520278123 5803737.794336154;628829.327100755 5804148.8138822755;PersonalVehicle
1077283;07:56:27;628616.0451989044 5802120.397915489;628626.3590910886 5801558.01426226;PersonalVehicle
1032135;07:56:28;627690.973131716 5805558.147883092;627548.4522386125 5805440.090758547;PersonalVehicle
1124545;07:56:28;630377.2935286161 5799276.878224155;629314.4410053379 5800503.0868158;PersonalVehicle
1105748;07:56:29;631793.3169643648 5802900.233380798;630966.5204127871 5803386.402682651;PersonalVehicle
1122002;07:56:30;633672.1088953787 5801895.047217489;628894.4698656133 5801609.442094981;PersonalVehicle
1121197;07:56:31;633672.1088953787 5801895.047217489;628947.4538246836 5802792.353176802;PersonalVehicle
1161463;07:56:32;629203.5353112201 5800725.625113735;633672.1088953787 5801895.047217489;PersonalVehicle
1032170;07:56:32;627295.4882069844 5805021.345951545;632357.7464165204 5800288.209577048;PersonalVehicle
1011020;07:56:34;627498.1724596496 5810012.366902584;628844.7171647968 5807864.489495295;PersonalVehicle
1066695;07:56:35;628008.2864398047 5804099.042106971;625495.2665135056 5806727.877555828;PersonalVehicle
1078112;07:56:35;625506.3564786583 5800324.4571683705;629540.2961700286 5801730.978602742;PersonalVehicle
1018437;07:56:37;625495.2665135056 5806727.877555828;628716.3780441777 5804396.822470118;PersonalVehicle
1056899;07:56:38;625495.2665135056 5806727.877555828;628147.3705611633 5802017.082142978;PersonalVehicle
1103154;07:56:40;632227.072473368 5804796.688680882;625506.3564786583 5800324.4571683705;PersonalVehicle
938061;07:56:41;625495.2665135056 5806727.877555828;629017.7543863724 5804571.295400383;PersonalVehicle
944479;07:56:41;625495.2665135056 5806727.877555828;628322.4777656331 5801886.465828992;PersonalVehicle
1044114;07:56:41;625642.6321788504 5805033.561037816;628993.1203375417 5804452.763564546;PersonalVehicle
1131709;07:56:43;630377.2935286161 5799276.878224155;629555.3058752606 5800842.588183094;PersonalVehicle
999955;07:56:43;631913.9173730104 5808124.069404383;625695.3036325302 5805827.211618361;PersonalVehicle
1037263;07:56:47;627076.6564192984 5803528.548257993;627759.2291423549 5803605.158062891;PersonalVehicle
1044596;07:56:47;626011.9206004399 5803849.393428692;625495.2665135056 5806727.877555828;PersonalVehicle
994457;07:56:47;631913.9173730104 5808124.069404383;628168.6712947438 5805392.881685756;PersonalVehicle
1046738;07:56:47;625506.3564786583 5800324.4571683705;626721.2346178386 5804859.333256822;PersonalVehicle
1066612;07:56:47;628334.3208559178 5803836.935680363;633672.1088953787 5801895.047217489;PersonalVehicle
1013338;07:56:50;630697.5130834545 5808279.229854952;630457.5482249288 5806526.991961523;PersonalVehicle
1046413;07:56:51;626482.2127907673 5804314.739014052;633672.1088953787 5801895.047217489;PersonalVehicle
915298;07:56:52;625495.2665135056 5806727.877555828;626337.1463149735 5803523.517734215;PersonalVehicle
1109881;07:56:52;632357.7464165204 5800288.209577048;628557.7980470712 5802055.162053658;PersonalVehicle
1071667;07:56:53;630761.9853423978 5804293.005285657;630647.9753559706 5800475.700608971;PersonalVehicle
1061205;07:56:53;628298.6117531313 5805973.643713682;628771.5909970482 5805725.670111379;PersonalVehicle
1036633;07:56:53;627619.8155374752 5803866.952928536;629354.0980675814 5803130.190790606;PersonalVehicle
969175;07:56:55;625495.2665135056 5806727.877555828;629682.3895122384 5803914.901413736;PersonalVehicle
1011592;07:56:55;627498.1724596496 5810012.366902584;627800.9222226609 5809261.516643672;PersonalVehicle
852271;07:56:55;631913.9173730104 5808124.069404383;632403.7302716377 5803707.683102407;PersonalVehicle
1164127;07:56:55;628922.1998894039 5801291.8651097845;634266.520278123 5803737.794336154;PersonalVehicle
1014294;07:56:55;629326.1531539554 5809442.552205038;627498.1724596496 5810012.366902584;PersonalVehicle
1065279;07:56:56;628092.996929631 5805269.777306896;625495.2665135056 5806727.877555828;PersonalVehicle
1103109;07:56:56;631924.3587041587 5804704.548696047;632357.7464165204 5800288.209577048;PersonalVehicle
1147930;07:56:56;625506.3564786583 5800324.4571683705;628276.9437741404 5806272.577048494;PersonalVehicle
1084339;07:56:57;628125.0189037924 5801295.70264142;627470.519666802 5801759.6937946435;PersonalVehicle
965899;07:56:57;627498.1724596496 5810012.366902584;628337.871359633 5803322.010228039;PersonalVehicle
1009508;07:56:57;630201.1411097349 5806191.131975972;627498.1724596496 5810012.366902584;PersonalVehicle
1119864;07:56:57;632357.7464165204 5800288.209577048;629459.280583039 5804568.2254023105;PersonalVehicle
1098586;07:56:57;631406.8557461442 5803207.077549534;633672.1088953787 5801895.047217489;PersonalVehicle
1097883;07:56:58;631243.4616032277 5800355.280991253;628538.4394734455 5805102.726799352;PersonalVehicle
1105332;07:56:58;631584.8466376716 5803295.329810292;629862.827413213 5803464.097239878;PersonalVehicle
1110377;07:56:59;632357.7464165204 5800288.209577048;630566.9009535888 5807407.208626386;PersonalVehicle
1067247;07:56:59;628535.7972107471 5804140.001411226;628056.9006408904 5804177.120893916;PersonalVehicle
1097384;07:57:00;631006.0219580374 5803142.752117399;630866.714310785 5801194.0725802705;PersonalVehicle
1086464;07:57:00;628919.8194941778 5801204.716472494;631913.9173730104 5808124.069404383;PersonalVehicle
1102882;07:57:01;632427.4907355034 5803878.402328566;630551.4847560826 5804022.506403243;PersonalVehicle
1007909;07:57:01;632221.5126395371 5807453.863661699;632357.7464165204 5800288.209577048;PersonalVehicle
752054;07:57:02;632357.7464165204 5800288.209577048;629108.6468851431 5804035.98970992;PersonalVehicle
1007347;07:57:02;631792.9265927321 5806971.81054634;634266.520278123 5803737.794336154;PersonalVehicle
1014361;07:57:03;628864.4546440584 5809268.492941518;631913.9173730104 5808124.069404383;PersonalVehicle
1105773;07:57:03;625506.3564786583 5800324.4571683705;631994.2803346775 5803385.842569286;PersonalVehicle
1098003;07:57:04;630726.5472686111 5800629.55827261;632357.7464165204 5800288.209577048;PersonalVehicle
1033881;07:57:05;627124.0420842068 5804235.206562154;625506.3564786583 5800324.4571683705;PersonalVehicle
994161;07:57:06;631913.9173730104 5808124.069404383;630573.1259995525 5808360.947943816;PersonalVehicle
1003354;07:57:06;632930.9872847674 5807177.574345046;632930.9872847674 5807177.574345046;PersonalVehicle
1101195;07:57:09;631700.7035139205 5803238.552213294;631991.5819919029 5802234.469978566;PersonalVehicle
1063392;07:57:11;628205.9764394589 5805189.069390506;625495.2665135056 5806727.877555828;PersonalVehicle
1102450;07:57:13;630946.237756898 5804939.580660408;630002.6903570032 5802896.188648747;PersonalVehicle
1536651;07:57:13;625506.3564786583 5800324.4571683705;628739.5900838404 5803947.687412062;PersonalVehicle
1056747;07:57:14;625506.3564786583 5800324.4571683705;628296.376119143 5801714.4265776295;PersonalVehicle
1092391;07:57:15;630513.3184841155 5802099.310748137;630766.3402107867 5802662.900092985;PersonalVehicle
1014356;07:57:15;629395.6788191287 5809181.360256196;625495.2665135056 5806727.877555828;PersonalVehicle
1069865;07:57:15;630143.4896950861 5803092.842581437;630377.2935286161 5799276.878224155;PersonalVehicle
1043302;07:57:16;626248.3958595166 5804629.04311307;627376.355485234 5802762.6381077;PersonalVehicle
1079303;07:57:16;629742.9458259732 5802196.226552022;625495.2665135056 5806727.877555828;PersonalVehicle
1071726;07:57:17;631018.8304143865 5802242.044807717;630972.2171529628 5802575.3523670975;PersonalVehicle
1093947;07:57:17;630492.1730033967 5802020.3049348015;630413.4273337005 5802933.543941418;PersonalVehicle
1095208;07:57:18;630857.2414674525 5802633.735554294;633672.1088953787 5801895.047217489;PersonalVehicle
1051552;07:57:20;625506.3564786583 5800324.4571683705;626158.227574435 5802883.506917971;PersonalVehicle
964664;07:57:20;630919.7720886092 5805652.925703236;627498.1724596496 5810012.366902584;PersonalVehicle
1047834;07:57:20;626380.0499466985 5803522.770486812;630511.2138275687 5801890.20632576;PersonalVehicle
1119319;07:57:22;629669.4324478038 5801093.903790523;632357.7464165204 5800288.209577048;PersonalVehicle
1098827;07:57:22;631005.8045423061 5801118.395694283;625506.3564786583 5800324.4571683705;PersonalVehicle
982170;07:57:22;627498.1724596496 5810012.366902584;629079.393121335 5808662.435642763;PersonalVehicle
1059929;07:57:23;632357.7464165204 5800288.209577048;629105.2879600443 5804221.781681888;PersonalVehicle
1063280;07:57:23;628107.8901252813 5804554.921099646;625506.3564786583 5800324.4571683705;PersonalVehicle
1051896;07:57:23;625732.246274221 5801989.41844474;625506.3564786583 5800324.4571683705;PersonalVehicle
1161407;07:57:23;633672.1088953787 5801895.047217489;628506.7612729315 5805097.778791917;PersonalVehicle
1050113;07:57:24;625506.3564786583 5800324.4571683705;626040.941325665 5801808.790327398;PersonalVehicle
1090632;07:57:27;625506.3564786583 5800324.4571683705;632364.5507099037 5800537.428163933;PersonalVehicle
534099;07:57:27;634266.520278123 5803737.794336154;629272.6892820832 5800492.8485406665;PersonalVehicle
1017325;07:57:29;627452.1652766108 5805433.134801483;627455.0718588147 5805250.033164658;PersonalVehicle
1106812;07:57:30;632314.1836289351 5803001.434055443;625506.3564786583 5800324.4571683705;PersonalVehicle
1069127;07:57:31;629237.2160876665 5803301.541891875;625506.3564786583 5800324.4571683705;PersonalVehicle
1006566;07:57:32;631722.915422582 5806722.1055317;625506.3564786583 5800324.4571683705;PersonalVehicle
1071434;07:57:32;630143.4896950861 5803092.842581437;629907.0204481764 5803942.231803611;PersonalVehicle
940884;07:57:33;625506.3564786583 5800324.4571683705;629899.6912535573 5804730.172977337;PersonalVehicle
1079726;07:57:34;629696.980446196 5801722.885718624;629242.7482068647 5804510.225423925;PersonalVehicle
1062011;07:57:34;625506.3564786583 5800324.4571683705;627580.2988447745 5806339.573353995;PersonalVehicle
1101907;07:57:37;627645.5241331626 5805394.122529511;632616.185056871 5804205.333505212;PersonalVehicle
1046133;07:57:39;626834.1336551644 5804091.243120682;626211.7903370654 5804091.9942925805;PersonalVehicle
857158;07:57:39;631913.9173730104 5808124.069404383;627905.8672355055 5808820.433328037;PersonalVehicle
1004225;07:57:39;631607.8729876574 5806765.164652451;630552.9500266024 5805710.226730442;PersonalVehicle
1024362;07:57:39;625495.2665135056 5806727.877555828;628389.0863759017 5801829.805069198;PersonalVehicle
1050934;07:57:41;625857.6104905544 5801823.854286355;625495.2665135056 5806727.877555828;PersonalVehicle
1060402;07:57:41;628559.1794236565 5805468.3564451365;628974.1716216324 5804567.501325247;PersonalVehicle
1015917;07:57:42;625495.2665135056 5806727.877555828;626345.1103953018 5804654.077400693;PersonalVehicle
1160643;07:57:42;632050.3057681054 5802244.859265334;633672.1088953787 5801895.047217489;PersonalVehicle
1041069;07:57:43;626303.7607598195 5802831.285148913;628334.9311536562 5804894.406227566;PersonalVehicle
847917;07:57:43;631913.9173730104 5808124.069404383;625864.4504171557 5803760.072129971;PersonalVehicle
984753;07:57:43;631913.9173730104 5808124.069404383;628202.9726353 5804895.074806652;PersonalVehicle
1058208;07:57:43;629981.8058252095 5803836.029938807;625640.4366805577 5805640.454572823;PersonalVehicle
1036219;07:57:45;626851.6468245198 5803521.958204138;627271.0715191882 5803618.059366032;PersonalVehicle
1198197;07:57:46;627708.8540652463 5806076.965340294;625506.3564786583 5800324.4571683705;PersonalVehicle
1002544;07:57:47;630643.132893197 5805768.01508414;625495.2665135056 5806727.877555828;PersonalVehicle
1099014;07:57:47;632407.8234359657 5800614.138853477;631943.1949490673 5801339.635731801;PersonalVehicle
1074523;07:57:47;629001.1126655749 5802056.540202351;627949.0623574365 5801657.911046054;PersonalVehicle
1098871;07:57:48;631730.6267297394 5801651.2064686045;627860.5512734187 5802274.896368773;PersonalVehicle
1021480;07:57:50;625765.7453745991 5805034.206159923;625506.3564786583 5800324.4571683705;PersonalVehicle
1084339;07:57:50;627337.4421882072 5801146.4915377665;628125.0189037924 5801295.70264142;PersonalVehicle
405431;07:57:51;634266.520278123 5803737.794336154;631302.4073353761 5803433.458417983;PersonalVehicle
1079527;07:57:51;628987.6446671826 5801250.797390795;629751.6405276607 5801862.535806397;PersonalVehicle
1049599;07:57:51;626739.9956628757 5803621.754767178;626373.5509684011 5803687.340264325;PersonalVehicle
1051236;07:57:54;625915.2673559926 5801946.562626285;628239.6125688085 5802338.758531015;PersonalVehicle
1074567;07:57:55;627917.9247587918 5802780.4118594425;632357.7464165204 5800288.209577048;PersonalVehicle
1009136;07:57:55;630018.8789485347 5807096.407360881;629986.6251800652 5805836.815534722;PersonalVehicle
1166955;07:57:56;634266.520278123 5803737.794336154;629240.8483233133 5804528.384814735;PersonalVehicle
1090693;07:57:57;625506.3564786583 5800324.4571683705;629555.1168322046 5803548.194953023;PersonalVehicle
1060697;07:57:58;628592.740724639 5805376.032017512;627498.1724596496 5810012.366902584;PersonalVehicle
1013707;07:57:59;627498.1724596496 5810012.366902584;631096.5305873873 5808499.827643673;PersonalVehicle
754251;07:57:59;632357.7464165204 5800288.209577048;628022.4132318937 5801494.003440106;PersonalVehicle
1067150;07:58:00;627967.1764686404 5803864.632204002;628509.8856096884 5804122.198317955;PersonalVehicle
1149986;07:58:00;625506.3564786583 5800324.4571683705;631430.7991642625 5806977.196681882;PersonalVehicle
1080761;07:58:01;628898.4300689405 5800884.165325745;626586.8095194771 5801481.822014261;PersonalVehicle
1107358;07:58:01;632122.0535477005 5802939.79766035;634266.520278123 5803737.794336154;PersonalVehicle
1058842;07:58:01;628696.065561133 5803652.356987695;627508.7840713138 5804060.418213476;PersonalVehicle
1075845;07:58:03;628683.3110636161 5801757.828247315;627498.1724596496 5810012.366902584;PersonalVehicle
1119658;07:58:03;633672.1088953787 5801895.047217489;629602.5514908077 5804414.768237608;PersonalVehicle
1053189;07:58:04;626828.9150932429 5807619.383521777;625506.3564786583 5800324.4571683705;PersonalVehicle
1047118;07:58:06;626712.1102970592 5804572.59926034;627038.6169547328 5804079.647362157;PersonalVehicle
688440;07:58:06;629399.9707952597 5804417.770881565;634266.520278123 5803737.794336154;PersonalVehicle
1061081;07:58:07;625495.2665135056 5806727.877555828;628426.3775060754 5805281.046708895;PersonalVehicle
1033096;07:58:08;627460.2107989723 5805346.118205614;625506.3564786583 5800324.4571683705;PersonalVehicle
1286454;07:58:11;625506.3564786583 5800324.4571683705;627789.5330421496 5808942.983141624;PersonalVehicle
1039919;07:58:11;627374.1841034606 5802972.2998190615;629859.8964036498 5801792.753620213;PersonalVehicle
1077612;07:58:12;629221.2286101182 5801483.766796162;629578.6484454279 5801723.323462759;PersonalVehicle
1081214;07:58:12;630377.2935286161 5799276.878224155;626308.070420919 5801945.494536907;PersonalVehicle
1062046;07:58:12;628432.8508426655 5805228.745050459;627955.0585984159 5802797.306128654;PersonalVehicle
1032399;07:58:12;627148.5152283151 5804269.578564419;627663.0807843246 5805257.657704788;PersonalVehicle
1047372;07:58:13;625877.6668458392 5803696.591824005;628849.6090581164 5803123.000753264;PersonalVehicle
910471;07:58:15;625495.2665135056 5806727.877555828;626059.6080938637 5803303.793097806;PersonalVehicle
1060400;07:58:15;629657.4288398691 5808969.133528451;628771.5909970482 5805725.670111379;PersonalVehicle
1021064;07:58:15;626405.4398767041 5802830.06681829;625506.3564786583 5800324.4571683705;PersonalVehicle
1005501;07:58:17;633464.6107023283 5806269.528290951;633672.1088953787 5801895.047217489;PersonalVehicle
1066732;07:58:17;628480.7647378811 5803764.735599953;627890.5856892131 5803751.423996675;PersonalVehicle
1062145;07:58:19;628342.3703132055 5806065.53438592;628321.5189011032 5805309.611615197;PersonalVehicle
1048293;07:58:20;625877.6668458392 5803696.591824005;630377.2935286161 5799276.878224155;PersonalVehicle
1014035;07:58:20;630106.1273327696 5808235.839680632;625506.3564786583 5800324.4571683705;PersonalVehicle
1064121;07:58:20;627838.8047924412 5804378.033257418;625506.3564786583 5800324.4571683705;PersonalVehicle
1108670;07:58:21;632357.7464165204 5800288.209577048;630922.0276136815 5801736.382391336;PersonalVehicle
1005432;07:58:21;632836.7002580587 5806940.4988079965;632754.4996108742 5807295.099885398;PersonalVehicle
1014513;07:58:21;629261.7922153877 5809603.379800674;632682.5677195208 5800742.969715003;PersonalVehicle
1014802;07:58:24;628378.9142873525 5809527.198025323;629188.5619325035 5808240.413952946;PersonalVehicle
1040016;07:58:25;626669.3043389944 5802665.572194076;627733.7892938432 5803269.919745821;PersonalVehicle
1005414;07:58:25;632495.0184022086 5806641.666615726;633336.3279165563 5806783.721143103;PersonalVehicle
1011765;07:58:26;629077.8909668477 5808195.175582535;629770.663619439 5806948.455619577;PersonalVehicle
1038912;07:58:26;626733.1728912272 5802692.911896407;628276.6712550907 5803463.711672448;PersonalVehicle
1039476;07:58:27;627593.3113247743 5803072.207130416;626752.1789986021 5802826.709500828;PersonalVehicle
1105494;07:58:27;625506.3564786583 5800324.4571683705;632008.7969665097 5802986.354586241;PersonalVehicle
1104465;07:58:28;631568.286633143 5803149.933991644;632785.1810719564 5801066.797334813;PersonalVehicle
1035326;07:58:30;627230.5276725697 5803920.088502249;628562.4239183693 5804384.9432879845;PersonalVehicle
1056754;07:58:30;625495.2665135056 5806727.877555828;628636.9686693511 5806379.732861739;PersonalVehicle
1064739;07:58:37;627989.4708757353 5804470.194039495;631913.9173730104 5808124.069404383;PersonalVehicle
1036494;07:58:38;627505.340805417 5803540.523471393;627170.293679375 5803734.41235736;PersonalVehicle
1069461;07:58:40;630812.046302099 5804280.869035161;625506.3564786583 5800324.4571683705;PersonalVehicle
1010152;07:58:40;630427.4385405618 5806738.98470375;629969.3355953424 5805992.932207728;PersonalVehicle
1068821;07:58:40;629436.5038148032 5803082.326079388;632357.7464165204 5800288.209577048;PersonalVehicle
1078319;07:58:41;629350.9142296442 5801618.803922164;625495.2665135056 5806727.877555828;PersonalVehicle
1058391;07:58:43;634266.520278123 5803737.794336154;629959.2524446672 5804130.216264654;PersonalVehicle
389542;07:58:44;634266.520278123 5803737.794336154;628921.9941588264 5804069.884652748;PersonalVehicle
1042287;07:58:44;626179.9886228207 5804852.713080447;625765.7453745991 5805034.206159923;PersonalVehicle
1074694;07:58:46;628955.2648182801 5801930.838552364;632357.7464165204 5800288.209577048;PersonalVehicle
1026442;07:58:46;625495.2665135056 5806727.877555828;628234.6904247267 5804861.019154878;PersonalVehicle
1072113;07:58:47;630302.1735403948 5802994.303948588;629497.8927646761 5804169.210317175;PersonalVehicle
1123733;07:58:50;632357.7464165204 5800288.209577048;626132.9408933545 5803719.401562074;PersonalVehicle
1085282;07:58:50;629547.3880367018 5801415.689744351;629387.660275674 5801041.467556194;PersonalVehicle
1041150;07:58:50;625495.2665135056 5806727.877555828;629952.1787320136 5802252.13195696;PersonalVehicle
1071746;07:58:55;629784.2729840173 5802967.140109198;629784.2729840173 5802967.140109198;PersonalVehicle
1047276;07:58:56;626462.4043460343 5804222.459619605;632357.7464165204 5800288.209577048;PersonalVehicle
926614;07:58:56;625495.2665135056 5806727.877555828;629008.3896024948 5803729.874978542;PersonalVehicle
1108466;07:58:56;632357.7464165204 5800288.209577048;628325.5586233952 5805297.500416463;PersonalVehicle
861432;07:58:57;631913.9173730104 5808124.069404383;629089.1442718463 5808376.888180386;PersonalVehicle
1071779;07:58:58;630607.106885769 5803795.552001166;628685.5029186688 5806191.762062321;PersonalVehicle
1038247;07:58:58;627605.8299413512 5803553.534109384;629310.7937140458 5803018.015586707;PersonalVehicle
1038520;07:58:59;627731.4182226385 5803199.137135544;632357.7464165204 5800288.209577048;PersonalVehicle
1083108;07:58:59;626359.2328645188 5800573.617910822;630377.2935286161 5799276.878224155;PersonalVehicle
1013848;07:59:00;630312.0123237032 5808170.796266007;627498.1724596496 5810012.366902584;PersonalVehicle
1096352;07:59:01;631107.9989154371 5802410.163449531;631913.9173730104 5808124.069404383;PersonalVehicle
1063458;07:59:01;628669.5742547207 5804746.650641785;625506.3564786583 5800324.4571683705;PersonalVehicle
1338020;07:59:04;625506.3564786583 5800324.4571683705;629251.8656050998 5802579.163265505;PersonalVehicle
1085327;07:59:04;626766.137977823 5801850.011851362;629801.2420331914 5801562.778137213;PersonalVehicle
1007647;07:59:05;630351.001602617 5806677.128194908;632242.0373997483 5807157.201907127;PersonalVehicle
1028801;07:59:05;625506.3564786583 5800324.4571683705;629113.0075442923 5804784.230386699;PersonalVehicle
1076266;07:59:05;628721.4615997133 5801552.998970296;631444.8810621292 5806474.859145017;PersonalVehicle
860566;07:59:06;631913.9173730104 5808124.069404383;628992.3417865848 5805167.626407841;PersonalVehicle
1162735;07:59:06;634266.520278123 5803737.794336154;628017.6542541028 5804097.662967879;PersonalVehicle
1133283;07:59:06;625506.3564786583 5800324.4571683705;626530.1249390959 5803817.305481827;PersonalVehicle
1054168;07:59:07;625495.2665135056 5806727.877555828;627257.2245534095 5805731.954059989;PersonalVehicle
1008308;07:59:08;632179.0015201628 5807532.348801601;632179.0015201628 5807532.348801601;PersonalVehicle
981537;07:59:08;627498.1724596496 5810012.366902584;629810.7446836651 5800774.660066938;PersonalVehicle
1096235;07:59:08;630942.9356019731 5802256.047810416;632357.7464165204 5800288.209577048;PersonalVehicle
1030766;07:59:09;625506.3564786583 5800324.4571683705;629376.0070554026 5804274.2864114;PersonalVehicle
1009216;07:59:10;630521.2938531572 5808519.07836326;630178.5480682165 5806589.54097343;PersonalVehicle
1058420;07:59:11;629316.2136696364 5803986.878409685;625495.2665135056 5806727.877555828;PersonalVehicle
1033717;07:59:12;625506.3564786583 5800324.4571683705;627410.1913808128 5805506.985080882;PersonalVehicle
1096756;07:59:12;631125.3347392736 5802882.193208398;631913.9173730104 5808124.069404383;PersonalVehicle
1069689;07:59:13;631242.7415677516 5803763.5924492795;632357.7464165204 5800288.209577048;PersonalVehicle
2057825;07:59:13;633672.1088953787 5801895.047217489;628122.8574820183 5804190.568627161;PersonalVehicle
1121941;07:59:13;632121.017809052 5801863.684528942;633672.1088953787 5801895.047217489;PersonalVehicle
1083010;07:59:15;626623.0557614205 5800797.563765792;625506.3564786583 5800324.4571683705;PersonalVehicle
1076233;07:59:18;628694.9205325905 5802331.534324031;630269.1966097826 5803835.679998752;PersonalVehicle
1110169;07:59:19;626930.2257085089 5801747.49205268;633672.1088953787 5801895.047217489;PersonalVehicle
1008547;07:59:20;629761.8460228343 5803584.866180722;631758.1140905145 5806830.558420021;PersonalVehicle
890597;07:59:21;627498.1724596496 5810012.366902584;629938.0928556396 5803192.710807217;PersonalVehicle
1104758;07:59:22;631946.1174353503 5803378.573088133;633672.1088953787 5801895.047217489;PersonalVehicle
1036629;07:59:24;627124.9600779525 5803226.036326358;627367.0573718774 5803940.510468429;PersonalVehicle
1066648;07:59:24;628230.9379273675 5803511.916266106;629017.0885012819 5801787.218264293;PersonalVehicle
1090967;07:59:25;625506.3564786583 5800324.4571683705;631195.3810015409 5800450.723523706;PersonalVehicle
679587;07:59:27;630726.5472686111 5800629.55827261;633672.1088953787 5801895.047217489;PersonalVehicle
1060063;07:59:27;628013.1724765879 5805935.177878369;630628.4448673205 5802213.943072088;PersonalVehicle
1082841;07:59:29;626776.4809017521 5800813.500268694;625506.3564786583 5800324.4571683705;PersonalVehicle
1079660;07:59:29;630982.6034410081 5802263.609384767;629450.7181201857 5802378.969990766;PersonalVehicle
1116606;07:59:29;632357.7464165204 5800288.209577048;627473.610505171 5802254.626249826;PersonalVehicle
1105871;07:59:29;629951.2713042528 5800948.378008965;631717.7708836251 5803104.358344401;PersonalVehicle
928204;07:59:31;625495.2665135056 5806727.877555828;629485.4790403902 5803591.886399801;PersonalVehicle
1108794;07:59:34;632357.7464165204 5800288.209577048;627115.0124997875 5801950.4362037275;PersonalVehicle
1101933;07:59:34;631080.6304715641 5804613.614610584;625495.2665135056 5806727.877555828;PersonalVehicle
1127481;07:59:35;625506.3564786583 5800324.4571683705;629283.7019786927 5804314.434106508;PersonalVehicle
1056613;07:59:36;626018.0368269667 5801753.823744319;625506.3564786583 5800324.4571683705;PersonalVehicle
1043544;07:59:36;626586.2539945134 5804930.648237754;625994.0460378582 5804915.5634252;PersonalVehicle
1010949;07:59:37;627498.1724596496 5810012.366902584;628226.2697299306 5809148.37427451;PersonalVehicle
1070266;07:59:37;631477.6375119996 5804037.42636625;629310.3329938576 5804154.093605694;PersonalVehicle
1035319;07:59:38;627914.2394750221 5805308.880468724;627747.2555608443 5805143.090222279;PersonalVehicle
1104030;07:59:38;631837.6787592483 5802909.343429726;630377.2935286161 5799276.878224155;PersonalVehicle
1097814;07:59:41;631322.9287800026 5802779.500904547;631123.9023008798 5803137.828641908;PersonalVehicle
1082887;07:59:41;626749.6447981389 5801297.848053816;627803.7026999918 5800539.798341483;PersonalVehicle
1005179;07:59:42;632963.7710449096 5806327.033741898;630338.7902520561 5802083.928082294;PersonalVehicle
1085632;07:59:42;629316.1095288015 5800535.9059137525;629579.3189687326 5801198.389139471;PersonalVehicle
966968;07:59:43;625495.2665135056 5806727.877555828;626085.9510107064 5805539.729626208;PersonalVehicle
1049917;07:59:43;626687.1123910596 5803567.737756286;626953.7409484964 5802813.615647738;PersonalVehicle
1049031;07:59:45;626368.3501614069 5803705.3962774;626701.2697595031 5803461.368479189;PersonalVehicle
1081318;07:59:46;626837.8781785605 5802214.571152289;627103.2918139296 5801866.8211012175;PersonalVehicle
1085851;07:59:48;629304.4803078799 5801233.071444986;629404.4216757604 5801358.278127525;PersonalVehicle
1048998;07:59:48;626535.313020899 5803745.285872827;630023.9585794843 5802940.634345205;PersonalVehicle
1081583;07:59:50;626310.9227911005 5802081.889950912;630211.3455837669 5803564.984630754;PersonalVehicle
1077147;07:59:51;629132.6504067774 5802332.142992359;632357.7464165204 5800288.209577048;PersonalVehicle
1106423;07:59:51;632334.3839801544 5803258.379954099;631941.9495513152 5803210.748029474;PersonalVehicle
1063310;07:59:52;625984.3333414634 5802985.48061647;627945.9945012586 5804602.523666899;PersonalVehicle
1002503;07:59:53;632330.7835726985 5806403.6903456515;633672.1088953787 5801895.047217489;PersonalVehicle
1091671;07:59:53;630377.2935286161 5799276.878224155;631319.84612167 5807090.742729745;PersonalVehicle
1077675;07:59:53;629184.2077389112 5802324.148852461;630795.215789452 5802675.715179028;PersonalVehicle
1096445;07:59:54;630976.1239244468 5802629.073803653;631193.6900878702 5802462.225933131;PersonalVehicle
1074331;07:59:54;627349.324188755 5802246.1236496465;628276.6712550907 5803463.711672448;PersonalVehicle
1013791;07:59:54;630460.1169516777 5807910.369169619;632495.0788370906 5807570.505376018;PersonalVehicle
525873;07:59:55;634266.520278123 5803737.794336154;629750.7873970197 5801224.735618754;PersonalVehicle
1084131;07:59:56;627335.4317688339 5801057.814305232;627811.0109838863 5800801.135035091;PersonalVehicle
1087663;07:59:56;632636.7611026097 5801841.43702513;632062.0681906 5802004.403086661;PersonalVehicle
1050112;07:59:57;626418.0387076479 5802760.223513008;628307.6515204593 5805202.846367932;PersonalVehicle
1115149;08:00:00;632357.7464165204 5800288.209577048;630781.8925280606 5800933.162112237;PersonalVehicle
1035042;08:00:00;627636.2869598038 5804935.124059598;632357.7464165204 5800288.209577048;PersonalVehicle
1110245;08:00:02;632357.7464165204 5800288.209577048;629211.5182520858 5804058.497909711;PersonalVehicle
1087180;08:00:02;629745.866517465 5800703.756386675;632357.7464165204 5800288.209577048;PersonalVehicle
1101313;08:00:02;632438.9173983497 5801828.698849553;630280.7144248752 5802727.358206066;PersonalVehicle
1075869;08:00:03;628698.512903275 5801918.153472167;628668.193296873 5801969.902892873;PersonalVehicle
871845;08:00:03;627498.1724596496 5810012.366902584;629485.4790403902 5803591.886399801;PersonalVehicle
1095201;08:00:04;631191.8292384502 5802239.013853323;631120.1868163518 5802487.77232093;PersonalVehicle
1128213;08:00:05;625506.3564786583 5800324.4571683705;628898.2586478688 5802798.644447623;PersonalVehicle
1011160;08:00:05;628075.4630659687 5808876.981982836;628600.6812148704 5809161.549968457;PersonalVehicle
1070606;08:00:05;630876.0159139932 5804369.722892096;627841.1184439261 5802508.945473952;PersonalVehicle
1627404;08:00:07;625506.3564786583 5800324.4571683705;629578.8594645741 5803936.273800354;PersonalVehicle
1008494;08:00:07;632106.5941044146 5807466.61110842;632357.7464165204 5800288.209577048;PersonalVehicle
1096094;08:00:07;631255.0439106477 5802329.651310367;631007.0265916693 5802607.604803603;PersonalVehicle
1079865;08:00:08;629704.5331282563 5801778.998954453;628732.4306271854 5802010.9262913605;PersonalVehicle
1010418;08:00:09;628049.0291614328 5809291.418123078;629852.8548214207 5806709.488684194;PersonalVehicle
1088782;08:00:09;629750.7873970197 5801224.735618754;629885.4738622884 5803259.123841624;PersonalVehicle
1004031;08:00:10;630651.6708923626 5805741.237517405;630813.7363718221 5805671.90500992;PersonalVehicle
1106364;08:00:12;632145.6698669157 5803437.94236427;633672.1088953787 5801895.047217489;PersonalVehicle
1090493;08:00:13;625506.3564786583 5800324.4571683705;628833.4269070282 5804414.241037125;PersonalVehicle
1071669;08:00:14;631474.1108461989 5804128.658643081;631409.3835166802 5803600.81802949;PersonalVehicle
1051398;08:00:17;626119.4131436744 5802984.768976751;631212.3493044786 5802306.04602522;PersonalVehicle
1058759;08:00:20;628958.0369394972 5804410.629876678;627699.1076407641 5802989.771812009;PersonalVehicle
1064550;08:00:21;628689.578323608 5804592.654991682;627713.1288873131 5801601.749419209;PersonalVehicle
1060032;08:00:22;628826.1033666432 5804305.714547609;632357.7464165204 5800288.209577048;PersonalVehicle
1083904;08:00:23;627899.8233640683 5801244.810641704;625495.2665135056 5806727.877555828;PersonalVehicle
1036799;08:00:23;626646.9831888503 5803149.349858717;627022.6829216 5803286.188226742;PersonalVehicle
985480;08:00:24;631913.9173730104 5808124.069404383;631414.877843159 5806354.850115477;PersonalVehicle
1039684;08:00:25;627829.6837391553 5803387.93898715;626861.3317939772 5803775.805070961;PersonalVehicle
993747;08:00:25;631913.9173730104 5808124.069404383;628614.0282299994 5806063.342475822;PersonalVehicle
1093742;08:00:27;630646.1961194272 5801916.244122642;633672.1088953787 5801895.047217489;PersonalVehicle
1010440;08:00:30;629925.2446144378 5805743.785610979;628044.5441421631 5801782.499190913;PersonalVehicle
1151989;08:00:31;625506.3564786583 5800324.4571683705;627875.908696659 5804376.570581326;PersonalVehicle
848501;08:00:31;631913.9173730104 5808124.069404383;630091.3817379177 5803230.55254522;PersonalVehicle
1136283;08:00:32;625506.3564786583 5800324.4571683705;628940.6886269578 5801853.225322725;PersonalVehicle
1061049;08:00:33;628436.0245972801 5805955.933967476;628677.5079176578 5805061.396359529;PersonalVehicle
973366;08:00:35;627498.1724596496 5810012.366902584;631116.6376472405 5802618.385396593;PersonalVehicle
1103201;08:00:35;632318.4470708497 5803789.542244765;625506.3564786583 5800324.4571683705;PersonalVehicle
1078854;08:00:37;629386.8286073753 5802009.165512844;629110.4971408872 5802224.046976815;PersonalVehicle
1011805;08:00:38;630461.595103127 5806991.470965492;628696.0198039936 5807880.888818265;PersonalVehicle
1041129;08:00:39;626890.9192021239 5802768.308798248;626411.15529203 5802911.0640476495;PersonalVehicle
1014323;08:00:41;629134.3353916458 5807954.168792731;628824.7777191214 5809125.535218033;PersonalVehicle
1038760;08:00:41;626770.7943892113 5802717.863682191;627788.2421734275 5803255.296052597;PersonalVehicle
1046634;08:00:43;627580.1158264695 5801511.491490291;625761.6463562238 5804853.765934603;PersonalVehicle
1069484;08:00:43;630280.0214126793 5801899.081918839;630448.1124843415 5803900.326182422;PersonalVehicle
1084339;08:00:43;627470.519666802 5801759.6937946435;627337.4421882072 5801146.4915377665;PersonalVehicle
1088513;08:00:44;629870.2861762593 5800828.786662962;629367.1534492687 5804481.03119377;PersonalVehicle
1015663;08:00:45;625495.2665135056 5806727.877555828;629029.82423243 5803287.166872049;PersonalVehicle
1078337;08:00:46;629221.2286101182 5801483.766796162;629895.8960898295 5801752.298429216;PersonalVehicle
1082253;08:00:46;626769.1129404834 5801128.287272623;625506.3564786583 5800324.4571683705;PersonalVehicle
1087525;08:00:46;629424.2846763193 5800867.550371755;632357.7464165204 5800288.209577048;PersonalVehicle
1093657;08:00:48;630363.7131673981 5802660.452752476;630377.2935286161 5799276.878224155;PersonalVehicle
977079;08:00:49;625495.2665135056 5806727.877555828;628769.6807771217 5803709.93359598;PersonalVehicle
1065099;08:00:49;625506.3564786583 5800324.4571683705;628466.0454808618 5804830.190158961;PersonalVehicle
1012388;08:00:49;630734.1393954938 5808608.523159433;632368.2380013268 5807559.995070451;PersonalVehicle
1540841;08:00:50;625506.3564786583 5800324.4571683705;628832.1220681902 5802846.130731127;PersonalVehicle
1145018;08:00:50;625506.3564786583 5800324.4571683705;628859.0549250154 5802407.884507777;PersonalVehicle
1167920;08:00:51;634266.520278123 5803737.794336154;628073.9153833095 5804963.698503105;PersonalVehicle
980983;08:00:52;627498.1724596496 5810012.366902584;625736.8297397679 5806250.481048399;PersonalVehicle
1099414;08:00:52;632357.7464165204 5800288.209577048;632460.2392538573 5800820.235810201;PersonalVehicle
1105220;08:00:52;631640.7177511757 5802944.962542305;632204.6644643982 5803426.710305967;PersonalVehicle
1047732;08:00:52;626435.9705359493 5803252.174773637;626567.3456492503 5803256.934852464;PersonalVehicle
1101929;08:00:53;632697.0016196102 5803653.764796969;631464.0348044318 5804850.932842561;PersonalVehicle
1059915;08:00:53;628827.9077542607 5804121.088570644;629017.7543863724 5804571.295400383;PersonalVehicle
1094247;08:00:54;630634.7844466628 5802216.724788073;630630.5985167682 5801805.598478054;PersonalVehicle
1120146;08:00:56;633672.1088953787 5801895.047217489;629402.1458981817 5802384.290274443;PersonalVehicle
1095386;08:00:56;625506.3564786583 5800324.4571683705;631134.0269390448 5802379.531596832;PersonalVehicle
1052060;08:00:57;626053.883189195 5802928.00060299;625506.3564786583 5800324.4571683705;PersonalVehicle
1327310;08:00:58;625506.3564786583 5800324.4571683705;631778.8267695575 5806902.168178609;PersonalVehicle
1006610;08:00:58;632156.9162939141 5807222.6648517065;627351.718541619 5801348.779698824;PersonalVehicle
1061904;08:00:58;627718.6070809974 5806624.628182978;628873.8325366853 5803564.810425008;PersonalVehicle
1015042;08:00:59;628381.1820958704 5809495.75954603;628143.9425745067 5809801.625792599;PersonalVehicle
1024142;08:01:00;625506.3564786583 5800324.4571683705;626236.1328736952 5802941.180522199;PersonalVehicle
1088628;08:01:02;630743.064147447 5800446.52220453;629251.1912996203 5800584.135834792;PersonalVehicle
1023323;08:01:02;625506.3564786583 5800324.4571683705;625517.5031892596 5802789.071871413;PersonalVehicle
1036837;08:01:03;627664.4190694216 5803646.420651498;626957.9060235135 5803458.338201716;PersonalVehicle
1057530;08:01:04;629524.034411999 5804271.116401547;629393.2769426056 5803867.129758807;PersonalVehicle
984403;08:01:04;631913.9173730104 5808124.069404383;629146.1938205492 5804616.716722357;PersonalVehicle
1085501;08:01:04;629105.1214857991 5801391.377478599;626571.5904364806 5803446.209699949;PersonalVehicle
1071896;08:01:05;630740.3669854032 5803867.098027991;631775.9903767896 5803180.837122151;PersonalVehicle
1103027;08:01:05;632057.3619527998 5804246.675498249;631913.9173730104 5808124.069404383;PersonalVehicle
1059249;08:01:06;629093.993102208 5804711.377727797;631452.227477807 5807283.703979947;PersonalVehicle
1072866;08:01:08;627339.0150935466 5802320.04816554;626105.9007477099 5806409.0949087385;PersonalVehicle
1111154;08:01:09;633672.1088953787 5801895.047217489;632044.2804029075 5801843.476070406;PersonalVehicle
909846;08:01:09;625495.2665135056 5806727.877555828;626225.1286656999 5805142.056272241;PersonalVehicle
1062861;08:01:09;628147.0862704513 5805962.505128107;628553.3132821338 5805499.617169324;PersonalVehicle
1031957;08:01:09;627264.7627761798 5804886.175417146;627763.1988254614 5804499.954485861;PersonalVehicle
1050307;08:01:09;626101.1636641285 5802266.982481247;632357.7464165204 5800288.209577048;PersonalVehicle
1007309;08:01:10;633672.1088953787 5801895.047217489;631355.2609807022 5806509.786265517;PersonalVehicle
1097879;08:01:10;630780.6565416144 5800033.024089399;634266.520278123 5803737.794336154;PersonalVehicle
1095917;08:01:11;630842.0952156669 5802692.014342099;634266.520278123 5803737.794336154;PersonalVehicle
1090412;08:01:11;626196.568062691 5805307.609213723;625495.2665135056 5806727.877555828;PersonalVehicle
1088098;08:01:11;629381.854043192 5800851.394006351;625506.3564786583 5800324.4571683705;PersonalVehicle
1101217;08:01:12;631858.8777840188 5802126.399766154;634266.520278123 5803737.794336154;PersonalVehicle
1095472;08:01:12;630794.6584314047 5802088.37041341;628949.9437473235 5802951.864641676;PersonalVehicle
1104745;08:01:13;631808.5827952318 5803083.668372664;625495.2665135056 5806727.877555828;PersonalVehicle
1064007;08:01:13;627789.7204517414 5804416.547119049;628108.9196216622 5804643.998153913;PersonalVehicle
1050968;08:01:14;625506.3564786583 5800324.4571683705;626156.7851540523 5802319.759473536;PersonalVehicle
1041491;08:01:15;626122.0909853651 5804817.687009989;626094.6022263354 5804630.9466304;PersonalVehicle
1063455;08:01:16;628057.6427470369 5804500.279528491;625506.3564786583 5800324.4571683705;PersonalVehicle
1026415;08:01:16;625495.2665135056 5806727.877555828;630350.8847715314 5801700.456163554;PersonalVehicle
1024675;08:01:16;625495.2665135056 5806727.877555828;627671.4501543092 5806218.626162065;PersonalVehicle
1011798;08:01:17;629774.9439428848 5808472.61990511;627744.6743728966 5808923.4367638985;PersonalVehicle
1003136;08:01:20;625506.3564786583 5800324.4571683705;630813.8264946308 5805752.181682386;PersonalVehicle
1171928;08:01:21;634266.520278123 5803737.794336154;631030.9511780703 5800724.866715001;PersonalVehicle
1098970;08:01:21;632609.5146997601 5800668.146816073;632423.647201821 5800568.140406429;PersonalVehicle
1042882;08:01:22;626340.9166942816 5804912.300248956;625506.3564786583 5800324.4571683705;PersonalVehicle
1079849;08:01:24;629627.1356206124 5802364.828740729;628648.6618185326 5802715.767237508;PersonalVehicle
1049087;08:01:24;626861.3317939772 5803775.805070961;625506.3564786583 5800324.4571683705;PersonalVehicle
1146008;08:01:25;625495.2665135056 5806727.877555828;630600.2049739858 5803943.526205085;PersonalVehicle
1068579;08:01:25;628544.9598840207 5803658.5088571105;629289.2270593517 5801271.168109;PersonalVehicle
1036837;08:01:25;626957.9060235135 5803458.338201716;625506.3564786583 5800324.4571683705;PersonalVehicle
1074250;08:01:26;628151.3633709156 5802660.257646706;625506.3564786583 5800324.4571683705;PersonalVehicle
983770;08:01:30;631913.9173730104 5808124.069404383;628286.9622428891 5802160.937545252;PersonalVehicle
1096720;08:01:31;630983.7816095918 5803211.372766594;631357.5287934716 5803859.142648059;PersonalVehicle
1008309;08:01:33;631498.5703921303 5806601.157976596;632357.7464165204 5800288.209577048;PersonalVehicle
1103417;08:01:35;632223.6409850485 5803717.891857351;625506.3564786583 5800324.4571683705;PersonalVehicle
1102296;08:01:35;631897.4378676086 5804012.1235300675;632467.0077836271 5804142.407614017;PersonalVehicle
992933;08:01:36;631913.9173730104 5808124.069404383;627530.8107084383 5801090.5209962325;PersonalVehicle
1217901;08:01:36;631152.1223141277 5805891.98358609;625506.3564786583 5800324.4571683705;PersonalVehicle
1094397;08:01:37;630586.9541564669 5802429.690136873;630820.9917929324 5802646.895691208;PersonalVehicle
1047186;08:01:37;627343.0273444932 5805540.5505622765;625871.5282427709 5803836.430866715;PersonalVehicle
1052441;08:01:37;630377.2935286161 5799276.878224155;625621.2694369494 5801704.306675502;PersonalVehicle
1084343;08:01:37;627213.9022869442 5801157.716483455;627436.1074658516 5801154.336719536;PersonalVehicle
1089056;08:01:37;630393.930351627 5802887.214142243;629186.5248012703 5800836.511718798;PersonalVehicle
1087663;08:01:38;632062.0681906 5802004.403086661;632636.7611026097 5801841.43702513;PersonalVehicle
1083793;08:01:39;627289.1277176645 5801059.459125003;625506.3564786583 5800324.4571683705;PersonalVehicle
1051808;08:01:41;625506.3564786583 5800324.4571683705;627513.2249354108 5802106.046444197;PersonalVehicle
1092474;08:01:41;630691.9786326269 5801854.233040464;627498.1724596496 5810012.366902584;PersonalVehicle
1007170;08:01:43;631786.3284983822 5806324.164792016;625506.3564786583 5800324.4571683705;PersonalVehicle
1003994;08:01:43;632215.8493859575 5806275.572053149;629992.5443225754 5806050.115750406;PersonalVehicle
410730;08:01:43;634266.520278123 5803737.794336154;630594.5984505939 5800642.87373653;PersonalVehicle
1015726;08:01:44;625495.2665135056 5806727.877555828;626024.0704118873 5805327.48144709;PersonalVehicle
1079719;08:01:44;629646.46160515 5802574.391423464;626800.5272888611 5801457.46801315;PersonalVehicle
1074674;08:01:44;628659.908869263 5802487.81050831;627498.1724596496 5810012.366902584;PersonalVehicle
1009370;08:01:45;630242.5782391067 5807002.373528995;625495.2665135056 5806727.877555828;PersonalVehicle
1068861;08:01:47;628287.1370568598 5801608.882289147;629600.9897168197 5801998.347272842;PersonalVehicle
1196443;08:01:48;625506.3564786583 5800324.4571683705;627115.0124997875 5801950.4362037275;PersonalVehicle
1097615;08:01:48;631263.7692353297 5802943.2201254405;628511.1769708943 5803139.722678944;PersonalVehicle
1003451;08:01:48;630642.9372001735 5805823.615994686;630238.7194440908 5805206.096172225;PersonalVehicle
1113197;08:01:49;633672.1088953787 5801895.047217489;628471.7140679384 5805788.647897943;PersonalVehicle
963894;08:01:49;627498.1724596496 5810012.366902584;628414.9496636724 5809774.455531224;PersonalVehicle
1092545;08:01:51;632444.8854620119 5802540.66540923;630649.2637005451 5801877.328387317;PersonalVehicle
1043546;08:01:51;626119.9985212141 5805078.995009709;628546.9150821291 5802340.4554548925;PersonalVehicle
1106655;08:01:51;632160.3513176874 5802083.386798288;632305.5369883943 5802709.495291807;PersonalVehicle
1137692;08:01:52;625506.3564786583 5800324.4571683705;627959.4885748143 5803894.901435474;PersonalVehicle
1069997;08:01:53;630879.4183184978 5803399.536440919;631146.5363624182 5800516.018499291;PersonalVehicle
1058146;08:01:55;630062.1789065314 5803916.715964346;630631.7431361432 5804139.489507478;PersonalVehicle
1076358;08:01:56;628859.8035791036 5801809.702067326;633672.1088953787 5801895.047217489;PersonalVehicle
1013277;08:01:59;630879.49759191 5808116.948800502;630079.7295011429 5807381.5024250625;PersonalVehicle
1034272;08:02:01;627408.3882708598 5804213.5681396;626182.3412342268 5805837.172101415;PersonalVehicle
955138;08:02:02;628482.9579176758 5802984.07183231;625506.3564786583 5800324.4571683705;PersonalVehicle
1082839;08:02:02;626733.0465352145 5800867.149306219;626646.4729383113 5800987.127953702;PersonalVehicle
1101876;08:02:02;632682.5810390527 5804242.2988403775;632060.2055039674 5804039.573515348;PersonalVehicle
1043405;08:02:02;625761.6463562238 5804853.765934603;627396.6022320311 5804751.290854482;PersonalVehicle
1136509;08:02:03;625506.3564786583 5800324.4571683705;626166.7802935593 5803430.0171100395;PersonalVehicle
1007068;08:02:06;631772.9324578681 5806866.563132709;625506.3564786583 5800324.4571683705;PersonalVehicle
1307620;08:02:06;625506.3564786583 5800324.4571683705;631262.3340250545 5800304.050270103;PersonalVehicle
1064057;08:02:07;628096.4451354233 5804843.099062798;625506.3564786583 5800324.4571683705;PersonalVehicle
1049652;08:02:10;626092.3067672737 5803665.080890088;626294.7425787165 5803264.518741311;PersonalVehicle
1096236;08:02:13;630040.991004848 5802517.45870899;630982.4454173122 5802424.679393733;PersonalVehicle
1004042;08:02:13;630872.0811166388 5805729.318792827;630526.5827617384 5805540.850912831;PersonalVehicle
1077769;08:02:15;628973.0262559489 5802326.308545832;630007.1867952306 5801597.368526124;PersonalVehicle
1095297;08:02:16;631217.1332221205 5802418.921309145;625506.3564786583 5800324.4571683705;PersonalVehicle
1106717;08:02:17;632172.2430376766 5802885.021693879;625497.9768328386 5803288.287075527;PersonalVehicle
979991;08:02:17;627498.1724596496 5810012.366902584;630110.1454951254 5804014.466269681;PersonalVehicle
1029062;08:02:18;625506.3564786583 5800324.4571683705;630720.0379470051 5800434.355891578;PersonalVehicle
1062183;08:02:18;628300.6839135606 5805329.245713433;628417.4459971914 5806009.101116729;PersonalVehicle
1071536;08:02:18;631072.9645072652 5803797.896984131;630286.4235234368 5803917.584048769;PersonalVehicle
1107088;08:02:18;632344.2851991064 5803463.914535294;625495.2665135056 5806727.877555828;PersonalVehicle
1079078;08:02:19;629314.0502804493 5801851.173829493;629221.2286101182 5801483.766796162;PersonalVehicle
1287491;08:02:19;625506.3564786583 5800324.4571683705;629738.5451038078 5807355.746526833;PersonalVehicle
1101760;08:02:19;632094.3181150261 5801570.387388824;630665.8995028068 5801918.35224846;PersonalVehicle
1060084;08:02:21;626824.5994041335 5806635.015096397;632357.7464165204 5800288.209577048;PersonalVehicle
1021308;08:02:21;625506.3564786583 5800324.4571683705;629085.4460039801 5802646.277225863;PersonalVehicle
1042085;08:02:22;625801.4993129642 5804640.471975148;626297.9149431967 5804856.438306801;PersonalVehicle
1036455;08:02:22;626824.0195419515 5803291.137565355;627004.1109179694 5803685.470725656;PersonalVehicle
1067547;08:02:23;628711.5114619177 5803502.54773057;625495.2665135056 5806727.877555828;PersonalVehicle
1042654;08:02:23;626679.5206405055 5804489.794790185;625495.2665135056 5806727.877555828;PersonalVehicle
1056303;08:02:25;625506.3564786583 5800324.4571683705;625922.7062411825 5806145.444454399;PersonalVehicle
1097098;08:02:25;631160.9006188572 5803074.97524029;625495.2665135056 5806727.877555828;PersonalVehicle
1013316;08:02:26;630521.2938531572 5808519.07836326;631913.9173730104 5808124.069404383;PersonalVehicle
1006651;08:02:30;631913.9173730104 5808124.069404383;631441.6461739292 5807250.673749555;PersonalVehicle
1122601;08:02:30;632357.7464165204 5800288.209577048;631414.1549233387 5803086.363089456;PersonalVehicle
1096904;08:02:31;632357.7464165204 5800288.209577048;631412.1035485375 5803032.769422171;PersonalVehicle
1071413;08:02:32;630030.0982738672 5803091.1017303895;627940.7161285146 5804363.591855419;PersonalVehicle
979467;08:02:34;625495.2665135056 5806727.877555828;631357.5287934716 5803859.142648059;PersonalVehicle
1037328;08:02:35;627195.8443059674 5803348.926215776;629044.0771215068 5801905.521872942;PersonalVehicle
1014868;08:02:36;628508.7126136618 5809136.691445567;631913.9173730104 5808124.069404383;PersonalVehicle
1010166;08:02:37;629837.0149560485 5806250.074909251;630198.9420242606 5805466.735007281;PersonalVehicle
1099204;08:02:37;631147.6162430774 5800928.170110767;630377.2935286161 5799276.878224155;PersonalVehicle
1103130;08:02:37;631883.5865694165 5804436.936828255;632357.7464165204 5800288.209577048;PersonalVehicle
1475495;08:02:39;627187.1263662477 5800716.145196633;625506.3564786583 5800324.4571683705;PersonalVehicle
1096488;08:02:41;631276.1960274728 5803225.902352663;631224.8208093704 5802819.170623417;PersonalVehicle
1046777;08:02:43;626090.6119024693 5803862.360687534;632357.7464165204 5800288.209577048;PersonalVehicle
1072945;08:02:44;626582.6865276464 5801273.231949179;628351.4981072164 5802154.670320354;PersonalVehicle
1057323;08:02:45;629416.9935856856 5804065.49716723;629685.306230182 5804346.075893735;PersonalVehicle
1145018;08:02:45;628859.0549250154 5802407.884507777;625506.3564786583 5800324.4571683705;PersonalVehicle
1120189;08:02:45;633672.1088953787 5801895.047217489;630691.9786326269 5801854.233040464;PersonalVehicle
1033920;08:02:46;626696.2373787091 5804238.530425438;627439.0531743611 5805300.577820076;PersonalVehicle
1103326;08:02:46;631146.4661750445 5804596.078871294;629618.7260076373 5803315.239423731;PersonalVehicle
1076670;08:02:48;627467.6501034813 5803485.098770987;628736.4407897535 5802308.942786869;PersonalVehicle
1130904;08:02:48;630377.2935286161 5799276.878224155;628879.8969814407 5803803.779188907;PersonalVehicle
1081116;08:02:51;626960.9692973386 5801740.502961921;630377.2935286161 5799276.878224155;PersonalVehicle
1058129;08:02:51;629805.1082190336 5804051.919184442;631663.0558420566 5802047.3879293725;PersonalVehicle
1038807;08:02:51;626946.0460397727 5803042.486598954;628799.331603419 5802345.7540863175;PersonalVehicle
1070258;08:02:52;629876.8356441057 5803439.646646286;630834.9174137501 5806984.850369673;PersonalVehicle
1123291;08:02:53;633672.1088953787 5801895.047217489;628000.1407752229 5801491.288854668;PersonalVehicle
1162177;08:02:53;631026.4259239018 5802537.836974341;633672.1088953787 5801895.047217489;PersonalVehicle
1041483;08:02:53;626591.3343662131 5804694.300232731;625987.644580144 5803339.9041956095;PersonalVehicle
1098967;08:02:53;631078.5677918931 5801119.776484365;631146.5363624182 5800516.018499291;PersonalVehicle
1049236;08:02:53;625558.7343429539 5803213.871309321;625506.3564786583 5800324.4571683705;PersonalVehicle
1048923;08:02:54;626561.2063616839 5803547.409559739;628433.0881167413 5803938.736948761;PersonalVehicle
1057753;08:02:55;629463.6640433117 5803803.25750021;629150.6835502016 5801961.708298055;PersonalVehicle
1016078;08:02:56;625495.2665135056 5806727.877555828;626857.8087765888 5801412.741019595;PersonalVehicle
1072180;08:02:56;625495.2665135056 5806727.877555828;629876.8356441057 5803439.646646286;PersonalVehicle
1104616;08:02:56;631532.1373165506 5803190.433817352;633672.1088953787 5801895.047217489;PersonalVehicle
1032995;08:02:56;627289.1472539826 5805536.379739989;625495.2665135056 5806727.877555828;PersonalVehicle
1311147;08:02:57;625506.3564786583 5800324.4571683705;629237.9181409625 5804045.247944496;PersonalVehicle
1090412;08:02:57;630377.2935286161 5799276.878224155;626196.568062691 5805307.609213723;PersonalVehicle
1077277;08:02:59;629556.6087280037 5801910.568356579;632357.7464165204 5800288.209577048;PersonalVehicle
1086955;08:02:59;629972.1192925918 5800862.005163197;629519.8457392588 5800862.749711019;PersonalVehicle
1121084;08:02:59;633672.1088953787 5801895.047217489;631778.8267695575 5806902.168178609;PersonalVehicle
1063365;08:03:00;627740.0851806682 5804392.719075405;628550.1405458737 5804726.288647469;PersonalVehicle
1127848;08:03:00;625506.3564786583 5800324.4571683705;629536.6835573732 5801361.511321745;PersonalVehicle
1007165;08:03:01;632008.8220419281 5807135.673110107;630931.4442401731 5806972.716929338;PersonalVehicle
1093993;08:03:01;630092.1301932111 5802192.988014288;632357.7464165204 5800288.209577048;PersonalVehicle
1094698;08:03:03;630456.927166062 5801824.546251789;625506.3564786583 5800324.4571683705;PersonalVehicle
1023590;08:03:03;625506.3564786583 5800324.4571683705;625567.163420602 5803021.806411143;PersonalVehicle
1007583;08:03:04;631603.5169709718 5806360.899430977;631763.6740077853 5807617.275331599;PersonalVehicle
1050021;08:03:05;625558.5122703607 5803213.863978349;626548.6418626475 5803386.855425513;PersonalVehicle
1060564;08:03:06;627706.354547766 5806152.9046088;627498.1724596496 5810012.366902584;PersonalVehicle
936687;08:03:06;625506.3564786583 5800324.4571683705;629459.4840059017 5803789.102699883;PersonalVehicle
943367;08:03:07;625495.2665135056 5806727.877555828;628945.810910687 5804349.875612373;PersonalVehicle
1085387;08:03:10;629331.7877190802 5801082.327306908;625506.3564786583 5800324.4571683705;PersonalVehicle
1071202;08:03:11;630866.3617678819 5803533.677081497;630015.7723452392 5804102.30226664;PersonalVehicle
1087235;08:03:11;629135.717096342 5800545.461645497;625495.2665135056 5806727.877555828;PersonalVehicle
1157308;08:03:13;625506.3564786583 5800324.4571683705;632657.0444704805 5807364.831263591;PersonalVehicle
1033185;08:03:13;627420.2620016041 5805198.675119348;625506.3564786583 5800324.4571683705;PersonalVehicle
1039747;08:03:14;627530.5185621792 5802990.296558706;625506.3564786583 5800324.4571683705;PersonalVehicle
1102160;08:03:14;632388.9858653992 5804124.834604319;632388.9858653992 5804124.834604319;PersonalVehicle
941923;08:03:15;625495.2665135056 5806727.877555828;627747.4342357266 5806194.608809582;PersonalVehicle
1009600;08:03:15;629516.055474712 5806567.170680394;628687.2277675603 5803197.3267749315;PersonalVehicle
1102638;08:03:17;629933.1675328347 5803980.920349578;631424.2696868626 5804909.472974352;PersonalVehicle
1084524;08:03:17;627268.6014520943 5801629.692491013;628061.8346205564 5801945.667856348;PersonalVehicle
1099578;08:03:18;631360.0082029877 5801093.9630144425;627445.3682867626 5801290.475340205;PersonalVehicle
1103506;08:03:18;632227.072473368 5804796.688680882;625506.3564786583 5800324.4571683705;PersonalVehicle
1058281;08:03:19;629244.0471156397 5803903.989630683;630377.2935286161 5799276.878224155;PersonalVehicle
1027750;08:03:19;628823.0686597818 5805005.607247249;625506.3564786583 5800324.4571683705;PersonalVehicle
1048287;08:03:20;626405.1844064122 5803517.042148444;630325.4343313297 5806670.672794148;PersonalVehicle
1060555;08:03:21;628571.7308057259 5805842.722147411;628570.5707278273 5803905.690712721;PersonalVehicle
837163;08:03:21;627498.1724596496 5810012.366902584;627925.627826054 5802046.207524074;PersonalVehicle
1014239;08:03:21;628675.024015839 5809865.990667199;628583.643338742 5809338.583673583;PersonalVehicle
819133;08:03:24;630377.2935286161 5799276.878224155;631450.3701897291 5807281.375009497;PersonalVehicle
1093376;08:03:24;630638.793786332 5802343.475865491;630205.4349720856 5801855.551336012;PersonalVehicle
1085989;08:03:25;629024.965961271 5801219.484297538;625495.2665135056 5806727.877555828;PersonalVehicle
1062014;08:03:27;628042.5291282746 5806170.62092475;629166.7323440537 5804312.680843582;PersonalVehicle
1106797;08:03:27;632353.8046313446 5803418.691008848;627498.1724596496 5810012.366902584;PersonalVehicle
1014315;08:03:28;628392.8955773097 5809386.558185872;628732.5406348103 5808841.161432448;PersonalVehicle
1000409;08:03:29;631913.9173730104 5808124.069404383;626143.306879855 5803786.263252592;PersonalVehicle
1111387;08:03:29;630982.3969120757 5802597.144638936;633672.1088953787 5801895.047217489;PersonalVehicle
1087101;08:03:32;628528.5949570471 5802059.564456978;629779.4968471528 5800649.609889225;PersonalVehicle
1067820;08:03:32;628264.0598215743 5803283.671457961;630781.8925280606 5800933.162112237;PersonalVehicle
1040020;08:03:32;626828.832474306 5802759.223036787;626828.832474306 5802759.223036787;PersonalVehicle
1062663;08:03:33;628524.0931330995 5805285.061082484;628619.8686309935 5805962.819694808;PersonalVehicle
1103185;08:03:34;632022.565459503 5804074.060908275;628055.2217655043 5802755.341956346;PersonalVehicle
906532;08:03:34;625495.2665135056 5806727.877555828;627784.7016921532 5805432.03335449;PersonalVehicle
1139378;08:03:37;625506.3564786583 5800324.4571683705;626528.4160120751 5801859.162716914;PersonalVehicle
1091721;08:03:38;630377.2935286161 5799276.878224155;632216.9686029654 5801495.694304242;PersonalVehicle
1096014;08:03:38;631133.5889483249 5802237.619347324;630123.9852747485 5802664.075647283;PersonalVehicle
1097634;08:03:38;631398.2286022841 5803134.447033431;625506.3564786583 5800324.4571683705;PersonalVehicle
1071254;08:03:38;630962.5328000213 5804281.574389355;634266.520278123 5803737.794336154;PersonalVehicle
1045509;08:03:40;626451.424376066 5804037.6793354945;628980.476393917 5803710.860400502;PersonalVehicle
1079533;08:03:40;629655.6928623015 5801938.605022802;632357.7464165204 5800288.209577048;PersonalVehicle
1035503;08:03:40;627448.9876704551 5804322.777715286;630377.2935286161 5799276.878224155;PersonalVehicle
1099464;08:03:41;631135.3653369064 5800945.884753339;630702.5713716954 5801575.625188146;PersonalVehicle
1103125;08:03:41;631805.9141762662 5803313.597627301;631951.6723948724 5803866.022505352;PersonalVehicle
1087525;08:03:41;632357.7464165204 5800288.209577048;629424.2846763193 5800867.550371755;PersonalVehicle
1032589;08:03:42;627597.8814826279 5805400.8696960155;625495.2665135056 5806727.877555828;PersonalVehicle
1003493;08:03:43;630495.5905277664 5805611.946282582;630376.2111934947 5805359.698613927;PersonalVehicle
1020457;08:03:43;625506.3564786583 5800324.4571683705;631519.8333675037 5801449.037766271;PersonalVehicle
1087114;08:03:44;632357.7464165204 5800288.209577048;629631.9530052689 5801114.26064178;PersonalVehicle
693979;08:03:44;634266.520278123 5803737.794336154;629328.6472022497 5804400.72651118;PersonalVehicle
1097720;08:03:46;631244.646633671 5802867.513599072;631040.4311152642 5803179.164815297;PersonalVehicle
1043568;08:03:46;625524.2718818779 5804666.103768146;625495.2665135056 5806727.877555828;PersonalVehicle
1098319;08:03:46;632357.7464165204 5800288.209577048;631584.2726263416 5801408.329215935;PersonalVehicle
1136806;08:03:46;625506.3564786583 5800324.4571683705;627488.2735981728 5806339.583292818;PersonalVehicle
1095201;08:03:47;631120.1868163518 5802487.77232093;631191.8292384502 5802239.013853323;PersonalVehicle
1012517;08:03:48;631280.9230297236 5806534.2011362165;630726.6546953542 5808760.112288155;PersonalVehicle
1098063;08:03:48;632342.7416969108 5800591.324649301;625506.3564786583 5800324.4571683705;PersonalVehicle
1082754;08:03:49;627454.7359012256 5802325.30145662;626781.8305229826 5801287.57179466;PersonalVehicle
1106423;08:03:50;632334.3839801544 5803258.379954099;632334.3839801544 5803258.379954099;PersonalVehicle
1063354;08:03:51;629906.2848981275 5800838.207038355;628015.9073086311 5804910.606749364;PersonalVehicle
1054158;08:03:51;625506.3564786583 5800324.4571683705;632196.9366764235 5801897.719321703;PersonalVehicle
1200213;08:03:56;625506.3564786583 5800324.4571683705;630594.5984505939 5800642.87373653;PersonalVehicle
1126929;08:03:57;625506.3564786583 5800324.4571683705;628420.7896219989 5803231.789209151;PersonalVehicle
1091664;08:03:57;630377.2935286161 5799276.878224155;628229.0564952134 5802299.893824622;PersonalVehicle
908604;08:03:57;626971.2794955204 5803674.560665109;625495.2665135056 5806727.877555828;PersonalVehicle
1172014;08:03:58;634266.520278123 5803737.794336154;629109.1495284355 5804113.612809945;PersonalVehicle
1094346;08:03:58;630302.1501830821 5802669.456463949;629478.1944993315 5803757.050327799;PersonalVehicle
1002539;08:03:59;627697.2558669227 5802367.86829114;627697.2558669227 5802367.86829114;PersonalVehicle
1067606;08:03:59;629781.4661902022 5801324.431333182;630377.2935286161 5799276.878224155;PersonalVehicle
855773;08:04:00;632064.2764652934 5807309.5125034945;631913.9173730104 5808124.069404383;PersonalVehicle
1095107;08:04:00;631007.0602151271 5802159.120558496;631316.3921788683 5802351.906590624;PersonalVehicle
1150740;08:04:03;625506.3564786583 5800324.4571683705;629029.1432737869 5804474.299665507;PersonalVehicle
1101368;08:04:03;633140.235010663 5801324.374656681;634266.520278123 5803737.794336154;PersonalVehicle
1093734;08:04:05;629951.1082017723 5802332.272738038;625506.3564786583 5800324.4571683705;PersonalVehicle
1049664;08:04:05;626550.5217330974 5803366.375256049;625495.2665135056 5806727.877555828;PersonalVehicle
1101520;08:04:05;631722.5455632652 5802263.355921814;632380.2929848533 5801872.117871959;PersonalVehicle
1080289;08:04:05;629541.9897933914 5802592.399615755;625506.3564786583 5800324.4571683705;PersonalVehicle
1051016;08:04:07;626328.2132692597 5803023.402624538;625495.2665135056 5806727.877555828;PersonalVehicle
1098991;08:04:09;631121.2117603165 5801015.13724386;625506.3564786583 5800324.4571683705;PersonalVehicle
1159234;08:04:09;634266.520278123 5803737.794336154;631605.4593843968 5807006.929617276;PersonalVehicle
1086958;08:04:11;629775.184423604 5800777.941431404;628908.0083016613 5804344.456676913;PersonalVehicle
1158872;08:04:12;634266.520278123 5803737.794336154;628339.7576132361 5805991.246896842;PersonalVehicle
1040016;08:04:12;627733.7892938432 5803269.919745821;626669.3043389944 5802665.572194076;PersonalVehicle
1069678;08:04:13;632435.1996578074 5803445.833245167;630455.6238575126 5804024.972033486;PersonalVehicle
1039150;08:04:16;627491.4581270865 5802972.083002162;630377.2935286161 5799276.878224155;PersonalVehicle
1070608;08:04:17;630421.0163605781 5803128.011703722;631913.9173730104 5808124.069404383;PersonalVehicle
1061667;08:04:18;627660.8396496404 5806269.14445733;627409.2217437754 5806141.048665293;PersonalVehicle
984793;08:04:18;630301.1183045359 5807729.802160326;631913.9173730104 5808124.069404383;PersonalVehicle
1070096;08:04:18;630607.106885769 5803795.552001166;626215.003536741 5801691.144678274;PersonalVehicle
1909268;08:04:19;631188.7965236193 5803438.762488558;625506.3564786583 5800324.4571683705;PersonalVehicle
1077207;08:04:20;629288.0387498455 5802296.449465949;625506.3564786583 5800324.4571683705;PersonalVehicle
1127083;08:04:22;625506.3564786583 5800324.4571683705;626589.1492414121 5800999.644693464;PersonalVehicle
781532;08:04:22;633672.1088953787 5801895.047217489;630939.169848872 5801434.754069107;PersonalVehicle
1126795;08:04:23;625506.3564786583 5800324.4571683705;630073.7967439695 5803441.307933769;PersonalVehicle
994087;08:04:24;631913.9173730104 5808124.069404383;629463.6640433117 5803803.25750021;PersonalVehicle
1469574;08:04:24;625506.3564786583 5800324.4571683705;627832.5932368103 5802703.276597444;PersonalVehicle
1018785;08:04:24;625506.3564786583 5800324.4571683705;626092.4670581202 5802931.179290938;PersonalVehicle
1095149;08:04:26;630812.1883688553 5802285.199851086;631060.1393707584 5802619.585715926;PersonalVehicle
903410;08:04:27;625495.2665135056 5806727.877555828;631992.7876516499 5802266.344234673;PersonalVehicle
999666;08:04:27;627498.1724596496 5810012.366902584;626585.9798024639 5803276.179772103;PersonalVehicle
1054877;08:04:28;626248.6757681359 5801072.4953371845;625506.3564786583 5800324.4571683705;PersonalVehicle
1062624;08:04:31;628318.8793753282 5805811.721802501;629316.2136696364 5803986.878409685;PersonalVehicle
860840;08:04:32;631913.9173730104 5808124.069404383;627706.1466351827 5802224.467172138;PersonalVehicle
1025805;08:04:34;625495.2665135056 5806727.877555828;628520.6681721008 5802936.158608971;PersonalVehicle
1066627;08:04:34;626793.3634790293 5802867.081214468;627700.9203828773 5804211.033643247;PersonalVehicle
1107010;08:04:34;632074.5417692002 5803339.921795378;630008.2435630909 5802772.109865384;PersonalVehicle
394398;08:04:35;634266.520278123 5803737.794336154;626255.1136157031 5803246.704181978;PersonalVehicle
1063412;08:04:36;628655.0467464194 5804609.194257609;627498.1724596496 5810012.366902584;PersonalVehicle
1086205;08:04:36;628538.7405789667 5801314.8544627335;629194.1061695443 5801096.706536496;PersonalVehicle
1010002;08:04:36;630381.2878864082 5806564.72002534;630242.5782391067 5807002.373528995;PersonalVehicle
1069774;08:04:38;627498.1724596496 5810012.366902584;630871.5398606808 5804414.046846632;PersonalVehicle
1154879;08:04:41;625506.3564786583 5800324.4571683705;628403.9857081538 5803541.045274603;PersonalVehicle
1103905;08:04:41;631746.6266387097 5803032.671941893;625506.3564786583 5800324.4571683705;PersonalVehicle
1010166;08:04:42;630198.9420242606 5805466.735007281;629837.0149560485 5806250.074909251;PersonalVehicle
973395;08:04:43;625495.2665135056 5806727.877555828;628371.0127806125 5802434.875679951;PersonalVehicle
1102898;08:04:43;632006.3527698994 5803755.177665648;625495.2665135056 5806727.877555828;PersonalVehicle
1098159;08:04:43;630773.9505543387 5801145.592452292;631295.9361894759 5802046.304557192;PersonalVehicle
1083583;08:04:44;627731.147786373 5800929.55918085;625495.2665135056 5806727.877555828;PersonalVehicle
435079;08:04:44;634266.520278123 5803737.794336154;629440.3925372658 5800896.473392908;PersonalVehicle
1050079;08:04:47;626176.8003665131 5803696.969628724;626249.1302678707 5803332.275898115;PersonalVehicle
1049904;08:04:47;626612.276297984 5803686.152200291;627880.3339889025 5803112.495966501;PersonalVehicle
1060411;08:04:47;627410.1913808128 5805506.985080882;627708.8540652463 5806076.965340294;PersonalVehicle
1099233;08:04:47;632599.2391344612 5802008.065234969;632357.7464165204 5800288.209577048;PersonalVehicle
1049065;08:04:49;626592.014527058 5803518.246885907;627741.7944787518 5802268.7270896;PersonalVehicle
1011224;08:04:52;629242.964816276 5808378.484055926;628255.3012627277 5808253.953411701;PersonalVehicle
1072438;08:04:54;629910.3751540739 5804606.00525353;629538.4583293719 5804042.883132188;PersonalVehicle
1032069;08:04:55;627183.0414973344 5804388.941644715;628528.7952446765 5806016.4826720385;PersonalVehicle
1101799;08:04:55;631810.320113936 5804719.8165764455;631794.5899009233 5804797.174059304;PersonalVehicle
1032814;08:04:57;627407.1452510629 5805087.824109371;628309.1979548003 5805341.419114633;PersonalVehicle
1018600;08:04:57;625495.2665135056 5806727.877555828;627699.0967736403 5804538.695305792;PersonalVehicle
1048047;08:04:58;625979.6916740705 5803461.811684442;625506.3564786583 5800324.4571683705;PersonalVehicle
1037266;08:04:59;627374.1011623346 5803413.256112698;625495.2665135056 5806727.877555828;PersonalVehicle
1040418;08:04:59;627612.1335507334 5803103.204250808;626456.5125784583 5802474.9841529075;PersonalVehicle
1104892;08:05:02;631624.1719810105 5803104.158606362;625495.2665135056 5806727.877555828;PersonalVehicle
1080299;08:05:04;629523.3416520708 5802207.265818144;629709.6836099715 5802380.927772075;PersonalVehicle
1057435;08:05:06;625495.2665135056 5806727.877555828;629244.0471156397 5803903.989630683;PersonalVehicle
1146319;08:05:06;631767.192707417 5803064.628158504;625495.2665135056 5806727.877555828;PersonalVehicle
1058784;08:05:07;629008.9119419787 5804662.890941432;625495.2665135056 5806727.877555828;PersonalVehicle
1106657;08:05:07;632357.7464165204 5800288.209577048;632499.6724610117 5803335.404330061;PersonalVehicle
1082381;08:05:07;627147.2602857491 5801092.417190718;625506.3564786583 5800324.4571683705;PersonalVehicle
1063401;08:05:08;627958.6742426736 5804892.122404978;625506.3564786583 5800324.4571683705;PersonalVehicle
1038480;08:05:11;626988.1992531195 5803264.824365294;629066.7504877641 5801007.535301028;PersonalVehicle
1069437;08:05:11;629298.3270970725 5802671.860022938;629519.8457392588 5800862.749711019;PersonalVehicle
1081026;08:05:13;626310.9227911005 5802081.889950912;626653.9377063997 5801216.991348696;PersonalVehicle
1084713;08:05:13;627213.6798791513 5801621.099242301;630576.1991593352 5805762.771093416;PersonalVehicle
1013791;08:05:13;632495.0788370906 5807570.505376018;632357.7464165204 5800288.209577048;PersonalVehicle
1130085;08:05:15;625506.3564786583 5800324.4571683705;629014.1343424581 5803525.477106898;PersonalVehicle
1093634;08:05:17;629820.1611920663 5802865.994590442;630623.9464027983 5801877.085659178;PersonalVehicle
1086123;08:05:19;628898.4300689405 5800884.165325745;629960.5799837377 5801345.946022605;PersonalVehicle
1026980;08:05:19;625506.3564786583 5800324.4571683705;631127.7669967281 5800535.774680267;PersonalVehicle
1120305;08:05:21;633672.1088953787 5801895.047217489;626582.8781516935 5803621.502098838;PersonalVehicle
438323;08:05:21;634266.520278123 5803737.794336154;625786.6496402519 5806692.477726225;PersonalVehicle
1033412;08:05:22;627484.7306260543 5805495.659397843;628090.083719987 5805721.920416123;PersonalVehicle
953463;08:05:22;628585.8049475907 5801971.435891564;628585.8049475907 5801971.435891564;PersonalVehicle
1098159;08:05:24;631295.9361894759 5802046.304557192;631154.2268073 5803575.92431042;PersonalVehicle
1003619;08:05:24;631222.9421514547 5805497.728359184;630753.7700357462 5808296.97295538;PersonalVehicle
1112716;08:05:24;632357.7464165204 5800288.209577048;628918.1479889206 5804976.374964819;PersonalVehicle
962212;08:05:25;625495.2665135056 5806727.877555828;629491.151941918 5803788.824715618;PersonalVehicle
1098323;08:05:26;627498.1724596496 5810012.366902584;631295.9361894759 5802046.304557192;PersonalVehicle
1038135;08:05:26;625495.2665135056 5806727.877555828;627123.6258263682 5803604.712373795;PersonalVehicle
1101843;08:05:27;632568.8407389352 5804440.317818448;632378.6253241854 5803812.499544648;PersonalVehicle
1049853;08:05:27;626981.4836609063 5803403.8787643;626154.3889247621 5803154.382252525;PersonalVehicle
1004382;08:05:28;628576.7153664533 5803964.521432342;630117.6102555951 5805275.438186012;PersonalVehicle
1006507;08:05:29;631452.227477807 5807283.703979947;630110.7053655072 5803523.6086120475;PersonalVehicle
1024672;08:05:29;625495.2665135056 5806727.877555828;628665.8830258293 5801880.557967608;PersonalVehicle
973455;08:05:29;627498.1724596496 5810012.366902584;631278.7066145763 5803891.660677357;PersonalVehicle
649143;08:05:29;632357.7464165204 5800288.209577048;632238.1039194429 5800548.2486396795;PersonalVehicle
1068031;08:05:30;628196.5298714108 5803160.606701081;628978.159099766 5802721.846930819;PersonalVehicle
973089;08:05:31;627498.1724596496 5810012.366902584;628549.5103045915 5803197.087260104;PersonalVehicle
1111792;08:05:32;632357.7464165204 5800288.209577048;630862.8116006078 5801454.617064643;PersonalVehicle
1191437;08:05:34;633672.1088953787 5801895.047217489;631707.4819465065 5806347.985130796;PersonalVehicle
1106459;08:05:35;632397.3687882968 5803087.882501804;625506.3564786583 5800324.4571683705;PersonalVehicle
1070459;08:05:35;630073.7967439695 5803441.307933769;634266.520278123 5803737.794336154;PersonalVehicle
1046718;08:05:36;625870.8163258806 5804265.992032343;631221.6310112656 5808207.049388283;PersonalVehicle
1049159;08:05:36;625979.6916740705 5803461.811684442;626341.0664022268 5803488.598781591;PersonalVehicle
1033632;08:05:37;627750.0504527101 5806068.471502695;625506.3564786583 5800324.4571683705;PersonalVehicle
1100141;08:05:37;631445.3375935568 5802323.262266159;632006.19253458 5802370.197810069;PersonalVehicle
757802;08:05:38;633672.1088953787 5801895.047217489;630572.6769436818 5801012.759034143;PersonalVehicle
1099994;08:05:39;632372.4106718381 5801956.2490936;631985.2380090872 5801460.8531070985;PersonalVehicle
1107638;08:05:40;632563.4534337461 5803570.072996215;628868.6426119012 5809587.179568711;PersonalVehicle
1000318;08:05:42;631913.9173730104 5808124.069404383;629976.7823694891 5805918.094407288;PersonalVehicle
910967;08:05:42;625495.2665135056 5806727.877555828;631806.6651933256 5806723.583987458;PersonalVehicle
1062751;08:05:42;627674.6279798602 5806165.5427015945;628528.3643654267 5802115.570827912;PersonalVehicle
937031;08:05:43;625506.3564786583 5800324.4571683705;629814.6495897418 5804011.591527128;PersonalVehicle
1033910;08:05:45;627259.4905391041 5804829.402894758;625506.3564786583 5800324.4571683705;PersonalVehicle
1064157;08:05:46;627807.0972263855 5804307.660365084;628041.8161435733 5805280.7739971895;PersonalVehicle
1097209;08:05:46;631043.6671680873 5803315.796477692;625506.3564786583 5800324.4571683705;PersonalVehicle
1050968;08:05:48;626156.7851540523 5802319.759473536;625506.3564786583 5800324.4571683705;PersonalVehicle
386392;08:05:49;634266.520278123 5803737.794336154;630852.2188352665 5804002.42429097;PersonalVehicle
867637;08:05:51;627498.1724596496 5810012.366902584;630203.5251460515 5803716.069650716;PersonalVehicle
1101879;08:05:52;630152.3845216504 5804004.20299961;631648.3907936036 5804482.991422241;PersonalVehicle
1086828;08:05:52;628900.4364307412 5801362.114936661;628789.9437962289 5801205.049942176;PersonalVehicle
1021523;08:05:53;628922.1157043936 5801768.005688698;625506.3564786583 5800324.4571683705;PersonalVehicle
1088681;08:05:53;629625.7541420364 5800841.728620836;629142.6582169881 5801349.434865094;PersonalVehicle
1027542;08:05:53;625506.3564786583 5800324.4571683705;627638.5627230589 5800629.378736339;PersonalVehicle
1152843;08:05:53;625506.3564786583 5800324.4571683705;627657.9617500855 5805333.028434928;PersonalVehicle
1015454;08:05:54;628926.3985749446 5809022.2306315545;630412.9915981499 5805611.7051531905;PersonalVehicle
1011187;08:05:55;625495.2665135056 5806727.877555828;627637.7268591886 5809049.64437673;PersonalVehicle
1038766;08:05:56;627197.9014019959 5802890.853819187;626953.7409484964 5802813.615647738;PersonalVehicle
1027921;08:05:56;628042.5712021396 5804727.439422182;625506.3564786583 5800324.4571683705;PersonalVehicle
1093427;08:05:57;630557.275385646 5801841.896920178;631302.8090689471 5806449.910428992;PersonalVehicle
1010488;08:05:57;630149.6717939611 5806006.821828407;629948.0608098981 5805712.836162032;PersonalVehicle
1104305;08:05:58;632047.2101322062 5803234.563802289;631852.4293243742 5803074.3544431655;PersonalVehicle
852602;08:05:58;631913.9173730104 5808124.069404383;625497.6214312972 5803299.05760023;PersonalVehicle
843510;08:05:58;628235.9482679171 5805169.733664291;631913.9173730104 5808124.069404383;PersonalVehicle
1102748;08:05:59;630261.5426054887 5801691.042020635;631940.6203810052 5803988.7116727065;PersonalVehicle
962389;08:05:59;629300.3526588707 5809322.781754832;627498.1724596496 5810012.366902584;PersonalVehicle
1014350;08:05:59;628377.5134507602 5809548.1606776295;631913.9173730104 5808124.069404383;PersonalVehicle
1084395;08:06:00;632014.5515943599 5800474.609423232;627249.0216417139 5801321.73517631;PersonalVehicle
1072396;08:06:00;625495.2665135056 5806727.877555828;629321.9010226668 5803781.238502896;PersonalVehicle
1037995;08:06:02;625506.3564786583 5800324.4571683705;626741.053608374 5803070.873139913;PersonalVehicle
1061553;08:06:03;627598.9232224707 5807405.151688422;625495.2665135056 5806727.877555828;PersonalVehicle
1160493;08:06:04;633672.1088953787 5801895.047217489;627891.6586098714 5801264.527165352;PersonalVehicle
1114154;08:06:04;632357.7464165204 5800288.209577048;628365.5758901542 5803350.7130286675;PersonalVehicle
1019322;08:06:04;625495.2665135056 5806727.877555828;628420.7896219989 5803231.789209151;PersonalVehicle
1039477;08:06:09;627796.1193585279 5803399.807263916;628424.8100247604 5801997.415672171;PersonalVehicle
1037514;08:06:11;627212.6844404249 5803427.700996554;625506.3564786583 5800324.4571683705;PersonalVehicle
1046481;08:06:11;626491.0472927026 5804535.575463798;626093.6819373168 5805396.425805873;PersonalVehicle
1133406;08:06:12;625506.3564786583 5800324.4571683705;628823.1916302599 5804515.424383389;PersonalVehicle
1008615;08:06:13;632394.7566727846 5807518.543293231;629429.5247407985 5803886.615050749;PersonalVehicle
1011946;08:06:16;627695.4949227086 5809074.157887154;630140.8996497467 5806207.13391805;PersonalVehicle
1096255;08:06:19;630868.6198858229 5802050.374128708;632357.7464165204 5800288.209577048;PersonalVehicle
1033946;08:06:19;628270.0887971978 5805485.933805404;627334.8720970689 5804163.605304875;PersonalVehicle
989288;08:06:19;631913.9173730104 5808124.069404383;630478.1217231584 5802331.176528635;PersonalVehicle
1072874;08:06:22;628116.117504026 5802808.530241663;627372.963013451 5801296.152511149;PersonalVehicle
1067762;08:06:22;628675.8865551268 5803300.069961404;629034.0868726616 5802717.189718093;PersonalVehicle
1077255;08:06:23;629037.1613468513 5802258.93781558;629550.4845368024 5801851.662519751;PersonalVehicle
1068130;08:06:23;628417.7513606703 5803032.929067498;629044.2525553426 5803039.880496946;PersonalVehicle
1087490;08:06:24;630377.2935286161 5799276.878224155;630136.9378450923 5800854.002671952;PersonalVehicle
995539;08:06:24;631913.9173730104 5808124.069404383;629272.7619191762 5804311.644781924;PersonalVehicle
995639;08:06:24;631913.9173730104 5808124.069404383;630064.6772641637 5803916.798410887;PersonalVehicle
1078349;08:06:24;629263.8131214719 5801916.380437255;625506.3564786583 5800324.4571683705;PersonalVehicle
1034889;08:06:25;627129.5325782453 5803951.492482465;627129.5325782453 5803951.492482465;PersonalVehicle
1013413;08:06:28;630852.669981876 5808545.424117312;630659.2065660562 5808318.315878374;PersonalVehicle
977778;08:06:30;625495.2665135056 5806727.877555828;629492.6768506025 5802848.156491457;PersonalVehicle
914898;08:06:30;625495.2665135056 5806727.877555828;627791.275072304 5800812.439747916;PersonalVehicle
1077251;08:06:30;629580.3839002594 5801805.794928909;630883.0241560133 5799890.383630401;PersonalVehicle
1055062;08:06:30;625495.2665135056 5806727.877555828;628932.7383574331 5803207.989740582;PersonalVehicle
1059668;08:06:31;628693.7708845594 5803602.181188424;629895.986254413 5800731.470118859;PersonalVehicle
1105243;08:06:31;631971.5231304701 5802639.940005416;631670.2956194375 5802944.004373795;PersonalVehicle
846360;08:06:32;631913.9173730104 5808124.069404383;629968.7459051256 5805819.328395042;PersonalVehicle
1343023;08:06:32;628818.460170952 5802960.853163572;625506.3564786583 5800324.4571683705;PersonalVehicle
991779;08:06:33;631913.9173730104 5808124.069404383;631899.8122656018 5803877.766937723;PersonalVehicle
1010331;08:06:33;630082.5848199504 5807076.515713253;630173.1612975112 5806693.624826975;PersonalVehicle
1078811;08:06:33;629665.2896031037 5802514.806384233;627498.1724596496 5810012.366902584;PersonalVehicle
1071679;08:06:34;627906.1990667704 5804771.150551964;630082.6825467759 5803003.003171872;PersonalVehicle
1062312;08:06:37;627341.7502021272 5806224.602511155;628298.6117531313 5805973.643713682;PersonalVehicle
1081963;08:06:39;626333.3533939956 5801331.733884171;625506.3564786583 5800324.4571683705;PersonalVehicle
1012749;08:06:43;629204.2192710801 5803663.169703636;630281.5225013152 5808365.663302671;PersonalVehicle
1102331;08:06:43;631799.032111989 5804147.258335682;625506.3564786583 5800324.4571683705;PersonalVehicle
1047538;08:06:45;625905.3928707725 5803606.718959071;627443.1597435483 5803627.723118464;PersonalVehicle
1049835;08:06:47;625864.4504171557 5803760.072129971;626412.117274209 5803283.448138025;PersonalVehicle
824819;08:06:47;626611.8433045214 5803954.232677392;632357.7464165204 5800288.209577048;PersonalVehicle
1035065;08:06:48;627721.4114627776 5804968.803702994;625506.3564786583 5800324.4571683705;PersonalVehicle
1000024;08:06:50;629614.6332637827 5809222.372469593;631913.9173730104 5808124.069404383;PersonalVehicle
1007748;08:06:50;631061.7743340415 5806290.40537486;625506.3564786583 5800324.4571683705;PersonalVehicle
1047402;08:06:51;626614.7199872634 5803315.2441132;626054.9761278367 5803193.8014450455;PersonalVehicle
1068861;08:06:51;629600.9897168197 5801998.347272842;628287.1370568598 5801608.882289147;PersonalVehicle
1555286;08:06:52;625506.3564786583 5800324.4571683705;629315.9404174233 5804499.872728494;PersonalVehicle
1030932;08:06:53;625506.3564786583 5800324.4571683705;628806.052700866 5804597.031321321;PersonalVehicle
1051047;08:06:53;626162.16846553 5802047.919603597;625506.3564786583 5800324.4571683705;PersonalVehicle
898730;08:06:54;625495.2665135056 5806727.877555828;627781.5378372441 5802025.1847431995;PersonalVehicle
1011570;08:06:54;634266.520278123 5803737.794336154;627301.4119184457 5808818.375962956;PersonalVehicle
1121075;08:06:55;633672.1088953787 5801895.047217489;629560.2312645625 5801655.7522648;PersonalVehicle
1030501;08:06:56;625506.3564786583 5800324.4571683705;628117.5918194952 5802704.180933349;PersonalVehicle
1042966;08:06:56;626157.7332350763 5805228.969128136;626744.4737926407 5805437.9992138455;PersonalVehicle
1103202;08:06:57;632338.7974968109 5803790.213834602;632061.9186448583 5804679.073287789;PersonalVehicle
1063524;08:06:58;628263.2846214544 5805205.112613313;632357.7464165204 5800288.209577048;PersonalVehicle
1079148;08:06:58;629667.5533569014 5802386.908040831;631913.9173730104 5808124.069404383;PersonalVehicle
1076974;08:06:58;629542.9157833144 5801885.959729101;625506.3564786583 5800324.4571683705;PersonalVehicle
1009481;08:06:59;629841.0008353067 5807102.997128087;629841.0008353067 5807102.997128087;PersonalVehicle
1070076;08:07:00;634266.520278123 5803737.794336154;630143.4896950861 5803092.842581437;PersonalVehicle
1476986;08:07:00;625506.3564786583 5800324.4571683705;628682.7040691623 5802870.739830518;PersonalVehicle
1035237;08:07:00;627104.8278275854 5803911.910907995;625506.3564786583 5800324.4571683705;PersonalVehicle
1048623;08:07:00;626149.446271943 5803342.909009363;628463.2779207972 5802052.552816257;PersonalVehicle
1038678;08:07:03;626791.1979332872 5801362.467706269;627950.3654304967 5803034.234970985;PersonalVehicle
1087096;08:07:03;629495.4106501531 5800799.514881146;629085.5715945011 5804695.417157936;PersonalVehicle
1024787;08:07:07;625495.2665135056 5806727.877555828;628685.1444045644 5804778.967238767;PersonalVehicle
1034309;08:07:07;627624.1137405988 5804678.508806137;631804.0613152804 5801402.9560091635;PersonalVehicle
1293515;08:07:08;625506.3564786583 5800324.4571683705;627759.711739664 5802219.204860039;PersonalVehicle
909979;08:07:09;625495.2665135056 5806727.877555828;627086.3143672284 5801998.065077651;PersonalVehicle
1058144;08:07:09;630057.5358647549 5803955.2318992475;630163.8363144005 5803754.728993908;PersonalVehicle
1014633;08:07:10;628755.5957653994 5809121.277072287;628096.9132645507 5809225.000790751;PersonalVehicle
1070024;08:07:11;629586.9514418329 5803200.732158222;629501.4460728659 5804305.4971183585;PersonalVehicle
1046316;08:07:11;632357.7464165204 5800288.209577048;625916.1542610014 5803897.54501689;PersonalVehicle
1073181;08:07:12;625506.3564786583 5800324.4571683705;628319.3348319702 5802361.401251158;PersonalVehicle
1191404;08:07:13;633672.1088953787 5801895.047217489;630870.3128725903 5804150.123270696;PersonalVehicle
1111452;08:07:14;633672.1088953787 5801895.047217489;629431.331693465 5800727.787710922;PersonalVehicle
1077448;08:07:15;629530.2859468767 5801994.415116275;628435.665531471 5803283.023825721;PersonalVehicle
1070509;08:07:16;627777.0588115668 5804959.071260529;630524.1203308481 5803272.7466077255;PersonalVehicle
1064466;08:07:17;628427.927537875 5804486.087952771;628797.1033403026 5804823.6424568985;PersonalVehicle
1004616;08:07:17;630481.8213631215 5801150.406262091;630481.8213631215 5801150.406262091;PersonalVehicle
1105911;08:07:20;631913.9173730104 5808124.069404383;631596.9840384307 5803440.565353929;PersonalVehicle
1100558;08:07:20;632092.5374420538 5802284.100220081;631308.4577765593 5802854.082535025;PersonalVehicle
1032589;08:07:21;625495.2665135056 5806727.877555828;627597.8814826279 5805400.8696960155;PersonalVehicle
1034166;08:07:22;627439.4578551259 5804420.013442799;629314.0502804493 5801851.173829493;PersonalVehicle
1061232;08:07:23;627488.0774731485 5806085.063231122;627456.1969587618 5806693.798965411;PersonalVehicle
1137252;08:07:23;625506.3564786583 5800324.4571683705;630316.7396930291 5806860.455908051;PersonalVehicle
1102207;08:07:25;629927.992177847 5802368.807820822;631064.3935829846 5804638.5793979075;PersonalVehicle
1009282;08:07:26;630149.7640522467 5806115.744129339;630217.911032884 5806216.5379453255;PersonalVehicle
1044428;08:07:26;626747.2778411189 5804624.746564734;627893.7687818287 5804201.68292177;PersonalVehicle
958983;08:07:27;625506.3564786583 5800324.4571683705;628848.6072049506 5801763.089778456;PersonalVehicle
1038264;08:07:28;627070.5163948091 5803364.929904965;628304.5861049169 5801985.683905159;PersonalVehicle
1014070;08:07:30;630368.9025370738 5808317.668058873;630809.3319283016 5808343.900572447;PersonalVehicle
1117126;08:07:30;634266.520278123 5803737.794336154;632284.3249511616 5802079.740197481;PersonalVehicle
1013749;08:07:30;630701.9713461874 5808191.815354846;630566.9009535888 5807407.208626386;PersonalVehicle
1010024;08:07:31;631924.2924609857 5807647.574273283;630134.9152814725 5805948.458219733;PersonalVehicle
716351;08:07:32;634266.520278123 5803737.794336154;628058.5613245782 5805327.443443531;PersonalVehicle
1082979;08:07:33;627026.1458431158 5801237.847226516;629361.637791141 5804388.80971441;PersonalVehicle
840186;08:07:33;627498.1724596496 5810012.366902584;629665.8652439973 5802974.237695646;PersonalVehicle
1069211;08:07:36;628435.665531471 5803283.023825721;628293.4531175091 5805022.155400197;PersonalVehicle
1063021;08:07:36;627723.5272424784 5805465.743592282;625506.3564786583 5800324.4571683705;PersonalVehicle
1893715;08:07:36;632357.7464165204 5800288.209577048;629891.5501061575 5807764.308142089;PersonalVehicle
1132272;08:07:37;625506.3564786583 5800324.4571683705;626064.9212874374 5803749.919752986;PersonalVehicle
1013683;08:07:38;630489.8021907796 5807642.433038068;628724.3166824582 5801852.458956172;PersonalVehicle
1053340;08:07:39;625506.3564786583 5800324.4571683705;626168.6086416508 5806218.019602774;PersonalVehicle
1019623;08:07:43;625495.2665135056 5806727.877555828;627846.8069688345 5804116.556093054;PersonalVehicle
1051680;08:07:44;626217.188283476 5802195.550074621;626032.4520946976 5802037.505753845;PersonalVehicle
1121959;08:07:44;633672.1088953787 5801895.047217489;629438.7180406158 5801397.08257064;PersonalVehicle
714073;08:07:45;634266.520278123 5803737.794336154;627905.7079894593 5801335.987787721;PersonalVehicle
1043413;08:07:45;626718.4465933923 5804715.51243972;625495.2665135056 5806727.877555828;PersonalVehicle
1352682;08:07:46;627876.3760570085 5804077.850927761;625506.3564786583 5800324.4571683705;PersonalVehicle
1071944;08:07:47;629829.9136139923 5802807.576807542;625506.3564786583 5800324.4571683705;PersonalVehicle
909696;08:07:48;625495.2665135056 5806727.877555828;630877.6247337714 5804358.506794748;PersonalVehicle
1106159;08:07:48;632934.0969357269 5803525.565145561;633672.1088953787 5801895.047217489;PersonalVehicle
1040266;08:07:49;627416.3345616511 5803081.023448457;628371.0127806125 5802434.875679951;PersonalVehicle
1028233;08:07:49;627135.6084476402 5805271.685664541;625506.3564786583 5800324.4571683705;PersonalVehicle
1034191;08:07:54;627727.9328945053 5805193.3899493655;629321.9010226668 5803781.238502896;PersonalVehicle
1093395;08:07:55;630452.260906876 5801914.283616066;632059.3856621187 5801611.336668034;PersonalVehicle
992262;08:07:55;631913.9173730104 5808124.069404383;631346.0515017655 5803937.451042252;PersonalVehicle
1027735;08:07:55;625800.809120533 5805321.823380041;625506.3564786583 5800324.4571683705;PersonalVehicle
1062604;08:07:56;625904.4018598647 5804991.155401486;628270.0887971978 5805485.933805404;PersonalVehicle
1079981;08:07:56;629709.8347905404 5801833.597288324;629098.4387531774 5804097.127440303;PersonalVehicle
982574;08:07:57;627456.0318618078 5806875.015577819;627498.1724596496 5810012.366902584;PersonalVehicle
1056220;08:07:57;625495.2665135056 5806727.877555828;628924.8771785505 5803010.674488395;PersonalVehicle
1106752;08:07:59;632491.5426754111 5803309.80067586;632491.5426754111 5803309.80067586;PersonalVehicle
1065445;08:07:59;628031.8412635439 5804598.948744928;628282.404575583 5805069.881055745;PersonalVehicle
1037908;08:07:59;627420.1091316497 5803813.10909015;625506.3564786583 5800324.4571683705;PersonalVehicle
1009486;08:08:00;630438.7321724915 5806786.878143917;629374.049945615 5805757.008277338;PersonalVehicle
1144101;08:08:01;625506.3564786583 5800324.4571683705;628674.8658234421 5803773.823896288;PersonalVehicle
1102770;08:08:02;632061.5755864811 5803770.144302011;625506.3564786583 5800324.4571683705;PersonalVehicle
846594;08:08:03;631913.9173730104 5808124.069404383;626530.1249390959 5803817.305481827;PersonalVehicle
998499;08:08:04;631913.9173730104 5808124.069404383;630276.8647831699 5807859.906750883;PersonalVehicle
1048123;08:08:05;625956.5098713795 5803570.973498624;628435.665531471 5803283.023825721;PersonalVehicle
999666;08:08:05;626585.9798024639 5803276.179772103;626034.05031372 5803316.003317881;PersonalVehicle
1002625;08:08:06;630576.1991593352 5805762.771093416;629702.9171951998 5807248.963153125;PersonalVehicle
1105672;08:08:06;631709.6487887643 5803014.666623065;630302.1735403948 5802994.303948588;PersonalVehicle
1037100;08:08:06;626959.5062730716 5803526.538716661;631913.9173730104 5808124.069404383;PersonalVehicle
1104305;08:08:08;631852.4293243742 5803074.3544431655;632047.2101322062 5803234.563802289;PersonalVehicle
1071217;08:08:09;632357.7464165204 5800288.209577048;630045.5952943034 5803596.387916539;PersonalVehicle
1079230;08:08:10;629881.8211133864 5802008.65897401;627277.8036659583 5805298.65071477;PersonalVehicle
1098296;08:08:10;631240.5540151556 5800931.639292668;625506.3564786583 5800324.4571683705;PersonalVehicle
1036837;08:08:11;625506.3564786583 5800324.4571683705;626957.9060235135 5803458.338201716;PersonalVehicle
1634409;08:08:11;632357.7464165204 5800288.209577048;630726.5472686111 5800629.55827261;PersonalVehicle
1104892;08:08:12;632002.715905047 5803097.369360312;631624.1719810105 5803104.158606362;PersonalVehicle
678519;08:08:13;633672.1088953787 5801895.047217489;628743.5274431043 5804021.637628739;PersonalVehicle
1035371;08:08:13;627326.9929850657 5803982.28089468;627501.9589808888 5802192.444033537;PersonalVehicle
1051540;08:08:13;625771.6088831697 5801879.4954144815;625771.6088831697 5801879.4954144815;PersonalVehicle
1083133;08:08:16;627470.519666802 5801759.6937946435;626776.4809017521 5800813.500268694;PersonalVehicle
1005157;08:08:18;633198.0366015004 5805971.093265579;633107.5308886982 5806384.1926501775;PersonalVehicle
1883454;08:08:18;632357.7464165204 5800288.209577048;630268.2976718176 5803905.317924233;PersonalVehicle
862725;08:08:18;631913.9173730104 5808124.069404383;631246.4273615517 5803161.7852337705;PersonalVehicle
1081026;08:08:19;626653.9377063997 5801216.991348696;630377.2935286161 5799276.878224155;PersonalVehicle
1025739;08:08:19;626696.2373787091 5804238.530425438;625495.2665135056 5806727.877555828;PersonalVehicle
1074168;08:08:20;628428.7824272884 5803868.84966858;625506.3564786583 5800324.4571683705;PersonalVehicle
724494;08:08:20;633672.1088953787 5801895.047217489;625935.9414535663 5803507.101784105;PersonalVehicle
1008350;08:08:21;630777.2732211 5808620.843392246;631817.4581939869 5806731.264892882;PersonalVehicle
1005356;08:08:22;633505.0705195437 5806419.627883223;625506.3564786583 5800324.4571683705;PersonalVehicle
1063602;08:08:24;628459.1258269445 5805072.366757953;628203.4797371142 5803916.689282991;PersonalVehicle
473178;08:08:24;634266.520278123 5803737.794336154;628731.2092519203 5804158.315705461;PersonalVehicle
961594;08:08:25;625495.2665135056 5806727.877555828;626427.091730906 5803318.948208922;PersonalVehicle
1070452;08:08:25;631413.7808819785 5803971.449329204;627925.1558536845 5804268.663350209;PersonalVehicle
1046744;08:08:25;627437.7388532151 5804667.920565924;626660.5429795097 5804572.067874225;PersonalVehicle
1048376;08:08:26;626658.7996488281 5803613.022835633;628918.4695337266 5803808.142301383;PersonalVehicle
1059695;08:08:28;628702.0336738818 5804346.032194205;631913.9173730104 5808124.069404383;PersonalVehicle
1039187;08:08:28;627011.2771535136 5802682.941335345;625506.3564786583 5800324.4571683705;PersonalVehicle
1321005;08:08:28;625506.3564786583 5800324.4571683705;628900.2338382486 5803905.422818209;PersonalVehicle
1097630;08:08:29;634266.520278123 5803737.794336154;631181.3336475674 5802904.6214287095;PersonalVehicle
1139039;08:08:30;625506.3564786583 5800324.4571683705;626396.1749318092 5803572.543177703;PersonalVehicle
1073678;08:08:30;628366.7459686137 5801953.582900543;627401.3540140803 5802084.171293412;PersonalVehicle
847156;08:08:31;631913.9173730104 5808124.069404383;627759.9691391618 5806586.922934458;PersonalVehicle
1040437;08:08:31;627630.0798609097 5803131.37900092;625506.3564786583 5800324.4571683705;PersonalVehicle
1006301;08:08:31;632689.1341142005 5807128.95307003;631913.9173730104 5808124.069404383;PersonalVehicle
1072811;08:08:31;628564.6915342056 5803268.6538176555;627523.5660572898 5802328.3449088335;PersonalVehicle
1099055;08:08:31;633672.1088953787 5801895.047217489;632681.6771686166 5800864.358581833;PersonalVehicle
990459;08:08:32;631913.9173730104 5808124.069404383;630167.3159492635 5806258.003627517;PersonalVehicle
1099014;08:08:32;631943.1949490673 5801339.635731801;632110.9602512275 5803065.125566771;PersonalVehicle
899503;08:08:33;625495.2665135056 5806727.877555828;627795.6549176095 5802594.656484638;PersonalVehicle
1100662;08:08:33;632062.0681906 5802004.403086661;631812.2818457521 5802418.516362951;PersonalVehicle
1077804;08:08:33;629107.7245826718 5801484.940880388;629335.4279409576 5802006.479326951;PersonalVehicle
1031190;08:08:34;629627.1356206124 5802364.828740729;625506.3564786583 5800324.4571683705;PersonalVehicle
1077047;08:08:35;629465.3062323552 5802170.877712939;628517.6968687462 5802260.982472913;PersonalVehicle
1077000;08:08:37;629450.5255642545 5802237.98294762;630377.2935286161 5799276.878224155;PersonalVehicle
1098499;08:08:38;630922.0276136815 5801736.382391336;633672.1088953787 5801895.047217489;PersonalVehicle
1070436;08:08:39;625506.3564786583 5800324.4571683705;630363.7131673981 5802660.452752476;PersonalVehicle
1109645;08:08:39;632357.7464165204 5800288.209577048;629789.7257544473 5802714.211125108;PersonalVehicle
1079909;08:08:44;629098.7415403076 5802833.596872093;629991.3794019624 5801848.051171201;PersonalVehicle
1004317;08:08:45;630439.8327282631 5805790.101234369;633726.0272021168 5805618.58732334;PersonalVehicle
1035064;08:08:45;627550.2094686249 5804907.58849763;625745.6574395252 5804801.696828382;PersonalVehicle
1028622;08:08:48;625506.3564786583 5800324.4571683705;627671.9412070919 5801888.7492685765;PersonalVehicle
1069104;08:08:48;629132.6504067774 5802332.142992359;629235.2631348622 5802694.379761439;PersonalVehicle
1064689;08:08:48;628223.5527450684 5804873.680204292;628223.5527450684 5804873.680204292;PersonalVehicle
1103622;08:08:48;631897.4378676086 5804012.1235300675;632357.7464165204 5800288.209577048;PersonalVehicle
1013771;08:08:49;631913.9173730104 5808124.069404383;630013.9544592986 5808106.929792633;PersonalVehicle
1080124;08:08:52;629696.980446196 5801722.885718624;626128.5555241975 5805456.267876437;PersonalVehicle
1035928;08:08:53;627323.0732002755 5803263.031016875;629640.4372911113 5801371.7099672435;PersonalVehicle
1081320;08:08:55;627186.8053174996 5801954.290796148;627605.3019860421 5802291.094092017;PersonalVehicle
1050048;08:08:55;625989.7206058516 5803787.325768503;626280.2299993392 5803667.933573074;PersonalVehicle
993843;08:08:56;631913.9173730104 5808124.069404383;628194.8252751016 5804677.526647042;PersonalVehicle
1100844;08:08:57;632120.3556071409 5802029.981109562;630275.985678045 5802790.170917927;PersonalVehicle
1071390;08:08:57;630563.6865298193 5804064.523142717;628089.0589484974 5806520.822707639;PersonalVehicle
1183428;08:08:57;633672.1088953787 5801895.047217489;630015.7723452392 5804102.30226664;PersonalVehicle
1064038;08:09:00;628013.1140033985 5804761.905294529;631584.7646521045 5801452.453034194;PersonalVehicle
1048205;08:09:03;628731.1555354093 5802540.491917402;626439.5054302008 5803543.31827748;PersonalVehicle
1079774;08:09:05;629676.4324447659 5802203.154653558;625506.3564786583 5800324.4571683705;PersonalVehicle
1084303;08:09:05;630231.5598408477 5802804.006876306;627303.1962336095 5800745.369544389;PersonalVehicle
1079632;08:09:05;629745.0734984175 5801691.32451234;625506.3564786583 5800324.4571683705;PersonalVehicle
1102730;08:09:09;630156.9894873897 5803619.418842232;631969.957305545 5803756.5776832225;PersonalVehicle
1084858;08:09:10;629870.3084346631 5801384.449889145;634266.520278123 5803737.794336154;PersonalVehicle
1079631;08:09:11;629755.6765953325 5801831.502269346;625506.3564786583 5800324.4571683705;PersonalVehicle
1076787;08:09:11;628538.0962497675 5801959.964097708;629560.6048298513 5802907.828231671;PersonalVehicle
1013771;08:09:11;630013.9544592986 5808106.929792633;631913.9173730104 5808124.069404383;PersonalVehicle
1011616;08:09:13;628017.4104366008 5809334.241130511;625495.2665135056 5806727.877555828;PersonalVehicle
1034874;08:09:14;627753.5700395228 5805193.6025081705;625495.2665135056 5806727.877555828;PersonalVehicle
1009488;08:09:14;627694.6370852678 5801620.28388619;629944.1638391281 5805862.327509537;PersonalVehicle
1032384;08:09:15;627617.6301776983 5805269.239952305;627229.1837497889 5804857.598562605;PersonalVehicle
1087419;08:09:16;629779.4968471528 5800649.609889225;628726.6704304348 5801924.448406296;PersonalVehicle
1127185;08:09:16;625506.3564786583 5800324.4571683705;627912.5518510588 5802012.966994598;PersonalVehicle
1085178;08:09:16;630007.1867952306 5801597.368526124;629167.475034585 5801732.991688358;PersonalVehicle
1042971;08:09:17;626208.7591201753 5804775.6633915715;625495.2665135056 5806727.877555828;PersonalVehicle
1061661;08:09:17;628094.7040203372 5803865.5437365025;628895.2366838437 5804948.968526551;PersonalVehicle
1122204;08:09:18;633672.1088953787 5801895.047217489;626028.5112377489 5802778.518111719;PersonalVehicle
1134036;08:09:18;625506.3564786583 5800324.4571683705;627812.8384454617 5801084.874408774;PersonalVehicle
657832;08:09:19;633672.1088953787 5801895.047217489;628511.1769708943 5803139.722678944;PersonalVehicle
1072171;08:09:20;630852.2188352665 5804002.42429097;631913.9173730104 5808124.069404383;PersonalVehicle
987286;08:09:20;631913.9173730104 5808124.069404383;628403.5429032866 5805240.501919267;PersonalVehicle
1123035;08:09:21;632357.7464165204 5800288.209577048;627556.2910441407 5806080.682626276;PersonalVehicle
1045775;08:09:21;626601.642612954 5804585.622546433;626234.569648481 5804689.278810575;PersonalVehicle
899689;08:09:21;627498.1724596496 5810012.366902584;628907.3519377278 5802077.393503321;PersonalVehicle
886832;08:09:22;627498.1724596496 5810012.366902584;629563.4152677569 5809399.478325514;PersonalVehicle
1119564;08:09:22;628783.9802506458 5802325.427263572;632357.7464165204 5800288.209577048;PersonalVehicle
1064440;08:09:22;628641.9045913069 5804902.885856811;628065.8750342414 5803757.079155028;PersonalVehicle
1131015;08:09:23;625506.3564786583 5800324.4571683705;627287.1720853454 5801485.820013829;PersonalVehicle
1037242;08:09:23;627394.2600566471 5803951.224805621;627383.978332131 5803293.393993465;PersonalVehicle
1071953;08:09:26;630156.9894873897 5803619.418842232;631532.1373165506 5803190.433817352;PersonalVehicle
1085999;08:09:27;629029.7130953657 5801196.600111862;628171.7102558883 5802206.80596437;PersonalVehicle
1083767;08:09:28;627906.669875969 5800983.370033442;625506.3564786583 5800324.4571683705;PersonalVehicle
1033588;08:09:29;627460.5842868579 5805545.34246653;629426.9095127335 5804230.573636818;PersonalVehicle
1109892;08:09:30;632357.7464165204 5800288.209577048;625542.6247119128 5804202.950483642;PersonalVehicle
1085484;08:09:30;628786.6170480514 5801147.889974762;625506.3564786583 5800324.4571683705;PersonalVehicle
1061296;08:09:32;628160.891703235 5804648.104912302;626333.5876685615 5806276.017858688;PersonalVehicle
1104148;08:09:32;631810.3872613813 5803226.711474271;625506.3564786583 5800324.4571683705;PersonalVehicle
1059370;08:09:32;629364.0064475234 5804267.046187205;628926.923918263 5804634.881963074;PersonalVehicle
820942;08:09:34;630377.2935286161 5799276.878224155;630426.595332352 5803873.496008426;PersonalVehicle
1040648;08:09:34;627316.1655506033 5803887.961691601;627425.4905011366 5803228.950340619;PersonalVehicle
649167;08:09:34;632357.7464165204 5800288.209577048;628797.7110827777 5804381.390006395;PersonalVehicle
1057484;08:09:34;629735.1578324941 5804223.810626461;630306.7540269967 5802386.468516068;PersonalVehicle
1007369;08:09:35;631319.6673393374 5807167.612392908;630832.9555824193 5808274.485654588;PersonalVehicle
1034627;08:09:36;627437.8690956323 5804112.871483515;627026.5300264781 5803844.994459327;PersonalVehicle
1090064;08:09:38;628541.5118891537 5802217.595871908;625506.3564786583 5800324.4571683705;PersonalVehicle
1100149;08:09:39;631690.2106121188 5801961.453764859;625506.3564786583 5800324.4571683705;PersonalVehicle
1033394;08:09:39;627834.5571048303 5805447.403439636;627512.3070731836 5805422.956716414;PersonalVehicle
1060507;08:09:40;628431.2639870758 5805161.789713146;631913.9173730104 5808124.069404383;PersonalVehicle
1072786;08:09:40;627290.8124999524 5802168.411152543;627503.8909472276 5803358.395542982;PersonalVehicle
1106267;08:09:41;632245.2625754164 5803481.510523076;632357.7464165204 5800288.209577048;PersonalVehicle
455167;08:09:42;634266.520278123 5803737.794336154;630804.0523741943 5804269.250130465;PersonalVehicle
943543;08:09:42;625495.2665135056 5806727.877555828;627376.5582411219 5802182.776064744;PersonalVehicle
1004054;08:09:42;630412.9915981499 5805611.7051531905;628044.2396584431 5802130.250303518;PersonalVehicle
1077280;08:09:43;629530.8641878293 5802055.316095286;625506.3564786583 5800324.4571683705;PersonalVehicle
1076238;08:09:43;633672.1088953787 5801895.047217489;628625.0981321364 5801937.537589431;PersonalVehicle
1059509;08:09:44;628958.0425614036 5804021.005278374;628059.3789210324 5803740.893914278;PersonalVehicle
1034333;08:09:45;627553.5700505004 5804706.0485391375;632357.7464165204 5800288.209577048;PersonalVehicle
1134824;08:09:45;625506.3564786583 5800324.4571683705;629913.0084646859 5802585.9720382895;PersonalVehicle
1095764;08:09:46;630775.4006307865 5802518.686335754;630775.4006307865 5802518.686335754;PersonalVehicle
1047421;08:09:49;625587.2668338547 5803602.917450926;625495.2665135056 5806727.877555828;PersonalVehicle
1060068;08:09:50;626637.1119218565 5807663.302982432;625495.2665135056 5806727.877555828;PersonalVehicle
1033580;08:09:51;627812.2123355127 5805468.109781392;631913.9173730104 5808124.069404383;PersonalVehicle
1328947;08:09:52;625506.3564786583 5800324.4571683705;627315.4510958324 5801973.585724456;PersonalVehicle
1000500;08:09:52;631913.9173730104 5808124.069404383;628646.2310942279 5809230.64390481;PersonalVehicle
985889;08:09:53;631913.9173730104 5808124.069404383;628535.7972107471 5804140.001411226;PersonalVehicle
1103841;08:09:54;632357.7464165204 5800288.209577048;631930.4616270598 5803072.537729711;PersonalVehicle
1077145;08:09:54;629221.2286101182 5801483.766796162;630004.5084867444 5803568.980554116;PersonalVehicle
1067672;08:09:54;628669.1583508635 5802854.978769016;627440.2837268702 5805282.610263695;PersonalVehicle
1046352;08:09:57;626708.9885202432 5804160.040962383;625798.0965613475 5804048.3070074925;PersonalVehicle
1042514;08:09:57;626067.847826306 5805391.071269124;630377.2935286161 5799276.878224155;PersonalVehicle
1053105;08:09:58;627562.7508118905 5804628.693749481;625580.0560903222 5801318.2156746555;PersonalVehicle
1019872;08:09:59;625495.2665135056 5806727.877555828;626069.5418255611 5805071.994196791;PersonalVehicle
1103944;08:09:59;631741.3291464769 5803089.744393041;631877.3893156066 5803543.395110569;PersonalVehicle
1037544;08:09:59;627353.7256063892 5803909.580669249;631958.0193133999 5802101.191802373;PersonalVehicle
1103898;08:10:01;631693.5096103641 5803456.32738521;627350.3516208983 5801005.471723911;PersonalVehicle
1117253;08:10:01;632357.7464165204 5800288.209577048;627951.5088728196 5804049.934760502;PersonalVehicle
1070929;08:10:02;633575.9791278368 5806305.186138535;630840.5703778967 5804092.85550749;PersonalVehicle
1073497;08:10:02;627523.5660572898 5802328.3449088335;629211.6280149015 5803637.70621047;PersonalVehicle
1011920;08:10:03;628866.2299144106 5808196.646483164;625495.2665135056 5806727.877555828;PersonalVehicle
1060861;08:10:03;627706.6647297242 5806270.970099151;626702.2701375112 5802868.164285417;PersonalVehicle
1087022;08:10:04;625506.3564786583 5800324.4571683705;629938.6210672971 5800994.170072175;PersonalVehicle
1066964;08:10:05;628132.7482737483 5804402.776598364;628085.4540179166 5803431.037598738;PersonalVehicle
1101991;08:10:06;632179.0344584906 5804360.776638237;625506.3564786583 5800324.4571683705;PersonalVehicle
1007795;08:10:07;632591.4890065269 5807403.5182887865;627901.3808712072 5804388.192332267;PersonalVehicle
1059332;08:10:08;629150.0309729476 5803939.636927369;625506.3564786583 5800324.4571683705;PersonalVehicle
1104672;08:10:09;628987.6446671826 5801250.797390795;631866.3806460289 5803014.769623602;PersonalVehicle
1087926;08:10:09;633672.1088953787 5801895.047217489;629951.2713042528 5800948.378008965;PersonalVehicle
998781;08:10:10;631913.9173730104 5808124.069404383;630670.88417275 5803161.362576688;PersonalVehicle
1079870;08:10:11;629604.2334281958 5802038.01677467;634266.520278123 5803737.794336154;PersonalVehicle
1044972;08:10:12;625649.3043674892 5804917.280490032;626779.215760252 5804149.894974848;PersonalVehicle
1008704;08:10:12;631938.606218413 5806916.164812188;630808.2301494891 5803234.262712823;PersonalVehicle
1077916;08:10:14;629539.033221157 5801649.615762187;628562.1673779918 5803828.86472526;PersonalVehicle
1004136;08:10:14;630483.3117651802 5805863.508763616;629456.7813134046 5806518.827561481;PersonalVehicle
1074169;08:10:14;627692.4454197318 5802189.710819282;625506.3564786583 5800324.4571683705;PersonalVehicle
1100093;08:10:15;630702.1090842875 5801249.001501523;627302.5630518814 5801424.885222984;PersonalVehicle
789665;08:10:16;633672.1088953787 5801895.047217489;630681.8449000071 5802006.7286591865;PersonalVehicle
1052214;08:10:16;625663.8716785792 5801454.607798456;626149.446271943 5803342.909009363;PersonalVehicle
1000047;08:10:17;628456.9408020524 5809293.099081171;627498.1724596496 5810012.366902584;PersonalVehicle
1079737;08:10:19;631741.522304119 5802764.465600236;629748.0162589189 5801887.523168637;PersonalVehicle
1000737;08:10:19;631913.9173730104 5808124.069404383;630178.5480682165 5806589.54097343;PersonalVehicle
1101509;08:10:19;632224.8688405629 5801926.091495118;627531.2968633042 5805114.304195797;PersonalVehicle
1133811;08:10:19;625506.3564786583 5800324.4571683705;627492.8066647504 5802034.302644746;PersonalVehicle
1053295;08:10:21;625506.3564786583 5800324.4571683705;628696.1640637264 5803843.109898884;PersonalVehicle
1038648;08:10:21;626444.5287409746 5802626.604276444;627603.4001085736 5807139.569368481;PersonalVehicle
803340;08:10:23;632357.7464165204 5800288.209577048;631027.1224554206 5803136.807420999;PersonalVehicle
1060929;08:10:24;627857.4810880948 5806116.301882788;629811.3886089488 5804574.116263107;PersonalVehicle
1085282;08:10:26;629387.660275674 5801041.467556194;629547.3880367018 5801415.689744351;PersonalVehicle
1074513;08:10:27;627438.4498571017 5801982.184943386;627989.4708757353 5804470.194039495;PersonalVehicle
1039583;08:10:27;626484.3093305081 5802711.245391536;631367.380414295 5802269.135479518;PersonalVehicle
1063375;08:10:27;627986.5865456238 5804975.3850472765;625506.3564786583 5800324.4571683705;PersonalVehicle
1043438;08:10:27;626699.9028537809 5804791.172399692;625495.2665135056 5806727.877555828;PersonalVehicle
1006502;08:10:27;632128.0192638475 5807797.94422483;625506.3564786583 5800324.4571683705;PersonalVehicle
1094041;08:10:29;630209.2183736941 5802560.252655378;630209.2183736941 5802560.252655378;PersonalVehicle
1063945;08:10:29;627500.5213618012 5802922.003868598;628050.1008473159 5804731.689624134;PersonalVehicle
1064880;08:10:30;627894.6116898713 5804867.034075748;628093.532901294 5805075.452344478;PersonalVehicle
1159213;08:10:30;634266.520278123 5803737.794336154;626146.7835690479 5803493.563527209;PersonalVehicle
1082250;08:10:30;626562.8411171886 5801232.660522573;628094.2301308521 5806066.330197861;PersonalVehicle
1047221;08:10:30;626746.8456145632 5804248.806145728;626731.3388971463 5804450.285550929;PersonalVehicle
1075948;08:10:31;628626.8615088231 5802074.31945756;632357.7464165204 5800288.209577048;PersonalVehicle
1051896;08:10:32;625506.3564786583 5800324.4571683705;625732.246274221 5801989.41844474;PersonalVehicle
1057973;08:10:33;629851.0549169986 5803795.767744206;631913.9173730104 5808124.069404383;PersonalVehicle
1043536;08:10:33;626340.9166942816 5804912.300248956;625495.2665135056 5806727.877555828;PersonalVehicle
1058165;08:10:33;628382.3224885936 5803139.254914245;629587.8612344722 5804039.733675746;PersonalVehicle
1096247;08:10:33;630869.7445908622 5802081.505391159;634266.520278123 5803737.794336154;PersonalVehicle
1103631;08:10:34;632223.4493018361 5804160.253080861;628783.8111294556 5803823.05223935;PersonalVehicle
898220;08:10:34;625495.2665135056 5806727.877555828;630091.4902833841 5802421.319730527;PersonalVehicle
1033915;08:10:35;627414.1199336536 5805369.614180166;625506.3564786583 5800324.4571683705;PersonalVehicle
1099766;08:10:36;630709.699648795 5801569.807744043;634266.520278123 5803737.794336154;PersonalVehicle
1084995;08:10:37;628704.882605278 5801399.119364796;629490.1793287445 5801102.972730845;PersonalVehicle
1073215;08:10:38;628253.1935047787 5801984.327749867;630004.5084867444 5803568.980554116;PersonalVehicle
1003876;08:10:38;631945.6720279767 5806374.172708069;627937.2074698792 5805901.703335426;PersonalVehicle
1014547;08:10:38;628914.3297784084 5809284.757450977;630294.9870578941 5806048.707532115;PersonalVehicle
1042113;08:10:41;625601.0955362793 5805064.461139661;625506.3564786583 5800324.4571683705;PersonalVehicle
1082368;08:10:43;626565.0669454184 5800805.525505288;630091.4902833841 5802421.319730527;PersonalVehicle
1015391;08:10:44;628648.3544401254 5809123.461417039;629300.3526588707 5809322.781754832;PersonalVehicle
1081900;08:10:44;626470.7330723181 5802052.070536371;627812.8384454617 5801084.874408774;PersonalVehicle
1060563;08:10:45;627768.3862007578 5806031.802741553;628429.2391268448 5805206.453575682;PersonalVehicle
1056040;08:10:48;625964.4030030287 5805428.507390376;625495.2665135056 5806727.877555828;PersonalVehicle
1068090;08:10:49;629767.7675664686 5801733.064580844;628434.476339952 5803084.637120844;PersonalVehicle
1035760;08:10:50;627941.260660383 5805312.162978753;626018.4184634899 5804929.64306869;PersonalVehicle
1067150;08:10:50;628509.8856096884 5804122.198317955;627967.1764686404 5803864.632204002;PersonalVehicle
1098682;08:10:52;632476.6525966545 5800970.998917684;630146.0611633003 5803447.69723424;PersonalVehicle
1076587;08:10:52;628906.7430853968 5802197.384613448;629116.5417562586 5803147.958836837;PersonalVehicle
1048834;08:10:52;625490.9329043197 5803441.118153853;626573.7687732126 5803896.071375565;PersonalVehicle
1024982;08:10:53;625495.2665135056 5806727.877555828;626518.3803355132 5803836.895860266;PersonalVehicle
1061692;08:10:53;626637.1119218565 5807663.302982432;626025.7758377698 5805431.80110507;PersonalVehicle
961947;08:10:54;627498.1724596496 5810012.366902584;625922.7062411825 5806145.444454399;PersonalVehicle
1014771;08:10:54;628528.5083539557 5809218.87971644;625495.2665135056 5806727.877555828;PersonalVehicle
1102518;08:10:56;631799.032111989 5804147.258335682;630377.2935286161 5799276.878224155;PersonalVehicle
866515;08:10:56;627498.1724596496 5810012.366902584;630447.1620794082 5804045.951268889;PersonalVehicle
1085839;08:10:57;627660.7647088076 5801088.527783831;629805.263969677 5801366.429011406;PersonalVehicle
1080089;08:10:57;629680.1011593448 5801859.420055347;625506.3564786583 5800324.4571683705;PersonalVehicle
1094373;08:10:57;630407.196385896 5802202.688864104;630377.2935286161 5799276.878224155;PersonalVehicle
1008440;08:10:57;631605.4593843968 5807006.929617276;629126.211462592 5803641.723735717;PersonalVehicle
1068176;08:10:58;628581.5093172947 5803024.230148383;628785.123501432 5803488.192925326;PersonalVehicle
1075842;08:10:58;628561.7729058978 5802661.465603911;632357.7464165204 5800288.209577048;PersonalVehicle
1042136;08:10:58;625506.3564786583 5800324.4571683705;627193.1059047595 5804958.013112732;PersonalVehicle
954811;08:10:59;625495.2665135056 5806727.877555828;626268.8480312641 5802063.868538668;PersonalVehicle
1046680;08:10:59;626526.3629618431 5804230.800766341;625506.3564786583 5800324.4571683705;PersonalVehicle
1476649;08:10:59;625506.3564786583 5800324.4571683705;629244.8654992731 5804269.239710806;PersonalVehicle
1077887;08:10:59;629085.2103196792 5801734.162204778;629629.3612816953 5801615.93249712;PersonalVehicle
1119387;08:11:00;632357.7464165204 5800288.209577048;628746.9163564427 5804527.502833788;PersonalVehicle
1096488;08:11:00;631224.8208093704 5802819.170623417;629853.5949234848 5802500.5015100455;PersonalVehicle
1144446;08:11:02;625506.3564786583 5800324.4571683705;631452.227477807 5807283.703979947;PersonalVehicle
1034190;08:11:02;627312.3221578937 5804187.121350355;629332.4687244238 5804339.346049524;PersonalVehicle
1161697;08:11:03;633672.1088953787 5801895.047217489;630686.6060385882 5802132.665301601;PersonalVehicle
1105554;08:11:04;632094.2667239206 5802688.209576235;631958.0193133999 5802101.191802373;PersonalVehicle
1052185;08:11:04;629354.1798596499 5803363.357379586;625759.6145286234 5801673.927840245;PersonalVehicle
960708;08:11:05;625511.3524942386 5802940.194894642;625495.2665135056 5806727.877555828;PersonalVehicle
1102003;08:11:05;631412.277468435 5803680.749731373;632069.975163159 5804767.820327036;PersonalVehicle
1059694;08:11:06;629242.7482068647 5804510.225423925;625495.2665135056 5806727.877555828;PersonalVehicle
1252340;08:11:06;625506.3564786583 5800324.4571683705;630161.1029061197 5806205.0287413215;PersonalVehicle
1093059;08:11:08;630261.5426054887 5801691.042020635;628067.2019833475 5804074.567754985;PersonalVehicle
1024539;08:11:09;625495.2665135056 5806727.877555828;628615.7077518804 5804026.628982269;PersonalVehicle
1095043;08:11:09;631127.2124811779 5802271.859591034;625877.6668458392 5803696.591824005;PersonalVehicle
1124016;08:11:09;630377.2935286161 5799276.878224155;629548.5502112897 5802177.6638747845;PersonalVehicle
1047636;08:11:09;625935.9414535663 5803507.101784105;625506.3564786583 5800324.4571683705;PersonalVehicle
1110635;08:11:10;632357.7464165204 5800288.209577048;631140.0759770741 5801788.631360287;PersonalVehicle
1071882;08:11:11;625506.3564786583 5800324.4571683705;630845.9625029296 5803650.224083092;PersonalVehicle
1073883;08:11:11;627744.2583691721 5802608.625235293;625506.3564786583 5800324.4571683705;PersonalVehicle
1052891;08:11:12;625847.0443614441 5801379.158599607;625907.0414506794 5801271.711882143;PersonalVehicle
1074622;08:11:12;628091.6320381974 5802298.360818957;627543.5101556114 5802261.395980531;PersonalVehicle
1063729;08:11:13;627762.6523772296 5804437.310938904;628176.9964182202 5805080.02362927;PersonalVehicle
1030218;08:11:14;625506.3564786583 5800324.4571683705;627895.8752249788 5802640.974370739;PersonalVehicle
1106295;08:11:15;631917.2311289591 5803128.896851755;627528.1351227858 5801156.460625503;PersonalVehicle
1085602;08:11:15;629019.110517195 5803450.472805441;629997.7951021041 5802467.217260917;PersonalVehicle
1035833;08:11:17;627719.5088487723 5805156.23416448;629231.2410307769 5804236.330206475;PersonalVehicle
1403389;08:11:18;625506.3564786583 5800324.4571683705;626746.8456145632 5804248.806145728;PersonalVehicle
1096823;08:11:19;628770.6136031847 5801934.984506281;631213.760243115 5803018.200754802;PersonalVehicle
905879;08:11:20;625495.2665135056 5806727.877555828;629211.5182520858 5804058.497909711;PersonalVehicle
994426;08:11:20;631913.9173730104 5808124.069404383;627463.2241187067 5805637.710648003;PersonalVehicle
1077701;08:11:20;629096.3519919158 5802315.3321866365;629102.5807505052 5801873.905689151;PersonalVehicle
1012321;08:11:23;630735.6368430308 5808554.740617631;628296.376119143 5801714.4265776295;PersonalVehicle
1059335;08:11:24;629066.3532160863 5804670.730245344;629041.259213729 5804501.967128151;PersonalVehicle
1112473;08:11:24;633672.1088953787 5801895.047217489;632351.8258137279 5807656.3513367325;PersonalVehicle
1061594;08:11:26;627061.7154474272 5805499.5994786555;627505.0822032725 5806367.066107949;PersonalVehicle
1094999;08:11:27;631116.4628381422 5802678.954992219;625506.3564786583 5800324.4571683705;PersonalVehicle
1077127;08:11:29;629264.5324871129 5802428.953397323;625506.3564786583 5800324.4571683705;PersonalVehicle
1071606;08:11:30;630801.0409854844 5804409.552534737;629491.151941918 5803788.824715618;PersonalVehicle
1084029;08:11:31;627411.3714532973 5801299.42048664;632357.7464165204 5800288.209577048;PersonalVehicle
1105977;08:11:32;632117.9738173424 5803086.029717277;632117.9738173424 5803086.029717277;PersonalVehicle
1041907;08:11:34;627343.8788515701 5804416.729654563;626091.9509013812 5805433.717570138;PersonalVehicle
1058726;08:11:35;629981.8058252095 5803836.029938807;629674.7078410595 5804126.9137293985;PersonalVehicle
1080641;08:11:36;626616.456031594 5802048.159214833;626946.6514381876 5800978.377096845;PersonalVehicle
1068221;08:11:36;628402.3740853604 5803375.471064945;629167.3245170189 5803068.834611835;PersonalVehicle
1060851;08:11:38;628423.8077761336 5805307.94041772;627812.2123355127 5805468.109781392;PersonalVehicle
1392785;08:11:38;629064.6193773766 5802987.5057421;625506.3564786583 5800324.4571683705;PersonalVehicle
843896;08:11:39;631913.9173730104 5808124.069404383;628519.9736798378 5804666.032113299;PersonalVehicle
1159307;08:11:40;634266.520278123 5803737.794336154;628983.0465352973 5803539.647825035;PersonalVehicle
1094645;08:11:40;630459.7632726529 5801963.835827253;630606.8495526902 5802030.532290533;PersonalVehicle
1011612;08:11:44;627695.4949227086 5809074.157887154;625495.2665135056 5806727.877555828;PersonalVehicle
968811;08:11:48;625495.2665135056 5806727.877555828;628824.7234106674 5809127.179959183;PersonalVehicle
1067683;08:11:50;628642.3145590213 5803559.683191183;625506.3564786583 5800324.4571683705;PersonalVehicle
1014332;08:11:51;629724.7974119964 5808342.432086317;625495.2665135056 5806727.877555828;PersonalVehicle
1102326;08:11:51;629579.7807513224 5804248.093634269;625506.3564786583 5800324.4571683705;PersonalVehicle
1076370;08:11:51;628907.3519377278 5802077.393503321;629804.2904800813 5805833.397082036;PersonalVehicle
1101357;08:11:52;630368.1192110791 5802143.874627978;632357.7464165204 5800288.209577048;PersonalVehicle
1079039;08:11:52;629124.7417857934 5801570.005885747;625506.3564786583 5800324.4571683705;PersonalVehicle
1009706;08:11:52;630316.7396930291 5806860.455908051;634266.520278123 5803737.794336154;PersonalVehicle
811577;08:11:52;632357.7464165204 5800288.209577048;628263.9321918605 5802026.757444141;PersonalVehicle
1134049;08:11:52;625506.3564786583 5800324.4571683705;628683.4937098689 5803277.595905631;PersonalVehicle
1036776;08:11:52;627072.3963272793 5803596.045246965;627072.3963272793 5803596.045246965;PersonalVehicle
1108399;08:11:52;632357.7464165204 5800288.209577048;630556.2474658483 5801005.552584443;PersonalVehicle
1104616;08:11:53;633672.1088953787 5801895.047217489;631532.1373165506 5803190.433817352;PersonalVehicle
1004691;08:11:54;633226.2098226466 5806325.10128061;627517.7852128645 5806368.652276016;PersonalVehicle
1159440;08:11:55;634266.520278123 5803737.794336154;630647.9753559706 5800475.700608971;PersonalVehicle
1013417;08:11:55;625889.9502899303 5804736.712505458;630690.885053752 5808740.043804102;PersonalVehicle
1084325;08:11:55;627553.1564605082 5801527.019254693;627628.5101958202 5801188.361065254;PersonalVehicle
1081021;08:11:55;627070.7537908652 5801929.834782477;629290.3058401693 5803181.07437876;PersonalVehicle
1078337;08:11:56;629895.8960898295 5801752.298429216;629223.3399221813 5801747.187422412;PersonalVehicle
1095328;08:11:56;627724.54519247 5803131.072966882;630877.1415973015 5802234.850312586;PersonalVehicle
1103878;08:11:57;631888.011734204 5801817.491952626;631966.1547899564 5803076.192593976;PersonalVehicle
1087180;08:11:58;632357.7464165204 5800288.209577048;629745.866517465 5800703.756386675;PersonalVehicle
809044;08:12:01;632357.7464165204 5800288.209577048;630234.0016043502 5801242.578531003;PersonalVehicle
1005574;08:12:01;633242.6601058483 5806867.3897076;632357.7464165204 5800288.209577048;PersonalVehicle
1014759;08:12:03;628868.6426119012 5809587.179568711;629398.8000436957 5805465.497168453;PersonalVehicle
1104151;08:12:05;631827.1446657042 5803334.682123095;632298.6333179536 5803058.018924515;PersonalVehicle
1662445;08:12:05;625506.3564786583 5800324.4571683705;626770.6441790295 5803563.324541209;PersonalVehicle
1085520;08:12:05;628882.5103290558 5801207.224044562;625834.6370874557 5801555.8967631;PersonalVehicle
1070196;08:12:06;630691.4080569391 5804280.279784321;634266.520278123 5803737.794336154;PersonalVehicle
1038181;08:12:06;627467.6501034813 5803485.098770987;625736.8297397679 5806250.481048399;PersonalVehicle
1052756;08:12:07;625884.3043953418 5801156.882475885;634266.520278123 5803737.794336154;PersonalVehicle
1054059;08:12:07;625506.3564786583 5800324.4571683705;630978.5013173488 5803876.525158048;PersonalVehicle
1102773;08:12:08;631778.0461293262 5803864.250845336;632160.9717000835 5804691.838991579;PersonalVehicle
1036983;08:12:08;627503.8909472276 5803358.395542982;625506.3564786583 5800324.4571683705;PersonalVehicle
1099176;08:12:09;632245.3557561792 5800673.157394785;632501.5671071003 5800701.578092976;PersonalVehicle
547205;08:12:09;634266.520278123 5803737.794336154;630759.503653185 5802049.473616415;PersonalVehicle
1896595;08:12:10;632357.7464165204 5800288.209577048;628545.8467375018 5801629.547121111;PersonalVehicle
1071485;08:12:10;630946.0940993208 5803759.687592612;633672.1088953787 5801895.047217489;PersonalVehicle
1068151;08:12:10;627609.4319863191 5804753.050117119;627609.4319863191 5804753.050117119;PersonalVehicle
1038028;08:12:10;627044.3955660884 5803697.8467046255;625495.2665135056 5806727.877555828;PersonalVehicle
1099560;08:12:11;630434.8605602653 5801333.891840391;630377.2935286161 5799276.878224155;PersonalVehicle
999623;08:12:13;627498.1724596496 5810012.366902584;630751.0135876845 5803585.425239447;PersonalVehicle
1050517;08:12:15;626213.4127022731 5802975.865638348;630524.1203308481 5803272.7466077255;PersonalVehicle
1033527;08:12:17;627235.3370183955 5805161.563416139;627201.3419270631 5801520.003942738;PersonalVehicle
1005796;08:12:18;633329.8797658068 5806646.4668704355;632998.0405859426 5806530.574951558;PersonalVehicle
1064299;08:12:20;628069.5612260549 5804452.459248803;630701.5453161779 5803888.164672211;PersonalVehicle
1116432;08:12:20;632357.7464165204 5800288.209577048;628042.2887303621 5804128.85420926;PersonalVehicle
1068113;08:12:20;629516.1989899793 5802963.391757669;632357.7464165204 5800288.209577048;PersonalVehicle
955676;08:12:20;626209.8092493056 5802375.796174561;625506.3564786583 5800324.4571683705;PersonalVehicle
1053189;08:12:21;625495.2665135056 5806727.877555828;626828.9150932429 5807619.383521777;PersonalVehicle
1100533;08:12:21;632343.8538395676 5802590.423616902;634266.520278123 5803737.794336154;PersonalVehicle
1056665;08:12:22;627595.6324789899 5803423.525456952;625506.3564786583 5800324.4571683705;PersonalVehicle
1034351;08:12:22;627430.5214305655 5804527.285089832;627430.5214305655 5804527.285089832;PersonalVehicle
1090450;08:12:25;625506.3564786583 5800324.4571683705;630474.3110574379 5801884.1739038015;PersonalVehicle
805596;08:12:26;632357.7464165204 5800288.209577048;628894.4698656133 5801609.442094981;PersonalVehicle
1633676;08:12:26;632357.7464165204 5800288.209577048;628936.7303933764 5802899.967712894;PersonalVehicle
1057304;08:12:27;629710.0091456979 5803983.245244377;625506.3564786583 5800324.4571683705;PersonalVehicle
1007859;08:12:27;632481.1155854934 5806607.049793636;631504.7107095656 5807057.337214352;PersonalVehicle
1044265;08:12:28;626096.1880186433 5802369.74629628;626234.6597297952 5805107.478958744;PersonalVehicle
1112966;08:12:28;632357.7464165204 5800288.209577048;630642.9372133831 5802415.778382931;PersonalVehicle
1043648;08:12:29;626281.3623302403 5805030.005215329;625495.2665135056 5806727.877555828;PersonalVehicle
1102478;08:12:30;631969.7955607226 5804771.933843378;632535.2078774205 5804130.387971324;PersonalVehicle
1067671;08:12:31;626844.2094304032 5805492.441185158;629087.1856493794 5803001.0512617575;PersonalVehicle
1077120;08:12:31;629316.3668313579 5801767.04091543;625495.2665135056 5806727.877555828;PersonalVehicle
1148541;08:12:31;625506.3564786583 5800324.4571683705;631585.9859107237 5807126.426105028;PersonalVehicle
1005935;08:12:31;632787.3921111508 5807368.662175018;633626.7538258814 5805629.767570908;PersonalVehicle
1041224;08:12:32;626228.4019369177 5805026.6184842;625495.2665135056 5806727.877555828;PersonalVehicle
1041107;08:12:33;627585.3271964774 5803128.474794527;629684.4894609895 5803240.466441554;PersonalVehicle
1097972;08:12:33;632357.7464165204 5800288.209577048;631920.5691192951 5800321.19293341;PersonalVehicle
1043687;08:12:35;626466.7681492879 5804794.500986181;627498.1724596496 5810012.366902584;PersonalVehicle
1099156;08:12:38;630695.4353169238 5801581.425701859;632357.7464165204 5800288.209577048;PersonalVehicle
1087039;08:12:38;629580.8273782486 5800763.98293517;629883.4645327278 5800779.358044431;PersonalVehicle
1107658;08:12:39;632196.2876111423 5802776.77128895;625506.3564786583 5800324.4571683705;PersonalVehicle
1107326;08:12:39;632444.7035721204 5802996.503481722;632357.7464165204 5800288.209577048;PersonalVehicle
1032445;08:12:41;627503.6768139404 5805384.188657948;628506.824468557 5803826.419080892;PersonalVehicle
1086866;08:12:41;628561.2273906966 5801192.54391956;628673.8629477418 5801161.627450201;PersonalVehicle
1032612;08:12:41;625495.2665135056 5806727.877555828;627487.089566888 5804916.794291886;PersonalVehicle
966590;08:12:42;631322.1411921479 5807167.427279543;625495.2665135056 5806727.877555828;PersonalVehicle
1058574;08:12:44;629712.7932076531 5804274.630426201;629407.6995563821 5804165.233351485;PersonalVehicle
1120464;08:12:44;633672.1088953787 5801895.047217489;632080.1258432473 5802755.58042852;PersonalVehicle
1094326;08:12:47;630710.7290639698 5802079.748028409;629548.2200596668 5801604.518913622;PersonalVehicle
1015190;08:12:50;629533.7750904504 5809584.752966553;627498.1724596496 5810012.366902584;PersonalVehicle
1074937;08:12:52;628762.4213811326 5802377.2213812815;631913.9173730104 5808124.069404383;PersonalVehicle
1042536;08:12:52;626008.595658633 5805348.170016262;625506.3564786583 5800324.4571683705;PersonalVehicle
1072046;08:12:54;630529.1197495265 5803765.470080536;627799.1247298333 5804540.155136717;PersonalVehicle
1112056;08:12:55;631844.3977003295 5801814.641217795;632357.7464165204 5800288.209577048;PersonalVehicle
1019260;08:12:56;625495.2665135056 5806727.877555828;627614.2561473725 5806206.600661553;PersonalVehicle
1078293;08:12:56;629401.2137016167 5801869.634646247;627399.4211887394 5802260.834826973;PersonalVehicle
986117;08:12:56;630388.4744768746 5805562.88331212;631913.9173730104 5808124.069404383;PersonalVehicle
1290979;08:12:57;625506.3564786583 5800324.4571683705;629834.1992409166 5802563.997902731;PersonalVehicle
1011088;08:12:57;628160.524343639 5808789.489837099;631884.7870961973 5807116.905208855;PersonalVehicle
1096680;08:12:58;631031.4510964772 5803138.01738854;625506.3564786583 5800324.4571683705;PersonalVehicle
1026344;08:12:58;625495.2665135056 5806727.877555828;628881.1562877445 5804589.565074216;PersonalVehicle
1012111;08:13:00;628151.5487009782 5809320.75027603;628593.4338458213 5808807.264339266;PersonalVehicle
255802;08:13:02;634266.520278123 5803737.794336154;630032.4183244032 5800110.634848342;PersonalVehicle
1095749;08:13:03;631171.3805948367 5802281.953439866;633672.1088953787 5801895.047217489;PersonalVehicle
1000564;08:13:04;631913.9173730104 5808124.069404383;631319.9266534974 5802035.026783997;PersonalVehicle
1099920;08:13:07;631985.2380090872 5801460.8531070985;627760.0676364794 5801980.207622159;PersonalVehicle
1107216;08:13:07;632254.6340273916 5803404.938959771;632340.5627657999 5800565.256365367;PersonalVehicle
1102076;08:13:08;631984.5813256509 5804795.943815137;628021.746891072 5806348.1943708295;PersonalVehicle
1121422;08:13:09;633672.1088953787 5801895.047217489;632355.1867865076 5800685.434509155;PersonalVehicle
854234;08:13:09;631913.9173730104 5808124.069404383;631253.1432889404 5800331.323997678;PersonalVehicle
1177140;08:13:09;634266.520278123 5803737.794336154;629652.2625092082 5803955.988776048;PersonalVehicle
1114744;08:13:09;633672.1088953787 5801895.047217489;632208.489426175 5802162.922651297;PersonalVehicle
1003314;08:13:09;629984.4086886814 5805326.845034108;630437.7738334953 5806700.242420834;PersonalVehicle
1039127;08:13:09;627011.2771535136 5802682.941335345;627927.3257599911 5802362.207029472;PersonalVehicle
1004619;08:13:10;632797.2753112299 5806422.424573499;627498.1724596496 5810012.366902584;PersonalVehicle
1099318;08:13:12;632710.3931537918 5800909.687753055;631372.3922750354 5803124.090324707;PersonalVehicle
1004701;08:13:12;632657.0444704805 5807364.831263591;632357.7464165204 5800288.209577048;PersonalVehicle
1080032;08:13:13;630018.8507852277 5801781.053256903;629677.4215631357 5802142.319927849;PersonalVehicle
1103202;08:13:14;632061.9186448583 5804679.073287789;632338.7974968109 5803790.213834602;PersonalVehicle
1067247;08:13:15;628056.9006408904 5804177.120893916;628535.7972107471 5804140.001411226;PersonalVehicle
1079413;08:13:15;630033.9784865822 5801745.16167362;629421.3797541752 5802444.139713042;PersonalVehicle
1075069;08:13:15;625495.2665135056 5806727.877555828;628850.8777317631 5802197.11738251;PersonalVehicle
983126;08:13:15;631913.9173730104 5808124.069404383;626064.9212874374 5803749.919752986;PersonalVehicle
1036629;08:13:15;627367.0573718774 5803940.510468429;625495.2665135056 5806727.877555828;PersonalVehicle
1076722;08:13:17;628706.4226080186 5802396.008312319;625506.3564786583 5800324.4571683705;PersonalVehicle
1105519;08:13:18;632036.0419859195 5803502.257239209;627548.7385243262 5806183.780348391;PersonalVehicle
1100022;08:13:18;632372.9194178245 5802075.38077659;632372.9194178245 5802075.38077659;PersonalVehicle
1117921;08:13:19;632357.7464165204 5800288.209577048;629497.5523463183 5804108.792209164;PersonalVehicle
1101672;08:13:20;632325.0184237129 5802206.4975023335;633672.1088953787 5801895.047217489;PersonalVehicle
1050176;08:13:20;625990.8642554851 5802832.131445505;625506.3564786583 5800324.4571683705;PersonalVehicle
1038675;08:13:20;626427.4069201197 5802543.613320469;626791.2116454298 5802954.499889036;PersonalVehicle
1098529;08:13:22;628634.3798466363 5801120.825672424;631149.1678557079 5800794.879879411;PersonalVehicle
1006721;08:13:22;632467.4984171423 5807497.034318284;631847.658548931 5807499.026518621;PersonalVehicle
1048123;08:13:23;628435.665531471 5803283.023825721;625956.5098713795 5803570.973498624;PersonalVehicle
1172409;08:13:24;634266.520278123 5803737.794336154;629311.0891097169 5803835.238264454;PersonalVehicle
1005363;08:13:26;633302.505104339 5806816.555507184;631920.7427410806 5806857.853390606;PersonalVehicle
1039449;08:13:26;627733.7892938432 5803269.919745821;627350.0077579917 5802030.278700346;PersonalVehicle
1101907;08:13:27;632616.185056871 5804205.333505212;627645.5241331626 5805394.122529511;PersonalVehicle
1046757;08:13:27;626749.9500960717 5804335.674142444;629910.8473534335 5806296.055899518;PersonalVehicle
1087011;08:13:27;629647.4528598343 5800668.805663275;627185.6686055749 5803689.452671672;PersonalVehicle
1592012;08:13:29;625506.3564786583 5800324.4571683705;631399.2878090482 5806540.520610251;PersonalVehicle
987955;08:13:29;631913.9173730104 5808124.069404383;628654.7135179178 5801203.964987428;PersonalVehicle
1004412;08:13:31;631913.9173730104 5808124.069404383;632978.0705647002 5806581.0614091735;PersonalVehicle
1046320;08:13:31;625491.6081241897 5804148.244899501;632357.7464165204 5800288.209577048;PersonalVehicle
1133195;08:13:31;625506.3564786583 5800324.4571683705;629167.904946227 5804135.152316227;PersonalVehicle
926139;08:13:33;625495.2665135056 5806727.877555828;629269.8274793539 5803175.728775665;PersonalVehicle
1094461;08:13:33;630106.9699341364 5802777.6760832425;628506.5387188988 5802881.005014779;PersonalVehicle
1107572;08:13:33;632434.5420540939 5802895.042321772;632357.7464165204 5800288.209577048;PersonalVehicle
1010313;08:13:33;629824.1786526232 5806056.172652455;631913.9173730104 5808124.069404383;PersonalVehicle
1092263;08:13:35;628775.4171032832 5802000.023382085;629956.6114673039 5802459.105455335;PersonalVehicle
1128941;08:13:35;629134.1085238148 5802392.286640661;625506.3564786583 5800324.4571683705;PersonalVehicle
1065466;08:13:36;628192.2802306565 5804498.566812977;627503.1046903732 5803497.233240257;PersonalVehicle
866555;08:13:36;631913.9173730104 5808124.069404383;628145.5304995328 5805730.261290412;PersonalVehicle
1064343;08:13:38;628367.8003746709 5804833.29685946;626284.9414060592 5803967.253756584;PersonalVehicle
1080565;08:13:38;626284.1094982822 5801535.595505752;625495.2665135056 5806727.877555828;PersonalVehicle
1097422;08:13:38;631040.4311152642 5803179.164815297;632792.0241525541 5802290.047839871;PersonalVehicle
568745;08:13:39;634266.520278123 5803737.794336154;629538.5962384667 5803753.698984525;PersonalVehicle
1014495;08:13:40;628675.024015839 5809865.990667199;627498.1724596496 5810012.366902584;PersonalVehicle
1005160;08:13:41;633570.3281922591 5806316.629755088;631233.7297276062 5802463.649627535;PersonalVehicle
1010152;08:13:42;629969.3355953424 5805992.932207728;630427.4385405618 5806738.98470375;PersonalVehicle
1097460;08:13:42;631151.178400272 5803038.3332940675;631455.5960228367 5802626.366215994;PersonalVehicle
1124173;08:13:42;630377.2935286161 5799276.878224155;628904.8319010152 5802054.315508027;PersonalVehicle
1043119;08:13:42;626091.9509013812 5805433.717570138;626024.0704118873 5805327.48144709;PersonalVehicle
1081365;08:13:43;627185.7283990053 5802185.915343062;625506.3564786583 5800324.4571683705;PersonalVehicle
1061197;08:13:45;628342.3703132055 5806065.53438592;627967.1764686404 5803864.632204002;PersonalVehicle
1096574;08:13:45;631288.1929506486 5803507.16889952;631231.4607661448 5803281.843862507;PersonalVehicle
1074008;08:13:46;625506.3564786583 5800324.4571683705;627656.4200967978 5802009.025424336;PersonalVehicle
1091811;08:13:47;630377.2935286161 5799276.878224155;626567.5297264771 5803497.263804136;PersonalVehicle
1125843;08:13:47;625506.3564786583 5800324.4571683705;626770.414031141 5802769.650641345;PersonalVehicle
1009665;08:13:48;629652.2592498541 5806155.0928719295;632357.7464165204 5800288.209577048;PersonalVehicle
1116780;08:13:50;632357.7464165204 5800288.209577048;628228.0104893183 5801154.038691751;PersonalVehicle
1048623;08:13:51;626228.1854037867 5803191.979908657;626149.446271943 5803342.909009363;PersonalVehicle
1059924;08:13:52;628990.7013119506 5804118.1353222625;627846.8069688345 5804116.556093054;PersonalVehicle
1107303;08:13:52;632397.3687882968 5803087.882501804;633672.1088953787 5801895.047217489;PersonalVehicle
1042897;08:13:54;626744.8044173995 5804773.074662389;626373.6888058438 5805288.618621619;PersonalVehicle
401939;08:13:54;634266.520278123 5803737.794336154;626628.2528253632 5803839.9102906;PersonalVehicle
1083196;08:13:55;626562.8411171886 5801232.660522573;625495.2665135056 5806727.877555828;PersonalVehicle
1303814;08:13:56;625506.3564786583 5800324.4571683705;626409.5388929622 5800462.782884928;PersonalVehicle
1059352;08:13:56;629141.9537088654 5804089.460912905;628994.8011605146 5804842.170325814;PersonalVehicle
1032031;08:13:59;627300.8025271702 5804896.440107141;627158.5649772632 5805455.58284534;PersonalVehicle
1145045;08:13:59;625506.3564786583 5800324.4571683705;627478.4834709842 5803385.817086711;PersonalVehicle
1072740;08:13:59;627430.7115545152 5802705.422820288;633672.1088953787 5801895.047217489;PersonalVehicle
1004042;08:13:59;630526.5827617384 5805540.850912831;630872.0811166388 5805729.318792827;PersonalVehicle
1097261;08:14:00;631345.8787263741 5803114.044750584;633672.1088953787 5801895.047217489;PersonalVehicle
1102638;08:14:01;631424.2696868626 5804909.472974352;632788.0365103141 5804169.274763885;PersonalVehicle
1038457;08:14:01;627748.4767467299 5803640.948639417;627895.8752249788 5802640.974370739;PersonalVehicle
1082027;08:14:02;626372.5336273607 5801805.033319917;625506.3564786583 5800324.4571683705;PersonalVehicle
1071752;08:14:02;631243.9690516469 5803931.74458439;625495.2665135056 5806727.877555828;PersonalVehicle
1098320;08:14:03;631247.3278518483 5803187.788107808;632864.7409281575 5801192.85734584;PersonalVehicle
1055527;08:14:03;625506.3564786583 5800324.4571683705;627264.7627761798 5804886.175417146;PersonalVehicle
1004840;08:14:04;632690.47220896 5806726.748725913;629938.4302683529 5807994.653744131;PersonalVehicle
1046289;08:14:05;626423.1192361136 5804523.872583462;627282.6382883039 5802872.434422717;PersonalVehicle
1078576;08:14:06;629205.7944174389 5801575.90844546;625725.8350176855 5805310.570012864;PersonalVehicle
1093894;08:14:06;631923.5081171005 5801323.81289907;630398.494890804 5802862.24272053;PersonalVehicle
1162075;08:14:06;633672.1088953787 5801895.047217489;629726.264724985 5804290.037947104;PersonalVehicle
435494;08:14:07;634266.520278123 5803737.794336154;629951.4921724 5803777.438083253;PersonalVehicle
1015191;08:14:08;628323.5002891342 5809429.202452664;625506.3564786583 5800324.4571683705;PersonalVehicle
1051763;08:14:09;626644.951255913 5803708.853563425;626384.5956757399 5802915.386457456;PersonalVehicle
1010665;08:14:10;628112.690336137 5808616.567097427;628386.6983073577 5808500.441939287;PersonalVehicle
1038067;08:14:11;628008.933733063 5802593.879920377;625495.2665135056 5806727.877555828;PersonalVehicle
1075714;08:14:11;628588.4110613484 5802337.883053376;625506.3564786583 5800324.4571683705;PersonalVehicle
1015058;08:14:11;629506.7417786217 5809297.033842244;630505.8981594739 5807692.076578095;PersonalVehicle
866953;08:14:11;631913.9173730104 5808124.069404383;632049.3516612363 5803175.4418470785;PersonalVehicle
1058086;08:14:11;630578.9857616238 5802202.306825096;631913.9173730104 5808124.069404383;PersonalVehicle
1039609;08:14:12;625904.7375438417 5801304.4185826555;630034.5207685382 5801402.582833892;PersonalVehicle
1078732;08:14:13;629327.7671740818 5802317.301469839;629401.2137016167 5801869.634646247;PersonalVehicle
1353384;08:14:14;625506.3564786583 5800324.4571683705;629193.3045559084 5803148.340971872;PersonalVehicle
1080715;08:14:15;626329.729804658 5802022.303450329;627911.3265504148 5805950.773839432;PersonalVehicle
1053095;08:14:16;625962.040739432 5801451.296407073;625807.4060550405 5801419.493225943;PersonalVehicle
1105435;08:14:17;632357.7464165204 5800288.209577048;632070.4763009343 5802887.245554362;PersonalVehicle
1043830;08:14:18;626837.5189862436 5803128.5264274115;626158.2314856707 5805189.7283418905;PersonalVehicle
962252;08:14:18;630415.2741798055 5806834.291227935;627498.1724596496 5810012.366902584;PersonalVehicle
986313;08:14:20;631913.9173730104 5808124.069404383;628255.5049437052 5805317.921418383;PersonalVehicle
1032055;08:14:21;627677.7086443056 5805324.25869782;627677.7086443056 5805324.25869782;PersonalVehicle
1035679;08:14:22;627719.5088487723 5805156.23416448;627730.2554779714 5804734.264128537;PersonalVehicle
1005160;08:14:23;631233.7297276062 5802463.649627535;628524.0931330995 5805285.061082484;PersonalVehicle
1131536;08:14:23;630377.2935286161 5799276.878224155;628610.1830236125 5801715.881434197;PersonalVehicle
1049599;08:14:23;626373.5509684011 5803687.340264325;632357.7464165204 5800288.209577048;PersonalVehicle
1078188;08:14:24;629439.0580883953 5801732.668372384;629132.6504067774 5802332.142992359;PersonalVehicle
1034246;08:14:26;627327.4712094816 5804221.135409371;627779.4590189714 5805249.265788057;PersonalVehicle
1035915;08:14:30;627682.3622265767 5803561.422458776;625506.3564786583 5800324.4571683705;PersonalVehicle
1043040;08:14:33;626359.7982887987 5805009.793881703;630377.2935286161 5799276.878224155;PersonalVehicle
1038300;08:14:33;626996.4660028858 5803166.106344538;627390.0365258714 5803361.003281919;PersonalVehicle
975240;08:14:35;627498.1724596496 5810012.366902584;629851.0549169986 5803795.767744206;PersonalVehicle
1065627;08:14:35;628087.0851872459 5804930.75301875;628050.7893365957 5804304.88139797;PersonalVehicle
1115675;08:14:35;629050.389407729 5800940.284377625;625506.3564786583 5800324.4571683705;PersonalVehicle
1012638;08:14:35;630818.0293507907 5808058.111439407;632467.4984171423 5807497.034318284;PersonalVehicle
1097955;08:14:36;630438.6871853118 5801066.283121372;625506.3564786583 5800324.4571683705;PersonalVehicle
1067362;08:14:36;628241.1649148278 5804293.020754534;629341.2615497637 5803051.37903149;PersonalVehicle
1066964;08:14:37;628085.4540179166 5803431.037598738;628132.7482737483 5804402.776598364;PersonalVehicle
1045540;08:14:37;626554.8300656085 5804558.96176103;625495.2665135056 5806727.877555828;PersonalVehicle
1058081;08:14:38;630033.9551094101 5803868.564190408;625506.3564786583 5800324.4571683705;PersonalVehicle
1046134;08:14:39;626170.7782879529 5804131.441677477;628610.1830236125 5801715.881434197;PersonalVehicle
1052430;08:14:41;625549.1329638349 5800936.46493261;626568.3008043221 5803941.316110505;PersonalVehicle
1078438;08:14:42;629535.2904864757 5801788.285099121;628626.8615088231 5802074.31945756;PersonalVehicle
1042698;08:14:43;626154.3104638028 5805426.051287102;627498.1724596496 5810012.366902584;PersonalVehicle
1052805;08:14:44;625744.0967620247 5801620.122283354;630405.8609074 5803284.112687559;PersonalVehicle
1080266;08:14:46;629723.4339200078 5801773.983761913;628945.613407287 5800879.8483010605;PersonalVehicle
1072050;08:14:47;630377.2935286161 5799276.878224155;631346.0515017655 5803937.451042252;PersonalVehicle
1058618;08:14:47;629836.2179007258 5803646.479240915;633672.1088953787 5801895.047217489;PersonalVehicle
933029;08:14:47;625506.3564786583 5800324.4571683705;625765.7453745991 5805034.206159923;PersonalVehicle
1093068;08:14:48;630209.0386527985 5802589.898072724;628332.4096649765 5803769.644072075;PersonalVehicle
999851;08:14:48;631913.9173730104 5808124.069404383;629844.8230455391 5806293.985466537;PersonalVehicle
1079730;08:14:50;629691.9744401907 5801928.726105662;630377.2935286161 5799276.878224155;PersonalVehicle
1044855;08:14:50;626892.9001272502 5804393.57239223;626892.9001272502 5804393.57239223;PersonalVehicle
1061628;08:14:51;628339.7576132361 5805991.246896842;625495.2665135056 5806727.877555828;PersonalVehicle
1009835;08:14:51;630347.4448481007 5806795.428314415;625506.3564786583 5800324.4571683705;PersonalVehicle
1086029;08:14:52;628681.5968671994 5801399.901790851;630377.2935286161 5799276.878224155;PersonalVehicle
1015336;08:14:52;628367.6985741851 5808474.598428735;630054.784074881 5809080.69627326;PersonalVehicle
1002868;08:14:53;632015.2936426834 5806617.9420629535;632574.8101528459 5806128.323571663;PersonalVehicle
1053409;08:14:55;625495.2665135056 5806727.877555828;631004.8944412979 5801405.05446863;PersonalVehicle
1126158;08:14:55;625506.3564786583 5800324.4571683705;627492.3525610173 5801070.920978857;PersonalVehicle
1036615;08:14:55;627648.206495713 5803491.907533938;625495.2665135056 5806727.877555828;PersonalVehicle
1079840;08:14:56;629564.9158212731 5802075.72200169;625495.2665135056 5806727.877555828;PersonalVehicle
1089095;08:14:57;629958.8231260936 5801019.772098856;628832.8087522346 5803986.726232511;PersonalVehicle
1046972;08:14:57;626050.9829549149 5804092.715000081;629177.6345589808 5804386.911873114;PersonalVehicle
1075782;08:14:59;628756.5624660876 5802282.470673759;628080.7599935469 5809247.340730375;PersonalVehicle
1137025;08:15:01;625506.3564786583 5800324.4571683705;628826.9434474192 5804456.342580509;PersonalVehicle
1094386;08:15:01;629952.1787320136 5802252.13195696;629328.6472022497 5804400.72651118;PersonalVehicle
1089783;08:15:04;625506.3564786583 5800324.4571683705;627513.4419408656 5800904.369582447;PersonalVehicle
1103333;08:15:05;631494.7888040587 5804521.787090107;627467.7036338786 5801350.716498636;PersonalVehicle
1042712;08:15:07;626429.7570512712 5804982.811221024;631913.9173730104 5808124.069404383;PersonalVehicle
1090882;08:15:09;625506.3564786583 5800324.4571683705;628703.2190784711 5802290.978764386;PersonalVehicle
1090266;08:15:09;625506.3564786583 5800324.4571683705;630032.4183244032 5800110.634848342;PersonalVehicle
1113503;08:15:11;633672.1088953787 5801895.047217489;628860.2046859794 5802819.951858835;PersonalVehicle
1078493;08:15:11;629419.0396963776 5801981.27035483;628222.9164534451 5801733.801679777;PersonalVehicle
1121641;08:15:13;633672.1088953787 5801895.047217489;631290.1159952842 5802414.232854722;PersonalVehicle
1337273;08:15:13;625506.3564786583 5800324.4571683705;631239.8785851833 5800551.09778453;PersonalVehicle
1089582;08:15:13;625506.3564786583 5800324.4571683705;627508.8460509231 5802172.526393905;PersonalVehicle
936112;08:15:14;625506.3564786583 5800324.4571683705;628918.4695337266 5803808.142301383;PersonalVehicle
1507795;08:15:15;625506.3564786583 5800324.4571683705;626938.0172144024 5801928.619220715;PersonalVehicle
1093400;08:15:16;630580.2972972264 5801913.129520777;628262.8288684486 5801906.138594799;PersonalVehicle
1129082;08:15:16;625506.3564786583 5800324.4571683705;627633.629735168 5802332.022101842;PersonalVehicle
1013251;08:15:18;625506.3564786583 5800324.4571683705;631017.5073630891 5808514.642685091;PersonalVehicle
1459378;08:15:18;625506.3564786583 5800324.4571683705;629237.3541713199 5803164.399698246;PersonalVehicle
1101941;08:15:20;631215.0005540415 5804566.741292507;629537.8220712682 5804137.228052828;PersonalVehicle
1100161;08:15:20;631739.5012282946 5802285.812372925;631796.36146486 5801652.989501769;PersonalVehicle
985882;08:15:21;631913.9173730104 5808124.069404383;630056.1387597562 5803232.707443466;PersonalVehicle
1064852;08:15:22;628167.1998052084 5804833.762626354;625506.3564786583 5800324.4571683705;PersonalVehicle
1011301;08:15:22;629067.860467684 5808611.088693173;629067.860467684 5808611.088693173;PersonalVehicle
1093739;08:15:22;630754.2458232015 5802469.672001645;631913.9173730104 5808124.069404383;PersonalVehicle
787494;08:15:23;632357.7464165204 5800288.209577048;627950.5796081924 5801494.963463131;PersonalVehicle
1064589;08:15:24;627807.0972263855 5804307.660365084;626385.3236617857 5803343.310659753;PersonalVehicle
1069869;08:15:24;629147.5685541757 5803721.926824642;630910.944974377 5804260.347726828;PersonalVehicle
1083874;08:15:26;627889.3898851066 5801092.721567062;629835.221642144 5801362.37948678;PersonalVehicle
704046;08:15:26;634266.520278123 5803737.794336154;631258.56115709 5800242.6032491;PersonalVehicle
1038757;08:15:27;627763.4554168917 5803309.69075854;629305.538728175 5804861.299497069;PersonalVehicle
1092911;08:15:28;630577.4295790009 5802494.31854349;629238.5884170891 5803732.612349863;PersonalVehicle
1040361;08:15:28;627791.0209406363 5803232.309737716;627124.5404005814 5802921.954562901;PersonalVehicle
1109326;08:15:30;632357.7464165204 5800288.209577048;628440.3670706921 5804115.9387961505;PersonalVehicle
1088956;08:15:30;625506.3564786583 5800324.4571683705;629078.5987493164 5800683.162923052;PersonalVehicle
1065748;08:15:32;628146.6501853107 5803782.047588912;628102.725873729 5804341.851281033;PersonalVehicle
1059450;08:15:33;629110.2978118233 5804347.342140942;628351.4981072164 5802154.670320354;PersonalVehicle
1065584;08:15:33;627971.7123910612 5804577.181003605;627939.5771699063 5804105.395890375;PersonalVehicle
1100931;08:15:34;631694.9039600774 5802437.810365206;630161.4297836345 5802566.340334973;PersonalVehicle
1116732;08:15:34;633672.1088953787 5801895.047217489;627297.02440533 5800869.378325583;PersonalVehicle
1172347;08:15:35;634266.520278123 5803737.794336154;627787.4712668882 5806223.0973197;PersonalVehicle
1098111;08:15:35;632324.8389327765 5801703.214738083;632014.5515943599 5800474.609423232;PersonalVehicle
997588;08:15:35;631913.9173730104 5808124.069404383;628214.0397195625 5805644.985435249;PersonalVehicle
1106065;08:15:38;632196.9802351533 5803374.898873421;630377.2935286161 5799276.878224155;PersonalVehicle
1097460;08:15:38;631455.5960228367 5802626.366215994;631151.178400272 5803038.3332940675;PersonalVehicle
1352564;08:15:38;625506.3564786583 5800324.4571683705;627566.6393013268 5806249.947707472;PersonalVehicle
1191173;08:15:39;633672.1088953787 5801895.047217489;631967.9090001353 5803033.9326078575;PersonalVehicle
1087826;08:15:40;629582.0713500065 5800998.838718739;628158.8943062131 5806121.6863561;PersonalVehicle
1106172;08:15:42;632477.0595809446 5803101.994536052;632499.6724610117 5803335.404330061;PersonalVehicle
1061262;08:15:42;627941.6241647863 5806075.154349093;627819.9250916033 5806371.542704506;PersonalVehicle
1046288;08:15:42;625603.2764297018 5804095.706662776;628915.2084297161 5804307.149304067;PersonalVehicle
1097773;08:15:42;631357.0905739064 5803008.265871452;632106.4910812476 5803443.093984765;PersonalVehicle
1071249;08:15:43;630185.7356678051 5803644.568962341;625506.3564786583 5800324.4571683705;PersonalVehicle
1065522;08:15:44;630266.9840284949 5802584.848692935;630266.9840284949 5802584.848692935;PersonalVehicle
1051680;08:15:45;626032.4520946976 5802037.505753845;626217.188283476 5802195.550074621;PersonalVehicle
1061049;08:15:45;628677.5079176578 5805061.396359529;628436.0245972801 5805955.933967476;PersonalVehicle
1054046;08:15:46;625506.3564786583 5800324.4571683705;630964.3114111976 5803861.307606163;PersonalVehicle
913534;08:15:46;625495.2665135056 5806727.877555828;625925.4685191432 5804597.509330706;PersonalVehicle
694585;08:15:48;634266.520278123 5803737.794336154;631771.5966342796 5806909.321810398;PersonalVehicle
1102512;08:15:48;629679.153242025 5803961.390672714;632177.044084091 5804289.829491892;PersonalVehicle
999717;08:15:50;631913.9173730104 5808124.069404383;630244.7761334782 5801738.264762277;PersonalVehicle
1101325;08:15:50;631779.6124224691 5802450.439787964;632110.2704213414 5801610.201784471;PersonalVehicle
1105572;08:15:51;631775.8083860137 5802945.887675356;625495.2665135056 5806727.877555828;PersonalVehicle
1122618;08:15:51;633672.1088953787 5801895.047217489;628864.4938772299 5804672.76163095;PersonalVehicle
1081013;08:15:52;626780.7959759659 5801798.130777217;629044.0771215068 5801905.521872942;PersonalVehicle
1093618;08:15:52;630383.5476638101 5802787.71877948;630110.7053655072 5803523.6086120475;PersonalVehicle
1101328;08:15:53;631573.0105687418 5802206.453722969;631702.834711576 5802117.549476458;PersonalVehicle
1053934;08:15:58;627351.9393711706 5803346.442285336;627084.7409531323 5803435.018572038;PersonalVehicle
919371;08:15:58;625495.2665135056 5806727.877555828;627852.7608317941 5802355.941338132;PersonalVehicle
1074369;08:15:58;632357.7464165204 5800288.209577048;629039.4545156191 5804289.138790642;PersonalVehicle
980933;08:15:59;627498.1724596496 5810012.366902584;625842.6997735141 5806306.569683672;PersonalVehicle
1062884;08:15:59;628992.3417865848 5805167.626407841;625506.3564786583 5800324.4571683705;PersonalVehicle
1043356;08:16:00;625860.5755599858 5805080.603922147;625506.3564786583 5800324.4571683705;PersonalVehicle
1013497;08:16:00;630079.7295011429 5807381.5024250625;634266.520278123 5803737.794336154;PersonalVehicle
1064153;08:16:00;628229.3548319973 5805051.9208588945;632357.7464165204 5800288.209577048;PersonalVehicle
1050354;08:16:02;625852.728613853 5802085.598587631;625495.2665135056 5806727.877555828;PersonalVehicle
1075685;08:16:06;628812.1287042887 5802103.4568463825;628812.1287042887 5802103.4568463825;PersonalVehicle
1110493;08:16:12;632357.7464165204 5800288.209577048;631037.0163269335 5802641.418314999;PersonalVehicle
1106783;08:16:12;631202.4284006732 5802939.640703112;632110.9602512275 5803065.125566771;PersonalVehicle
1037210;08:16:12;627619.6281428402 5803696.91356892;625506.3564786583 5800324.4571683705;PersonalVehicle
1015454;08:16:15;630412.9915981499 5805611.7051531905;628824.7777191214 5809125.535218033;PersonalVehicle
1085127;08:16:15;629221.8679021653 5800983.764648999;625506.3564786583 5800324.4571683705;PersonalVehicle
1123654;08:16:17;631492.474848517 5806967.182004024;631215.9850831955 5807019.23757196;PersonalVehicle
1054095;08:16:17;625506.3564786583 5800324.4571683705;625866.7830010407 5805414.74769627;PersonalVehicle
998273;08:16:18;631913.9173730104 5808124.069404383;628196.5298714108 5803160.606701081;PersonalVehicle
1477313;08:16:19;625506.3564786583 5800324.4571683705;629438.5120113359 5803159.3420279175;PersonalVehicle
1090310;08:16:20;625506.3564786583 5800324.4571683705;631281.3209965262 5805810.691972681;PersonalVehicle
1073982;08:16:20;628181.3878149181 5802273.613506154;627654.8186237428 5802387.717664575;PersonalVehicle
1005210;08:16:20;633464.6107023283 5806269.528290951;630247.1215549245 5807194.308096805;PersonalVehicle
1063345;08:16:22;627151.1114655995 5804391.731613293;628233.6227510199 5804602.986522518;PersonalVehicle
287818;08:16:23;634266.520278123 5803737.794336154;628904.6134760178 5804917.828618245;PersonalVehicle
1048902;08:16:24;626228.6354067435 5803328.4749708865;625506.3564786583 5800324.4571683705;PersonalVehicle
1045301;08:16:26;626590.5257873106 5804294.433071003;625805.7370243273 5804540.212931897;PersonalVehicle
1190266;08:16:27;633672.1088953787 5801895.047217489;630820.9148798664 5799900.291690554;PersonalVehicle
1106688;08:16:27;631690.2106121188 5801961.453764859;632417.804225127 5803317.490890514;PersonalVehicle
1069608;08:16:28;630730.5378764227 5804317.786799598;630935.0031091825 5803348.088274776;PersonalVehicle
1383187;08:16:28;625506.3564786583 5800324.4571683705;628563.5841526743 5805573.191417909;PersonalVehicle
1068767;08:16:32;629371.752244396 5803061.427542081;630616.0322607337 5801047.941141558;PersonalVehicle
1004757;08:16:34;631325.3039098582 5807168.598821091;633146.7276849264 5806402.565550269;PersonalVehicle
1075524;08:16:34;628726.6704304348 5801924.448406296;632357.7464165204 5800288.209577048;PersonalVehicle
1002419;08:16:35;633210.1287477053 5805788.719339453;633672.1088953787 5801895.047217489;PersonalVehicle
1035522;08:16:35;627390.3962694872 5804363.993595312;626567.3456492503 5803256.934852464;PersonalVehicle
927153;08:16:36;625495.2665135056 5806727.877555828;629041.8108522482 5804423.695719686;PersonalVehicle
1044978;08:16:36;626526.3629618431 5804230.800766341;625495.2665135056 5806727.877555828;PersonalVehicle
1114947;08:16:37;633672.1088953787 5801895.047217489;627881.0783057136 5804393.220385566;PersonalVehicle
1098319;08:16:37;631584.2726263416 5801408.329215935;632357.7464165204 5800288.209577048;PersonalVehicle
1062908;08:16:37;628291.9579062033 5805606.611307931;628291.9579062033 5805606.611307931;PersonalVehicle
1069458;08:16:38;631357.5287934716 5803859.142648059;632523.288551565 5803370.981916867;PersonalVehicle
1014241;08:16:41;628109.3788429982 5809818.261216841;625495.2665135056 5806727.877555828;PersonalVehicle
1101320;08:16:41;631554.4857077849 5802259.576054749;625495.2665135056 5806727.877555828;PersonalVehicle
1015190;08:16:41;627498.1724596496 5810012.366902584;629533.7750904504 5809584.752966553;PersonalVehicle
1004760;08:16:42;632841.6374249771 5806400.497748799;631271.3179211719 5808177.789503961;PersonalVehicle
962450;08:16:43;625495.2665135056 5806727.877555828;628045.6398205124 5808915.18877814;PersonalVehicle
1050764;08:16:43;628296.050442216 5803162.742846901;625561.4502137466 5802876.496470924;PersonalVehicle
1036505;08:16:45;627715.5188363777 5803489.50182033;630735.2079137146 5802569.046837702;PersonalVehicle
1078867;08:16:46;629490.3219726403 5802158.597480757;629490.3219726403 5802158.597480757;PersonalVehicle
1062944;08:16:47;628432.8508426655 5805228.745050459;625888.4069619603 5804898.2378765205;PersonalVehicle
1050407;08:16:48;626095.2184882823 5802859.704510387;627219.0678722943 5805008.153849818;PersonalVehicle
1052358;08:16:48;625654.4259398875 5800877.431187873;626398.207946187 5805125.486303618;PersonalVehicle
1039499;08:16:48;627224.7121149888 5803741.466773407;627756.9251377167 5802969.100407471;PersonalVehicle
1002729;08:16:49;630553.8240657018 5805762.7328389175;630526.3610539876 5805799.642698715;PersonalVehicle
1069099;08:16:49;628726.2920678256 5802913.533945236;631913.9173730104 5808124.069404383;PersonalVehicle
1009480;08:16:50;630502.2795370241 5806829.207619587;630502.2795370241 5806829.207619587;PersonalVehicle
1100332;08:16:51;631846.287208825 5802033.789416324;629933.1675328347 5803980.920349578;PersonalVehicle
987901;08:16:51;631913.9173730104 5808124.069404383;629239.9228560411 5804550.363696381;PersonalVehicle
1053085;08:16:51;625499.6143411906 5800715.164188322;626038.9816911598 5801472.962781992;PersonalVehicle
1337544;08:16:51;625506.3564786583 5800324.4571683705;631248.7912300286 5803795.509947887;PersonalVehicle
1121941;08:16:52;633672.1088953787 5801895.047217489;632121.017809052 5801863.684528942;PersonalVehicle
1043601;08:16:53;625935.3462370405 5804870.35811514;628104.0154200216 5803979.649292192;PersonalVehicle
1057021;08:16:57;625495.2665135056 5806727.877555828;627522.9194091782 5803887.285600686;PersonalVehicle
1146965;08:17:00;633672.1088953787 5801895.047217489;626512.8268653936 5804932.56001614;PersonalVehicle
1064655;08:17:02;628160.891703235 5804648.104912302;628363.7768894674 5803562.3587646345;PersonalVehicle
952794;08:17:02;625495.2665135056 5806727.877555828;630607.106885769 5803795.552001166;PersonalVehicle
1043068;08:17:03;628807.3768942615 5805485.489704904;625940.3563214706 5804555.617367575;PersonalVehicle
1100878;08:17:05;632921.973375705 5801268.037862624;632050.3057681054 5802244.859265334;PersonalVehicle
1043544;08:17:06;630377.2935286161 5799276.878224155;626586.2539945134 5804930.648237754;PersonalVehicle
966788;08:17:06;625495.2665135056 5806727.877555828;628467.4701878248 5803027.810372679;PersonalVehicle
1042949;08:17:07;625745.6574395252 5804801.696828382;625913.13013942 5802069.808141802;PersonalVehicle
1052471;08:17:09;625663.8716785792 5801454.607798456;627774.2883256266 5804395.877284945;PersonalVehicle
1016470;08:17:09;625844.2509112863 5805239.631492762;625506.3564786583 5800324.4571683705;PersonalVehicle
1104204;08:17:09;628907.3519377278 5802077.393503321;631684.0471793793 5803328.606478151;PersonalVehicle
1087812;08:17:11;629571.6546876143 5800945.138334547;629454.7996891858 5800903.954515923;PersonalVehicle
1070069;08:17:11;630562.9793140953 5803250.247162943;625495.2665135056 5806727.877555828;PersonalVehicle
1116394;08:17:11;633672.1088953787 5801895.047217489;628660.5191775038 5803828.472456879;PersonalVehicle
1038480;08:17:11;629066.7504877641 5801007.535301028;626988.1992531195 5803264.824365294;PersonalVehicle
1101366;08:17:12;630014.593951549 5802404.43979676;631554.4857077849 5802259.576054749;PersonalVehicle
1095704;08:17:14;631007.3728096168 5802566.149964802;631193.6900878702 5802462.225933131;PersonalVehicle
1077545;08:17:14;629469.3261028628 5801834.432506184;629230.4353324156 5803044.62367716;PersonalVehicle
1019546;08:17:14;625495.2665135056 5806727.877555828;627097.0243283234 5803414.90459322;PersonalVehicle
1080657;08:17:15;626891.2749911181 5801695.970986524;628044.2396584431 5802130.250303518;PersonalVehicle
1061402;08:17:16;629008.9143335258 5801942.542667321;628321.5189011032 5805309.611615197;PersonalVehicle
1006473;08:17:16;631967.026937202 5807112.122876222;629817.385437084 5803253.763012507;PersonalVehicle
1100504;08:17:16;632176.0300329872 5801919.693859451;629251.8656050998 5802579.163265505;PersonalVehicle
974032;08:17:17;625495.2665135056 5806727.877555828;629169.0094711381 5809651.267010192;PersonalVehicle
1037429;08:17:18;626698.5736714373 5803251.78063944;632357.7464165204 5800288.209577048;PersonalVehicle
1079300;08:17:18;628596.5053543539 5803157.1445541;629661.1815958249 5801786.990790016;PersonalVehicle
1004076;08:17:22;631826.7668277945 5806536.807248941;632118.666226954 5806587.946746772;PersonalVehicle
1095964;08:17:23;630911.6861198295 5802061.713500621;630455.1142006984 5802316.985381788;PersonalVehicle
993209;08:17:24;630635.0900896329 5805564.378663476;631913.9173730104 5808124.069404383;PersonalVehicle
1087692;08:17:24;629833.021609098 5800825.825794521;628064.0848342556 5803939.028970681;PersonalVehicle
1105804;08:17:25;631869.1669390831 5803479.013821245;631913.9173730104 5808124.069404383;PersonalVehicle
981299;08:17:26;627498.1724596496 5810012.366902584;629066.5196184372 5802926.315408755;PersonalVehicle
1013562;08:17:26;630683.5507315445 5808207.204564081;630632.2250166324 5808200.241012325;PersonalVehicle
1008615;08:17:28;630834.9174137501 5806984.850369673;632394.7566727846 5807518.543293231;PersonalVehicle
824939;08:17:28;632357.7464165204 5800288.209577048;628549.5103045915 5803197.087260104;PersonalVehicle
1062861;08:17:28;628553.3132821338 5805499.617169324;628147.0862704513 5805962.505128107;PersonalVehicle
1525848;08:17:29;625506.3564786583 5800324.4571683705;628623.6867816958 5804246.405233008;PersonalVehicle
1064784;08:17:29;628282.3186077045 5804696.369806419;628797.1033403026 5804823.6424568985;PersonalVehicle
1103066;08:17:30;632796.4408381352 5803750.895259388;625506.3564786583 5800324.4571683705;PersonalVehicle
993760;08:17:33;631913.9173730104 5808124.069404383;628110.8472954461 5805460.186707138;PersonalVehicle
1013625;08:17:35;629936.4282422023 5807882.274559499;633672.1088953787 5801895.047217489;PersonalVehicle
1057664;08:17:35;627498.1724596496 5810012.366902584;629641.1977133513 5804194.183641736;PersonalVehicle
1035543;08:17:36;627529.8451220142 5804434.693010134;627086.6610499893 5803782.840706903;PersonalVehicle
1077835;08:17:37;629375.2761863263 5802092.995073488;628199.0333709676 5805437.770310465;PersonalVehicle
1029581;08:17:38;625506.3564786583 5800324.4571683705;626053.1442076154 5805023.575860013;PersonalVehicle
1056552;08:17:39;628625.9140760995 5802789.697072905;628395.4903409905 5803494.414898474;PersonalVehicle
1332931;08:17:39;625506.3564786583 5800324.4571683705;629291.6201831523 5804113.503372835;PersonalVehicle
1072989;08:17:40;631079.6116976122 5802986.71554331;629796.2457479576 5800630.528963828;PersonalVehicle
1102666;08:17:40;632746.4425351422 5800785.523361956;634266.520278123 5803737.794336154;PersonalVehicle
1078568;08:17:41;629287.3447904811 5801612.502384425;627523.5660572898 5802328.3449088335;PersonalVehicle
1010551;08:17:41;629954.447756683 5806657.447629394;629702.9171951998 5807248.963153125;PersonalVehicle
1035883;08:17:41;627622.6694488304 5805008.273225815;625506.3564786583 5800324.4571683705;PersonalVehicle
1124264;08:17:45;632357.7464165204 5800288.209577048;629723.2123641974 5800641.4411721025;PersonalVehicle
862762;08:17:46;631913.9173730104 5808124.069404383;628898.2586478688 5802798.644447623;PersonalVehicle
1088790;08:17:46;629299.0960538887 5800388.247311761;625506.3564786583 5800324.4571683705;PersonalVehicle
1014215;08:17:46;629357.1555103337 5809645.112081814;627823.0632220437 5802646.942487433;PersonalVehicle
1103497;08:17:46;632357.126183499 5803639.677872036;632380.6992791438 5800770.286833602;PersonalVehicle
911993;08:17:46;625495.2665135056 5806727.877555828;627365.5336083352 5802067.149433078;PersonalVehicle
1103541;08:17:47;632141.1005020246 5804298.614782418;632607.2821602817 5804770.618916933;PersonalVehicle
1094108;08:17:47;630364.3955981869 5801617.777853256;630105.3723228573 5802048.435571969;PersonalVehicle
1010913;08:17:48;629158.0064177517 5808365.428655825;630194.1223456368 5806882.973116881;PersonalVehicle
1037429;08:17:48;632357.7464165204 5800288.209577048;626698.5736714373 5803251.78063944;PersonalVehicle
1218362;08:17:49;625506.3564786583 5800324.4571683705;629937.989025252 5805847.339549924;PersonalVehicle
930483;08:17:49;625506.3564786583 5800324.4571683705;629081.8843226298 5804034.143695537;PersonalVehicle
1114869;08:17:49;633672.1088953787 5801895.047217489;628265.142633865 5804413.413275126;PersonalVehicle
1042141;08:17:50;631389.3922735328 5803514.618035814;625811.1053917985 5805103.181261698;PersonalVehicle
1037682;08:17:51;627394.2600566471 5803951.224805621;628512.3358013547 5804110.53131782;PersonalVehicle
954360;08:17:53;625495.2665135056 5806727.877555828;631504.3522190652 5806819.983820575;PersonalVehicle
1120846;08:17:53;631451.2832777392 5807282.50563328;633672.1088953787 5801895.047217489;PersonalVehicle
1106423;08:17:54;631941.9495513152 5803210.748029474;632334.3839801544 5803258.379954099;PersonalVehicle
1009658;08:17:54;630299.8327210685 5807074.452234123;630095.5544752345 5806498.140315461;PersonalVehicle
915621;08:17:56;625495.2665135056 5806727.877555828;629008.9119419787 5804662.890941432;PersonalVehicle
1018880;08:17:56;626877.0952006971 5803186.944473943;625495.2665135056 5806727.877555828;PersonalVehicle
1084340;08:17:57;627652.6768914431 5801281.120311102;631262.3340250545 5800304.050270103;PersonalVehicle
788229;08:18:01;632357.7464165204 5800288.209577048;631400.9203401431 5806423.578224961;PersonalVehicle
1052742;08:18:03;625829.1427558957 5801712.665463446;625645.5805160347 5801614.395873131;PersonalVehicle
1097214;08:18:04;631094.7579836124 5803089.846463205;625506.3564786583 5800324.4571683705;PersonalVehicle
1074698;08:18:04;628594.5211265188 5801821.38210958;634266.520278123 5803737.794336154;PersonalVehicle
1036987;08:18:05;627134.4011416815 5800684.684149594;627734.5294212413 5803509.870578004;PersonalVehicle
1104399;08:18:05;631801.8789060998 5802874.647445122;631942.8256169001 5802851.233406255;PersonalVehicle
1049813;08:18:05;626798.3555525988 5803808.528528403;625506.3564786583 5800324.4571683705;PersonalVehicle
1162968;08:18:06;634266.520278123 5803737.794336154;627776.7110424758 5806750.523964359;PersonalVehicle
956099;08:18:07;626067.847826306 5805391.071269124;625506.3564786583 5800324.4571683705;PersonalVehicle
1105958;08:18:07;632172.2430376766 5802885.021693879;632423.647201821 5800568.140406429;PersonalVehicle
1120137;08:18:08;633672.1088953787 5801895.047217489;628246.2322737229 5802845.264751524;PersonalVehicle
1035624;08:18:11;632357.7464165204 5800288.209577048;627846.6489868078 5805215.828576474;PersonalVehicle
923617;08:18:12;625495.2665135056 5806727.877555828;630634.7844466628 5802216.724788073;PersonalVehicle
1011886;08:18:12;628683.1994065092 5807671.660522713;627498.1724596496 5810012.366902584;PersonalVehicle
1083634;08:18:12;627806.4126162974 5801354.408592782;626433.8647405044 5800392.555601135;PersonalVehicle
1092428;08:18:13;630633.3615390393 5802052.416148547;630377.2935286161 5799276.878224155;PersonalVehicle
1060751;08:18:14;628614.0282299994 5806063.342475822;625506.3564786583 5800324.4571683705;PersonalVehicle
1084999;08:18:14;629375.6244293951 5801334.080925385;630032.4183244032 5800110.634848342;PersonalVehicle
1087673;08:18:16;629323.8784073034 5800807.490316042;631913.9173730104 5808124.069404383;PersonalVehicle
1056739;08:18:17;625506.3564786583 5800324.4571683705;629910.3751540739 5804606.00525353;PersonalVehicle
1051184;08:18:17;626080.8308393972 5801841.154703153;626510.9569105092 5802783.731157636;PersonalVehicle
1091672;08:18:18;630377.2935286161 5799276.878224155;631568.1499860059 5806959.721384765;PersonalVehicle
858076;08:18:18;631913.9173730104 5808124.069404383;628696.1640637264 5803843.109898884;PersonalVehicle
1033914;08:18:19;627356.1095380725 5805026.669550298;628821.9020010935 5803145.564965472;PersonalVehicle
1081318;08:18:21;626837.8781785605 5802214.571152289;632357.7464165204 5800288.209577048;PersonalVehicle
1100344;08:18:21;631661.4420860936 5801989.428317978;629722.8437728398 5804314.140611455;PersonalVehicle
1034190;08:18:23;627443.691986862 5804656.060764736;627312.3221578937 5804187.121350355;PersonalVehicle
1087623;08:18:23;629663.6948565607 5800644.830918507;628102.725873729 5804341.851281033;PersonalVehicle
1058517;08:18:24;629685.306230182 5804346.075893735;629023.3146937629 5804751.561329965;PersonalVehicle
1105738;08:18:24;631535.1422327636 5803436.995133258;633672.1088953787 5801895.047217489;PersonalVehicle
1038775;08:18:26;627265.5855876287 5802922.175485803;627341.4113944379 5802003.160195022;PersonalVehicle
1051556;08:18:26;626210.6681351203 5803045.904359196;626650.5826083589 5800866.7425802145;PersonalVehicle
1324657;08:18:27;625506.3564786583 5800324.4571683705;630121.7325903381 5801450.425595497;PersonalVehicle
1004531;08:18:27;633452.3474304025 5806660.875477337;625495.2665135056 5806727.877555828;PersonalVehicle
1050694;08:18:29;626064.6925947163 5802656.464725483;626039.8782661462 5802569.191924566;PersonalVehicle
1045266;08:18:31;626773.1877354201 5804450.864003896;625506.3564786583 5800324.4571683705;PersonalVehicle
1060622;08:18:32;628546.3161917597 5805176.719506277;631913.9173730104 5808124.069404383;PersonalVehicle
1069734;08:18:32;630504.4520167346 5803993.355274036;632357.7464165204 5800288.209577048;PersonalVehicle
1105085;08:18:33;631941.9495513152 5803210.748029474;630377.2935286161 5799276.878224155;PersonalVehicle
846812;08:18:33;631913.9173730104 5808124.069404383;629916.5789340877 5806361.070390357;PersonalVehicle
985915;08:18:34;631913.9173730104 5808124.069404383;631229.2689968706 5803281.312984402;PersonalVehicle
1095704;08:18:34;631193.6900878702 5802462.225933131;631007.3728096168 5802566.149964802;PersonalVehicle
1197219;08:18:34;625506.3564786583 5800324.4571683705;627871.8665651164 5801572.705796445;PersonalVehicle
1081712;08:18:35;625814.1469007453 5801375.380491394;626645.0140609059 5801492.534815175;PersonalVehicle
1066572;08:18:35;628334.3208559178 5803836.935680363;625506.3564786583 5800324.4571683705;PersonalVehicle
1053030;08:18:35;628182.755589315 5802876.411654158;625506.3564786583 5800324.4571683705;PersonalVehicle
1062293;08:18:35;628234.1152055191 5805748.702903129;625495.2665135056 5806727.877555828;PersonalVehicle
1050678;08:18:36;626073.0754388103 5801785.20450128;630774.6326856916 5803703.124941552;PersonalVehicle
1093190;08:18:36;630257.5389835242 5802339.86135335;630982.3969120757 5802597.144638936;PersonalVehicle
1064728;08:18:39;628171.6032265165 5804610.045963767;627089.7810866673 5803893.768054391;PersonalVehicle
1083647;08:18:40;628149.6280149973 5801263.18651803;627701.3274622422 5806291.426026086;PersonalVehicle
1075344;08:18:42;628671.0160451531 5802420.879784051;629088.1051609886 5803890.015116696;PersonalVehicle
841249;08:18:42;631913.9173730104 5808124.069404383;628181.5239071279 5803265.402469812;PersonalVehicle
1097228;08:18:44;631028.533584613 5803138.004486221;631290.1159952842 5802414.232854722;PersonalVehicle
1064040;08:18:45;629935.6830451129 5803758.308357792;628322.6258301855 5804855.854857959;PersonalVehicle
1127687;08:18:45;628774.7738238582 5800348.456050149;625506.3564786583 5800324.4571683705;PersonalVehicle
1066437;08:18:45;628059.3789210324 5803740.893914278;632484.2311996995 5807308.047919606;PersonalVehicle
1041239;08:18:45;626335.3015163302 5805264.508778453;626674.7477598364 5803486.962720291;PersonalVehicle
1106574;08:18:46;630040.2583106937 5806084.32701056;632353.8046313446 5803418.691008848;PersonalVehicle
1093162;08:18:46;630496.5437076669 5802542.7352307895;625506.3564786583 5800324.4571683705;PersonalVehicle
901402;08:18:48;627498.1724596496 5810012.366902584;625965.6030280814 5805397.200615538;PersonalVehicle
1097086;08:18:48;631527.4528423327 5802673.320538486;628999.6715509765 5801288.043278593;PersonalVehicle
1076906;08:18:49;628552.8223937757 5801597.744250834;632331.5418828365 5803470.824026906;PersonalVehicle
1042916;08:18:52;626646.4254860992 5804799.911856973;628149.6280149973 5801263.18651803;PersonalVehicle
1032426;08:18:52;627264.7627761798 5804886.175417146;628114.8927228837 5801981.1458845055;PersonalVehicle
1096426;08:18:52;630735.8231234638 5801969.692776554;627768.7743289577 5806275.573038437;PersonalVehicle
1097465;08:18:52;631250.8597532891 5803456.957442643;628875.3149871574 5804703.947483441;PersonalVehicle
1021303;08:18:52;625506.3564786583 5800324.4571683705;627070.0287048765 5803775.8129247455;PersonalVehicle
1080142;08:18:52;629702.9072977527 5801624.937875298;630338.7902520561 5802083.928082294;PersonalVehicle
1114925;08:18:53;632357.7464165204 5800288.209577048;628126.3611186184 5804332.978887483;PersonalVehicle
1047362;08:18:53;627290.8124999524 5802168.411152543;625495.2665135056 5806727.877555828;PersonalVehicle
1058893;08:18:53;629110.2978118233 5804347.342140942;627186.8053174996 5801954.290796148;PersonalVehicle
1011090;08:18:54;630922.7620568555 5805986.66930316;628075.4630659687 5808876.981982836;PersonalVehicle
1014833;08:18:55;628545.4930692737 5809403.303532919;629089.2554140096 5808089.968239434;PersonalVehicle
1069855;08:18:56;630247.3449509192 5803706.6372276;630143.4896950861 5803092.842581437;PersonalVehicle
1075820;08:18:56;632042.1106494432 5802446.854016234;628616.0451989044 5802120.397915489;PersonalVehicle
1058302;08:19:00;629552.9898341801 5804269.934722488;629398.1749253621 5804115.034886557;PersonalVehicle
961734;08:19:00;625495.2665135056 5806727.877555828;625776.5181333658 5803992.878610565;PersonalVehicle
1008148;08:19:01;631314.2004913772 5808066.523090879;625495.2665135056 5806727.877555828;PersonalVehicle
1053672;08:19:03;625506.3564786583 5800324.4571683705;627695.5523556323 5804175.89171232;PersonalVehicle
1103913;08:19:06;632094.2667239206 5802688.209576235;628596.7698102751 5803728.18543707;PersonalVehicle
1060563;08:19:07;628429.2391268448 5805206.453575682;627768.3862007578 5806031.802741553;PersonalVehicle
1050332;08:19:08;625855.7452560824 5802021.203000419;626099.1659374498 5802212.278849784;PersonalVehicle
1027679;08:19:09;625744.0967620247 5801620.122283354;625506.3564786583 5800324.4571683705;PersonalVehicle
1090064;08:19:12;625506.3564786583 5800324.4571683705;628541.5118891537 5802217.595871908;PersonalVehicle
1085609;08:19:13;628919.8194941778 5801204.716472494;634266.520278123 5803737.794336154;PersonalVehicle
1099768;08:19:13;630504.3417864382 5801365.69693655;625543.2049264518 5803359.419514061;PersonalVehicle
995555;08:19:13;631913.9173730104 5808124.069404383;630970.192743989 5806129.5671267;PersonalVehicle
1058335;08:19:14;629928.9699540364 5804041.413407579;629940.4672308732 5803885.296239656;PersonalVehicle
1125277;08:19:15;632357.7464165204 5800288.209577048;632689.9061004933 5806221.662234613;PersonalVehicle
1080935;08:19:15;626878.2645830789 5801854.47059423;627207.1508767477 5802101.53668595;PersonalVehicle
1074160;08:19:15;627891.2073925618 5806047.4545829585;627745.3903241222 5802633.577449232;PersonalVehicle
1069293;08:19:16;628924.8771785505 5803010.674488395;628435.665531471 5803283.023825721;PersonalVehicle
1047407;08:19:16;626588.169905443 5803333.4214489795;634266.520278123 5803737.794336154;PersonalVehicle
1117112;08:19:16;632357.7464165204 5800288.209577048;629862.827413213 5803464.097239878;PersonalVehicle
1067625;08:19:16;628688.4217138626 5803001.658682574;628713.349023627 5802880.49773843;PersonalVehicle
1093739;08:19:17;630580.2972972264 5801913.129520777;630754.2458232015 5802469.672001645;PersonalVehicle
1063978;08:19:18;628065.3900067199 5804849.984849728;628081.9314651957 5804706.001534394;PersonalVehicle
1095172;08:19:19;630744.4785524816 5802504.064668039;625506.3564786583 5800324.4571683705;PersonalVehicle
1128392;08:19:19;625506.3564786583 5800324.4571683705;628984.682996817 5802774.164433663;PersonalVehicle
1041907;08:19:19;626091.9509013812 5805433.717570138;627343.8788515701 5804416.729654563;PersonalVehicle
1028233;08:19:20;625506.3564786583 5800324.4571683705;627135.6084476402 5805271.685664541;PersonalVehicle
1012410;08:19:21;630584.4036169995 5807535.642055613;630584.4036169995 5807535.642055613;PersonalVehicle
1061046;08:19:21;628423.8077761336 5805307.94041772;627880.059972426 5802304.7587341005;PersonalVehicle
1069140;08:19:23;629562.4708250723 5802723.642801317;628734.1326572738 5803118.86183755;PersonalVehicle
1064801;08:19:26;628545.1139489029 5804676.029489753;628446.4930504928 5805027.925651347;PersonalVehicle
1004682;08:19:26;632959.1718977115 5807291.769164782;625495.2665135056 5806727.877555828;PersonalVehicle
1057667;08:19:26;630050.3047154889 5803887.782369763;631835.8061594464 5801758.333003825;PersonalVehicle
1120846;08:19:27;633672.1088953787 5801895.047217489;631451.2832777392 5807282.50563328;PersonalVehicle
1322727;08:19:27;625506.3564786583 5800324.4571683705;628951.6931998073 5804428.970067949;PersonalVehicle
1005994;08:19:28;633323.9732443609 5806769.826568942;625506.3564786583 5800324.4571683705;PersonalVehicle
1096785;08:19:29;630990.8795632756 5803225.5505542755;633672.1088953787 5801895.047217489;PersonalVehicle
1096821;08:19:31;632062.0681906 5802004.403086661;631275.472593908 5802514.0026520975;PersonalVehicle
1100141;08:19:32;632006.19253458 5802370.197810069;631445.3375935568 5802323.262266159;PersonalVehicle
1046243;08:19:32;626424.3904212991 5804125.761732202;628728.188193751 5803516.683544228;PersonalVehicle
1048461;08:19:32;626235.8181632629 5803238.582772387;630377.2935286161 5799276.878224155;PersonalVehicle
1066758;08:19:34;628401.7751019372 5803892.763305957;632357.7464165204 5800288.209577048;PersonalVehicle
1104839;08:19:34;631535.9007704444 5803154.7969360035;631913.9173730104 5808124.069404383;PersonalVehicle
1094241;08:19:35;631913.9173730104 5808124.069404383;630655.9680107423 5802202.774529394;PersonalVehicle
899868;08:19:36;627498.1724596496 5810012.366902584;629740.8206312816 5803071.020838657;PersonalVehicle
1335046;08:19:38;625506.3564786583 5800324.4571683705;627799.1247298333 5804540.155136717;PersonalVehicle
1076643;08:19:38;628850.8777317631 5802197.11738251;630377.2935286161 5799276.878224155;PersonalVehicle
1009677;08:19:40;629910.0131638154 5806220.775236208;629575.3578307859 5802389.333814894;PersonalVehicle
1086820;08:19:41;629442.49166183 5801435.709680476;629859.8964036498 5801792.753620213;PersonalVehicle
1065748;08:19:48;628102.725873729 5804341.851281033;628146.6501853107 5803782.047588912;PersonalVehicle
1086387;08:19:48;630024.5498380343 5801363.20675766;631101.8315795931 5804313.326266006;PersonalVehicle
1080032;08:19:49;629677.4215631357 5802142.319927849;630018.8507852277 5801781.053256903;PersonalVehicle
1066866;08:19:49;627957.6173077065 5804223.52619269;627800.2605266174 5805009.926270005;PersonalVehicle
1100443;08:19:50;631553.3974118035 5802322.8773085475;633672.1088953787 5801895.047217489;PersonalVehicle
1103390;08:19:50;632471.2028998691 5803887.16957334;632784.5183838201 5804241.232335859;PersonalVehicle
1061109;08:19:51;628298.6117531313 5805973.643713682;625495.2665135056 5806727.877555828;PersonalVehicle
991658;08:19:51;631913.9173730104 5808124.069404383;629832.4220859197 5806209.998275024;PersonalVehicle
1002525;08:19:52;630089.5252790392 5805192.980873393;633672.1088953787 5801895.047217489;PersonalVehicle
1105071;08:19:53;625506.3564786583 5800324.4571683705;632429.4370431243 5802857.172094924;PersonalVehicle
998991;08:19:55;631913.9173730104 5808124.069404383;627398.3359137921 5801535.340147185;PersonalVehicle
957202;08:19:55;625506.3564786583 5800324.4571683705;628232.6893862998 5803064.459659996;PersonalVehicle
1090256;08:19:55;625506.3564786583 5800324.4571683705;631181.277264131 5800474.104761463;PersonalVehicle
1042085;08:19:57;626297.9149431967 5804856.438306801;625801.4993129642 5804640.471975148;PersonalVehicle
1049002;08:19:57;626753.6753272448 5803530.5844245525;627059.4147762331 5802958.005842111;PersonalVehicle
1096226;08:19:57;631113.1804678654 5802177.134960638;631046.4009873801 5802247.43846125;PersonalVehicle
1052565;08:19:58;625662.0728875976 5801454.548454388;629441.9958499516 5803255.879327186;PersonalVehicle
1045384;08:19:59;626810.7455386351 5804008.643367108;626706.9123713681 5804499.059151893;PersonalVehicle
1012512;08:19:59;630470.8874761673 5807567.976695539;625506.3564786583 5800324.4571683705;PersonalVehicle
1034685;08:20:00;628556.6539165953 5805665.684408409;628158.7438235037 5805773.675626773;PersonalVehicle
824868;08:20:00;632357.7464165204 5800288.209577048;630274.0466796017 5802445.519102984;PersonalVehicle
1045546;08:20:00;625655.7549214824 5804310.614004761;625506.3564786583 5800324.4571683705;PersonalVehicle
1053030;08:20:00;626086.6600270611 5801448.17258476;628182.755589315 5802876.411654158;PersonalVehicle
986983;08:20:01;625736.8297397679 5806250.481048399;631913.9173730104 5808124.069404383;PersonalVehicle
1057652;08:20:01;629910.3751540739 5804606.00525353;629728.8357986772 5802983.7910028165;PersonalVehicle
1096770;08:20:01;631144.8430056821 5802795.141613671;631144.8430056821 5802795.141613671;PersonalVehicle
1064040;08:20:02;628322.6258301855 5804855.854857959;629935.6830451129 5803758.308357792;PersonalVehicle
973199;08:20:03;625495.2665135056 5806727.877555828;627411.0182474258 5805449.442516442;PersonalVehicle
1104893;08:20:05;631861.6287214916 5803186.370056651;630377.2935286161 5799276.878224155;PersonalVehicle
1045226;08:20:08;626427.4671590739 5804303.781132455;625506.3564786583 5800324.4571683705;PersonalVehicle
1021560;08:20:09;625506.3564786583 5800324.4571683705;628578.1135352025 5805069.983276229;PersonalVehicle
1045326;08:20:09;625839.3138803374 5804964.854352546;626669.7364230447 5804389.7764768535;PersonalVehicle
845175;08:20:10;631844.3977003295 5801814.641217795;632354.6450001295 5801795.4049335085;PersonalVehicle
1105236;08:20:11;631994.2803346775 5803385.842569286;631700.7035139205 5803238.552213294;PersonalVehicle
860335;08:20:12;631913.9173730104 5808124.069404383;626105.9007477099 5806409.0949087385;PersonalVehicle
1136391;08:20:13;625506.3564786583 5800324.4571683705;626287.4588889405 5801695.857607118;PersonalVehicle
1092211;08:20:14;630600.570442714 5802474.498019489;629554.5971771829 5801627.62544104;PersonalVehicle
1429652;08:20:14;625506.3564786583 5800324.4571683705;628718.4183849782 5803788.049083743;PersonalVehicle
822852;08:20:15;630377.2935286161 5799276.878224155;628055.3561751986 5804072.004392546;PersonalVehicle
1060112;08:20:15;627352.3810122445 5805370.32048026;627362.6143051011 5807808.804907977;PersonalVehicle
1104151;08:20:15;632298.6333179536 5803058.018924515;631827.1446657042 5803334.682123095;PersonalVehicle
986846;08:20:16;631913.9173730104 5808124.069404383;630433.2880428132 5808725.723292293;PersonalVehicle
1086891;08:20:17;629555.3743920326 5801258.793768364;629435.8941887408 5801337.1402729405;PersonalVehicle
977471;08:20:17;630804.0489158765 5804112.272821246;625495.2665135056 5806727.877555828;PersonalVehicle
865861;08:20:19;627498.1724596496 5810012.366902584;627895.8752249788 5802640.974370739;PersonalVehicle
1028384;08:20:19;625506.3564786583 5800324.4571683705;628409.9196709109 5801670.8828674145;PersonalVehicle
1039036;08:20:20;626582.9630510561 5802574.767407435;626582.9630510561 5802574.767407435;PersonalVehicle
984011;08:20:22;631913.9173730104 5808124.069404383;630272.7166005494 5801858.617644434;PersonalVehicle
1006263;08:20:24;633079.5429904351 5807162.184185346;627498.1724596496 5810012.366902584;PersonalVehicle
1068750;08:20:24;625506.3564786583 5800324.4571683705;628209.2574691992 5803256.57173692;PersonalVehicle
1000176;08:20:26;631913.9173730104 5808124.069404383;630564.0966613513 5803965.193664483;PersonalVehicle
1008612;08:20:26;631913.9173730104 5808124.069404383;630489.8021907796 5807642.433038068;PersonalVehicle
1035428;08:20:28;627391.8195096338 5804304.50753207;625506.3564786583 5800324.4571683705;PersonalVehicle
961084;08:20:29;627498.1724596496 5810012.366902584;629797.3365025872 5806203.87220441;PersonalVehicle
467740;08:20:29;634266.520278123 5803737.794336154;628402.3740853604 5803375.471064945;PersonalVehicle
956234;08:20:29;627733.9364153623 5801597.430477395;625506.3564786583 5800324.4571683705;PersonalVehicle
1118165;08:20:31;632357.7464165204 5800288.209577048;627446.3012631622 5800760.694915534;PersonalVehicle
1037367;08:20:32;627262.538991403 5803303.718161446;627541.8439334194 5803920.407506315;PersonalVehicle
1088413;08:20:32;629904.6046583663 5800996.303255005;634266.520278123 5803737.794336154;PersonalVehicle
1029824;08:20:33;625506.3564786583 5800324.4571683705;625773.6580349691 5806954.014664628;PersonalVehicle
1097856;08:20:33;630990.8795632756 5803225.5505542755;630990.8795632756 5803225.5505542755;PersonalVehicle
1078112;08:20:34;629540.2961700286 5801730.978602742;625506.3564786583 5800324.4571683705;PersonalVehicle
1048658;08:20:35;626669.5851766722 5802481.204162936;626588.169905443 5803333.4214489795;PersonalVehicle
1163585;08:20:36;634266.520278123 5803737.794336154;629712.7932076531 5804274.630426201;PersonalVehicle
1012896;08:20:37;627498.1724596496 5810012.366902584;630982.6827612605 5808226.70177958;PersonalVehicle
1155909;08:20:39;629846.9443391945 5801069.5717427395;629560.1535483045 5804138.665666063;PersonalVehicle
1035670;08:20:40;627676.4858104221 5805031.919668277;625852.9964237439 5804798.836678789;PersonalVehicle
1091301;08:20:40;630594.5984505939 5800642.87373653;630377.2935286161 5799276.878224155;PersonalVehicle
1080863;08:20:41;626575.1242671985 5801708.294296792;631082.269625963 5803194.718264096;PersonalVehicle
1119119;08:20:42;633672.1088953787 5801895.047217489;629759.6489098428 5803839.403196397;PersonalVehicle
1039168;08:20:42;627711.5646528921 5803285.42390139;626944.3318149559 5802693.864187294;PersonalVehicle
1074788;08:20:43;628649.7357773734 5801785.636855979;625495.2665135056 5806727.877555828;PersonalVehicle
1073851;08:20:44;628389.0863759017 5801829.805069198;630836.7921898297 5800469.520090014;PersonalVehicle
1101058;08:20:44;632048.7640032198 5802327.256321813;631905.8591469405 5801951.222487246;PersonalVehicle
1117569;08:20:44;632357.7464165204 5800288.209577048;628280.3704582764 5805430.323768124;PersonalVehicle
1102057;08:20:45;631854.0862794494 5803832.236010786;632141.1005020246 5804298.614782418;PersonalVehicle
405817;08:20:46;634266.520278123 5803737.794336154;628632.7584947858 5802977.336133866;PersonalVehicle
1120156;08:20:46;633672.1088953787 5801895.047217489;631021.4738801967 5801180.690235024;PersonalVehicle
1060625;08:20:46;627620.191870392 5806102.723827015;627580.2988447745 5806339.573353995;PersonalVehicle
1003399;08:20:47;632215.6991806319 5806547.408544223;627896.8699413813 5805834.3812564695;PersonalVehicle
1004399;08:20:49;629882.8557711256 5804116.164288024;633501.458064897 5806560.530890741;PersonalVehicle
1032559;08:20:49;627001.0385953784 5805263.745171224;627610.7541237825 5805200.57327528;PersonalVehicle
1132836;08:20:50;625506.3564786583 5800324.4571683705;631243.4616032277 5800355.280991253;PersonalVehicle
1080710;08:20:51;631377.4499451102 5802222.555878953;632357.7464165204 5800288.209577048;PersonalVehicle
1105534;08:20:51;631554.1501377932 5803384.076026471;629064.6193773766 5802987.5057421;PersonalVehicle
1087490;08:20:52;630136.9378450923 5800854.002671952;630377.2935286161 5799276.878224155;PersonalVehicle
951856;08:20:52;625495.2665135056 5806727.877555828;627393.164826187 5802258.723983896;PersonalVehicle
1008055;08:20:53;631771.5966342796 5806909.321810398;634266.520278123 5803737.794336154;PersonalVehicle
1102231;08:20:53;631797.8211199876 5804406.501943152;627535.9137767203 5805345.085692335;PersonalVehicle
1106178;08:20:54;632172.572987415 5803205.019224525;625506.3564786583 5800324.4571683705;PersonalVehicle
1299829;08:20:55;625506.3564786583 5800324.4571683705;630512.5912352318 5804006.112354228;PersonalVehicle
236474;08:20:56;634266.520278123 5803737.794336154;628371.4767498261 5803178.353499489;PersonalVehicle
1029581;08:20:56;626053.1442076154 5805023.575860013;625506.3564786583 5800324.4571683705;PersonalVehicle
1104720;08:20:59;631703.8138119769 5803073.860036382;632262.5909640958 5803189.151696223;PersonalVehicle
1062604;08:20:59;628270.0887971978 5805485.933805404;625904.4018598647 5804991.155401486;PersonalVehicle
1054551;08:21:00;625495.2665135056 5806727.877555828;628198.9584704071 5805085.454394098;PersonalVehicle
1010056;08:21:00;629827.4703414774 5806223.6327100415;625506.3564786583 5800324.4571683705;PersonalVehicle
1047481;08:21:01;630461.595103127 5806991.470965492;626123.4567549586 5803742.813993254;PersonalVehicle
869897;08:21:01;627498.1724596496 5810012.366902584;628018.8377576411 5802212.32705862;PersonalVehicle
1033387;08:21:01;627332.1440755524 5805238.612924336;625506.3564786583 5800324.4571683705;PersonalVehicle
1095079;08:21:03;630871.5826769071 5802145.424243878;631032.3368127635 5802376.551297531;PersonalVehicle
998763;08:21:04;631913.9173730104 5808124.069404383;630957.6709307827 5807099.636158866;PersonalVehicle
1098341;08:21:05;632357.7464165204 5800288.209577048;631036.1774995793 5800889.461776811;PersonalVehicle
1084024;08:21:05;627475.2650962543 5801471.622963433;628383.4531723958 5802068.1627373295;PersonalVehicle
1106481;08:21:06;632386.1300454156 5803529.005786727;632868.2553173959 5803453.191307362;PersonalVehicle
1061592;08:21:06;628516.0523906274 5805161.765848781;628770.8408030324 5803489.116490789;PersonalVehicle
1061702;08:21:07;630668.8335532642 5801966.234920183;628546.4785383249 5805539.985770874;PersonalVehicle
1094064;08:21:08;627156.126085346 5802068.496388283;630491.5017467599 5802406.250360117;PersonalVehicle
1005722;08:21:09;633452.3474304025 5806660.875477337;625495.2665135056 5806727.877555828;PersonalVehicle
1091286;08:21:11;625935.3462370405 5804870.35811514;626134.436132659 5805361.955977586;PersonalVehicle
1000151;08:21:11;631913.9173730104 5808124.069404383;626402.3145868288 5803622.957677257;PersonalVehicle
1074939;08:21:11;628882.0818203108 5802264.271017242;626785.7244125834 5801151.851559548;PersonalVehicle
1059905;08:21:12;629364.8134961447 5800945.437648945;629296.3437628719 5804211.060957833;PersonalVehicle
1107333;08:21:13;632357.7464165204 5800288.209577048;632265.601827153 5802039.1087712115;PersonalVehicle
1077460;08:21:13;629391.0203101856 5802262.84086363;631243.4616032277 5800355.280991253;PersonalVehicle
1093376;08:21:15;630205.4349720856 5801855.551336012;630638.793786332 5802343.475865491;PersonalVehicle
1080416;08:21:16;629499.5872072438 5802320.4725642735;629243.7397205335 5804437.454238096;PersonalVehicle
1000717;08:21:16;631913.9173730104 5808124.069404383;631308.5207156512 5806982.856466173;PersonalVehicle
977294;08:21:17;625495.2665135056 5806727.877555828;631216.459485625 5807019.008704835;PersonalVehicle
1005277;08:21:17;632495.0704826805 5806167.860049435;625506.3564786583 5800324.4571683705;PersonalVehicle
1079328;08:21:17;629908.2246454608 5802455.549715222;629908.2246454608 5802455.549715222;PersonalVehicle
1068937;08:21:20;629087.1856493794 5803001.0512617575;633672.1088953787 5801895.047217489;PersonalVehicle
1063360;08:21:22;625803.1396389594 5801696.404365213;625803.1396389594 5801696.404365213;PersonalVehicle
1068102;08:21:24;628689.1870640963 5803110.389322919;625506.3564786583 5800324.4571683705;PersonalVehicle
941626;08:21:25;625495.2665135056 5806727.877555828;628095.6902145491 5805053.477490035;PersonalVehicle
1065343;08:21:26;628456.8136303107 5804811.307400353;632357.7464165204 5800288.209577048;PersonalVehicle
1215236;08:21:26;625506.3564786583 5800324.4571683705;631146.5363624182 5800516.018499291;PersonalVehicle
1095391;08:21:26;631081.806555973 5802176.893475078;628209.3851306952 5804913.096713817;PersonalVehicle
1102304;08:21:27;632537.8139752771 5804749.32773334;631602.8153066491 5804372.40248699;PersonalVehicle
1090794;08:21:28;625506.3564786583 5800324.4571683705;631685.682150864 5800236.128869656;PersonalVehicle
1064858;08:21:30;628867.4711668461 5804830.851004588;625495.2665135056 5806727.877555828;PersonalVehicle
1086541;08:21:30;630552.0533756389 5801882.613393057;628652.4112833361 5801306.599514024;PersonalVehicle
1048798;08:21:31;626378.3808756267 5803215.692749744;628511.1769708943 5803139.722678944;PersonalVehicle
1012235;08:21:33;631466.0709626665 5806345.4032139;630552.0611502236 5807949.048744596;PersonalVehicle
1082288;08:21:33;626565.947812408 5801171.523065035;625506.3564786583 5800324.4571683705;PersonalVehicle
1072016;08:21:34;629885.1229619042 5803229.08578591;631079.6116976122 5802986.71554331;PersonalVehicle
966091;08:21:34;627569.8089437021 5804714.171005725;627498.1724596496 5810012.366902584;PersonalVehicle
1097173;08:21:35;631262.0662849842 5802677.756548882;628936.7303933764 5802899.967712894;PersonalVehicle
966683;08:21:35;625495.2665135056 5806727.877555828;628729.5883181948 5808148.0608485285;PersonalVehicle
1389805;08:21:36;625506.3564786583 5800324.4571683705;628905.5829958285 5804492.492616178;PersonalVehicle
1152848;08:21:36;625506.3564786583 5800324.4571683705;630905.9661570606 5799906.940828113;PersonalVehicle
1086123;08:21:36;629960.5799837377 5801345.946022605;628898.4300689405 5800884.165325745;PersonalVehicle
1016277;08:21:38;625495.2665135056 5806727.877555828;628833.3082185576 5803620.17785496;PersonalVehicle
1062382;08:21:39;628790.1269621454 5805374.090967344;627124.5593279005 5804312.880435241;PersonalVehicle
1078831;08:21:39;629188.2127792218 5802307.564209112;631913.9173730104 5808124.069404383;PersonalVehicle
1099801;08:21:39;630351.7509066922 5802800.845433946;632249.677375189 5800661.398940546;PersonalVehicle
1067209;08:21:40;628337.8674957734 5803968.016129563;625506.3564786583 5800324.4571683705;PersonalVehicle
1008364;08:21:40;630192.5980796374 5805148.549727231;631444.8810621292 5806474.859145017;PersonalVehicle
970934;08:21:41;627498.1724596496 5810012.366902584;629239.8576156134 5800495.981563884;PersonalVehicle
989246;08:21:44;631913.9173730104 5808124.069404383;629592.1783713521 5803571.063664207;PersonalVehicle
996129;08:21:44;631913.9173730104 5808124.069404383;630086.9742521591 5803817.140936314;PersonalVehicle
1046581;08:21:47;626894.2051576467 5804006.419583391;629029.1432737869 5804474.299665507;PersonalVehicle
1167208;08:21:48;634266.520278123 5803737.794336154;626166.7802935593 5803430.0171100395;PersonalVehicle
1081413;08:21:49;630377.2935286161 5799276.878224155;626265.1647434771 5801895.577686333;PersonalVehicle
1078188;08:21:49;629439.0580883953 5801732.668372384;626375.510121286 5801655.475616949;PersonalVehicle
1125422;08:21:51;630377.2935286161 5799276.878224155;630029.784554836 5800962.719414788;PersonalVehicle
1100603;08:21:51;631992.8969410826 5803132.282002493;632010.218609245 5802704.6946613295;PersonalVehicle
1101366;08:21:51;631554.4857077849 5802259.576054749;630014.593951549 5802404.43979676;PersonalVehicle
1083539;08:21:51;627438.7285891107 5801363.372384424;629621.8779941589 5800768.3787674755;PersonalVehicle
1059231;08:21:52;630970.9392056637 5805003.756313804;628693.7708845594 5803602.181188424;PersonalVehicle
1128699;08:21:53;625506.3564786583 5800324.4571683705;626684.3534433302 5802797.100265347;PersonalVehicle
1088887;08:21:54;629683.807315632 5800704.019607647;625506.3564786583 5800324.4571683705;PersonalVehicle
1655179;08:21:55;625506.3564786583 5800324.4571683705;629029.9293096106 5801703.552791756;PersonalVehicle
1006262;08:21:57;633286.0665286817 5806863.4671517005;631504.3522190652 5806819.983820575;PersonalVehicle
1025632;08:21:57;625495.2665135056 5806727.877555828;628513.0205443982 5806091.413902322;PersonalVehicle
1084036;08:21:57;627530.8107084383 5801090.5209962325;627860.5512734187 5802274.896368773;PersonalVehicle
1096235;08:21:58;632357.7464165204 5800288.209577048;630942.9356019731 5802256.047810416;PersonalVehicle
1066405;08:21:59;628151.3964529403 5803452.071685426;625506.3564786583 5800324.4571683705;PersonalVehicle
894856;08:21:59;627498.1724596496 5810012.366902584;626018.0368269667 5801753.823744319;PersonalVehicle
1031967;08:22:00;627239.6834971082 5804933.118231768;626824.5994041335 5806635.015096397;PersonalVehicle
1088136;08:22:00;629737.6880397305 5800849.859107046;629988.7950072349 5808069.516716566;PersonalVehicle
1062681;08:22:01;625799.0242331603 5803927.293728078;627747.4342357266 5806194.608809582;PersonalVehicle
1095476;08:22:02;630506.7220455359 5802978.890622999;631155.2117509395 5802606.085612481;PersonalVehicle
1076826;08:22:03;632357.7464165204 5800288.209577048;628612.861750392 5802381.860821878;PersonalVehicle
1044260;08:22:05;626194.5180328281 5805402.668187222;625726.8196010024 5804120.542297087;PersonalVehicle
1054470;08:22:07;625495.2665135056 5806727.877555828;630183.4995316421 5803484.561537246;PersonalVehicle
1040811;08:22:07;627322.577720063 5803065.820449865;632357.7464165204 5800288.209577048;PersonalVehicle
1102391;08:22:07;631854.0862794494 5803832.236010786;631178.1963915342 5804605.82987972;PersonalVehicle
503165;08:22:08;634266.520278123 5803737.794336154;628549.8732323863 5804847.960722407;PersonalVehicle
1102297;08:22:08;631817.5234883922 5803776.3674124135;629119.9098623693 5802624.675214228;PersonalVehicle
1055498;08:22:09;625506.3564786583 5800324.4571683705;627711.5646528921 5803285.42390139;PersonalVehicle
1563528;08:22:10;625506.3564786583 5800324.4571683705;626342.6448499409 5803197.220610683;PersonalVehicle
1077801;08:22:11;629468.8522022405 5802031.930214307;629044.0771215068 5801905.521872942;PersonalVehicle
962393;08:22:12;625495.2665135056 5806727.877555828;629407.3231681177 5804127.150104351;PersonalVehicle
1091602;08:22:14;630377.2935286161 5799276.878224155;630616.0322607337 5801047.941141558;PersonalVehicle
991632;08:22:15;631913.9173730104 5808124.069404383;630396.8779637293 5806405.610157206;PersonalVehicle
1047723;08:22:15;626244.872256563 5803480.113815591;625495.2665135056 5806727.877555828;PersonalVehicle
1004259;08:22:16;631141.2405188947 5805889.793900515;625495.2665135056 5806727.877555828;PersonalVehicle
1105236;08:22:17;631700.7035139205 5803238.552213294;631994.2803346775 5803385.842569286;PersonalVehicle
1120785;08:22:18;626416.8007450101 5803369.541565221;633672.1088953787 5801895.047217489;PersonalVehicle
964664;08:22:19;627498.1724596496 5810012.366902584;630400.5601699902 5805726.933351941;PersonalVehicle
1038570;08:22:19;627548.8705344339 5803099.389779081;627393.835814199 5803038.234906;PersonalVehicle
1003205;08:22:19;630829.8227675312 5805909.440476843;627498.1724596496 5810012.366902584;PersonalVehicle
1082429;08:22:19;626922.5242003762 5801074.7553227795;627223.9012092846 5801478.063550796;PersonalVehicle
1075553;08:22:20;628873.1544790202 5801998.775632208;634266.520278123 5803737.794336154;PersonalVehicle
858962;08:22:20;631913.9173730104 5808124.069404383;628261.0455791551 5804660.754821406;PersonalVehicle
836996;08:22:21;627498.1724596496 5810012.366902584;630302.1754231736 5808032.409526143;PersonalVehicle
1081975;08:22:21;626853.3050149338 5801830.798013768;631961.3537140456 5801786.473933667;PersonalVehicle
962768;08:22:21;629436.7285126282 5804488.777987179;627498.1724596496 5810012.366902584;PersonalVehicle
1071107;08:22:21;630935.267570308 5803963.96007862;625506.3564786583 5800324.4571683705;PersonalVehicle
1104240;08:22:21;631674.0136731174 5802853.706579514;630377.2935286161 5799276.878224155;PersonalVehicle
1004528;08:22:22;632556.4028057596 5806682.147429319;627524.3421029645 5806073.064840822;PersonalVehicle
1080641;08:22:24;626946.6514381876 5800978.377096845;626616.456031594 5802048.159214833;PersonalVehicle
1056214;08:22:25;625837.1673444442 5805004.633415796;625495.2665135056 5806727.877555828;PersonalVehicle
1034687;08:22:25;627403.3179303885 5804332.851170812;629793.2009872362 5803609.377658884;PersonalVehicle
996272;08:22:26;631913.9173730104 5808124.069404383;628300.6839135606 5805329.245713433;PersonalVehicle
1088136;08:22:27;629737.6880397305 5800849.859107046;629078.5987493164 5800683.162923052;PersonalVehicle
1010650;08:22:28;625823.0806007121 5805533.824302898;627805.882806637 5809258.0000990005;PersonalVehicle
1052796;08:22:28;625645.5805160347 5801614.395873131;628678.4045813605 5804423.062131158;PersonalVehicle
1006626;08:22:29;632055.9287830114 5807017.530004883;631850.947887998 5806311.519778716;PersonalVehicle
1110376;08:22:29;632357.7464165204 5800288.209577048;630387.1390148919 5807992.811743166;PersonalVehicle
1103715;08:22:31;631178.1963915342 5804605.82987972;630014.593951549 5802404.43979676;PersonalVehicle
1066774;08:22:32;628274.9458058897 5803697.183878201;625506.3564786583 5800324.4571683705;PersonalVehicle
906494;08:22:32;625495.2665135056 5806727.877555828;628398.0045783427 5803583.5965267215;PersonalVehicle
890196;08:22:35;627498.1724596496 5810012.366902584;630164.0149593904 5806876.574110774;PersonalVehicle
1006106;08:22:35;633195.2416566861 5806823.102257218;631058.1226284667 5806559.417593639;PersonalVehicle
1112849;08:22:36;633672.1088953787 5801895.047217489;628727.092834682 5801302.060368742;PersonalVehicle
1040172;08:22:36;625913.13013942 5802069.808141802;626510.9569105092 5802783.731157636;PersonalVehicle
1005970;08:22:37;633226.2098226466 5806325.10128061;631913.9173730104 5808124.069404383;PersonalVehicle
1029063;08:22:38;625506.3564786583 5800324.4571683705;628039.3533052257 5801706.5953259505;PersonalVehicle
980441;08:22:40;627498.1724596496 5810012.366902584;626810.8137074488 5801101.4493993595;PersonalVehicle
1061780;08:22:40;628291.9579062033 5805606.611307931;625495.2665135056 5806727.877555828;PersonalVehicle
929466;08:22:40;628870.7819161204 5802289.557190019;625506.3564786583 5800324.4571683705;PersonalVehicle
1078147;08:22:43;629228.9169458778 5802069.174734291;625506.3564786583 5800324.4571683705;PersonalVehicle
1059335;08:22:44;629098.4387531774 5804097.127440303;629041.259213729 5804501.967128151;PersonalVehicle
1032852;08:22:46;627237.2697946213 5805054.671006726;626564.6081999203 5803766.231391939;PersonalVehicle
1015549;08:22:47;627591.4995271332 5801094.063789078;627498.1724596496 5810012.366902584;PersonalVehicle
1003784;08:22:47;630184.0741714479 5805537.1361429375;630185.7356678051 5803644.568962341;PersonalVehicle
1079782;08:22:48;629649.3317376582 5802058.877752505;630202.8347620293 5802046.422966486;PersonalVehicle
1050202;08:22:49;626071.2734211397 5802250.271163038;625506.3564786583 5800324.4571683705;PersonalVehicle
1052359;08:22:49;625772.951019133 5801417.189368941;625857.4816671166 5801448.15652216;PersonalVehicle
1062624;08:22:49;628225.9000172757 5805733.382814612;628318.8793753282 5805811.721802501;PersonalVehicle
1078567;08:22:50;634266.520278123 5803737.794336154;629321.9305758486 5802102.2419066485;PersonalVehicle
1003790;08:22:52;631913.9173730104 5808124.069404383;632390.4103810942 5806190.439697383;PersonalVehicle
1032271;08:22:52;627813.3389825202 5801107.072033377;627813.3389825202 5801107.072033377;PersonalVehicle
402708;08:22:55;634266.520278123 5803737.794336154;628881.1562877445 5804589.565074216;PersonalVehicle
1074248;08:22:58;627802.8709803972 5802537.549638726;633672.1088953787 5801895.047217489;PersonalVehicle
1070435;08:22:58;631249.4843867816 5803872.528977071;625506.3564786583 5800324.4571683705;PersonalVehicle
1034403;08:22:59;627300.3169978583 5803948.0158988265;628036.0894007822 5806069.241431959;PersonalVehicle
1042962;08:22:59;626021.8714576927 5804642.075781311;626270.6471084501 5805116.81410984;PersonalVehicle
1060803;08:23:00;627401.8483351507 5804966.5906699;627769.1217394926 5806150.019823002;PersonalVehicle
1097739;08:23:00;631213.760243115 5803018.200754802;628849.1601791681 5804427.716268973;PersonalVehicle
894678;08:23:01;627498.1724596496 5810012.366902584;630166.0557542439 5806946.74947428;PersonalVehicle
1073187;08:23:02;627537.2880351846 5802364.8443566235;627826.7793755236 5802421.124512504;PersonalVehicle
1056552;08:23:02;625506.3564786583 5800324.4571683705;628625.9140760995 5802789.697072905;PersonalVehicle
1085321;08:23:02;628877.5093480181 5800915.569823133;625506.3564786583 5800324.4571683705;PersonalVehicle
1085348;08:23:02;629759.7186320584 5801412.151765898;630205.4349720856 5801855.551336012;PersonalVehicle
1104476;08:23:03;631647.1074925078 5802999.930652189;632357.7464165204 5800288.209577048;PersonalVehicle
1045545;08:23:04;625980.7825870297 5804130.173745974;626558.7901406751 5804081.812194518;PersonalVehicle
1010466;08:23:05;630299.860114929 5806716.880919239;627498.1724596496 5810012.366902584;PersonalVehicle
1093289;08:23:08;630235.7661518835 5802752.07262839;634266.520278123 5803737.794336154;PersonalVehicle
1005608;08:23:08;632357.7464165204 5800288.209577048;633111.0621132578 5806714.276430755;PersonalVehicle
1008137;08:23:09;631777.8314803541 5807468.553236555;633146.7276849264 5806402.565550269;PersonalVehicle
843143;08:23:09;631913.9173730104 5808124.069404383;627611.4384376591 5801941.789669561;PersonalVehicle
513995;08:23:10;634266.520278123 5803737.794336154;629034.0868726616 5802717.189718093;PersonalVehicle
1036341;08:23:10;627377.5270699601 5803396.203552658;628163.4165245611 5804327.948854985;PersonalVehicle
1074743;08:23:11;626611.8433045214 5803954.232677392;628681.501718582 5802066.181748013;PersonalVehicle
1067367;08:23:11;628265.142633865 5804413.413275126;627598.5232675896 5806236.792619288;PersonalVehicle
1075636;08:23:12;628957.1431941806 5801792.840513919;625506.3564786583 5800324.4571683705;PersonalVehicle
1083084;08:23:12;626980.7176826927 5801490.632533708;628299.3979337047 5802185.045905575;PersonalVehicle
979991;08:23:13;630110.1454951254 5804014.466269681;629737.0882469509 5803597.796240019;PersonalVehicle
1184698;08:23:14;633672.1088953787 5801895.047217489;628593.0949043983 5801892.296306698;PersonalVehicle
1088956;08:23:16;629078.5987493164 5800683.162923052;625506.3564786583 5800324.4571683705;PersonalVehicle
694507;08:23:17;634266.520278123 5803737.794336154;630036.7161368688 5802238.994606186;PersonalVehicle
1068364;08:23:17;628212.343447121 5803041.498201961;628603.8015258546 5802873.198688208;PersonalVehicle
503680;08:23:18;634266.520278123 5803737.794336154;628521.63296585 5804788.9918342745;PersonalVehicle
1037657;08:23:18;626707.5442985421 5803188.995287489;627107.1362018553 5803000.613719126;PersonalVehicle
1087039;08:23:18;625495.2665135056 5806727.877555828;629580.8273782486 5800763.98293517;PersonalVehicle
1039812;08:23:20;626812.4049108194 5802964.234921696;626862.8285454237 5802897.871552875;PersonalVehicle
1033417;08:23:23;627189.2847319482 5805359.222497316;627189.2847319482 5805359.222497316;PersonalVehicle
1080095;08:23:24;629928.279928165 5801715.957892025;628510.9308120024 5802595.38281155;PersonalVehicle
1034707;08:23:24;627363.0844311644 5804233.315334971;627262.2829352457 5804178.899635086;PersonalVehicle
999872;08:23:25;631913.9173730104 5808124.069404383;631344.0986136907 5803959.576833089;PersonalVehicle
1161463;08:23:26;633672.1088953787 5801895.047217489;629203.5353112201 5800725.625113735;PersonalVehicle
1044997;08:23:27;626320.2338952256 5800561.879595342;625829.1313093787 5804148.077060311;PersonalVehicle
1039379;08:23:27;627197.9014019959 5802890.853819187;625506.3564786583 5800324.4571683705;PersonalVehicle
1064953;08:23:28;628250.5339178906 5804638.623304098;627743.6081413778 5804308.199559077;PersonalVehicle
972658;08:23:28;625495.2665135056 5806727.877555828;629908.5755791685 5803099.29698291;PersonalVehicle
1133418;08:23:29;630377.2935286161 5799276.878224155;629692.1921670759 5802973.082241745;PersonalVehicle
1070289;08:23:32;633672.1088953787 5801895.047217489;630682.2010257761 5803924.171811465;PersonalVehicle
1005871;08:23:32;632696.5585170703 5807125.029674042;625506.3564786583 5800324.4571683705;PersonalVehicle
1122930;08:23:32;631525.7718670024 5806447.036941627;633672.1088953787 5801895.047217489;PersonalVehicle
1048789;08:23:34;626063.3548360497 5803230.167505056;628184.2569445546 5801800.156458564;PersonalVehicle
1040933;08:23:35;626857.6768480601 5803132.681202625;626585.9498717949 5802888.42385282;PersonalVehicle
846715;08:23:36;628655.9139320239 5801624.5650815405;631913.9173730104 5808124.069404383;PersonalVehicle
1012578;08:23:36;632070.9351133193 5807076.792222152;631850.072578053 5806850.816632603;PersonalVehicle
943112;08:23:38;625495.2665135056 5806727.877555828;625794.0049254448 5805079.7407100415;PersonalVehicle
1079227;08:23:40;629471.7309743522 5802469.77792511;625506.3564786583 5800324.4571683705;PersonalVehicle
1103813;08:23:41;632018.6144154004 5803313.686235667;628476.2277495564 5804983.39899903;PersonalVehicle
999662;08:23:41;627498.1724596496 5810012.366902584;627952.5892926295 5809020.228341463;PersonalVehicle
1084900;08:23:43;628687.7257023167 5801084.169195911;625506.3564786583 5800324.4571683705;PersonalVehicle
1066351;08:23:44;628425.057922532 5803712.181251849;628783.8111294556 5803823.05223935;PersonalVehicle
1076685;08:23:45;625506.3564786583 5800324.4571683705;628848.6072049506 5801763.089778456;PersonalVehicle
670077;08:23:45;633672.1088953787 5801895.047217489;631432.8107041955 5806647.970206811;PersonalVehicle
863091;08:23:46;631913.9173730104 5808124.069404383;630879.49759191 5808116.948800502;PersonalVehicle
1040253;08:23:47;634266.520278123 5803737.794336154;627087.1575312419 5803032.603997973;PersonalVehicle
1068266;08:23:48;628903.1046257571 5803402.662303499;632357.7464165204 5800288.209577048;PersonalVehicle
1143744;08:23:48;625506.3564786583 5800324.4571683705;628292.8581591324 5803291.3717912305;PersonalVehicle
429257;08:23:48;634266.520278123 5803737.794336154;629321.9010226668 5803781.238502896;PersonalVehicle
1103207;08:23:48;631347.4580860499 5804926.4284383785;625506.3564786583 5800324.4571683705;PersonalVehicle
1062391;08:23:48;628767.1828336349 5805669.245500756;628435.3087928477 5802943.464344289;PersonalVehicle
1097251;08:23:49;632409.619059144 5803274.993877313;632409.619059144 5803274.993877313;PersonalVehicle
680793;08:23:50;634266.520278123 5803737.794336154;627309.1267725738 5804927.286038676;PersonalVehicle
1068542;08:23:51;628588.6094487348 5802921.507238112;628323.685296292 5803111.967884764;PersonalVehicle
1106691;08:23:52;628596.5053543539 5803157.1445541;632100.7381956 5803285.4123082515;PersonalVehicle
1093223;08:23:52;630424.6932525737 5802826.0118452385;630424.6932525737 5802826.0118452385;PersonalVehicle
1004616;08:23:53;630481.8213631215 5801150.406262091;630481.8213631215 5801150.406262091;PersonalVehicle
1120511;08:23:53;633672.1088953787 5801895.047217489;626515.7810087365 5804857.124552886;PersonalVehicle
1070093;08:23:54;630730.5378764227 5804317.786799598;629714.7078167256 5803091.5914735515;PersonalVehicle
994511;08:23:54;631913.9173730104 5808124.069404383;631777.8314803541 5807468.553236555;PersonalVehicle
1077145;08:23:56;630004.5084867444 5803568.980554116;629221.2286101182 5801483.766796162;PersonalVehicle
1039503;08:23:56;626814.8987705364 5802585.9372847825;626959.7371400543 5802790.380838759;PersonalVehicle
1009187;08:23:57;629672.42801253 5805478.782477045;630767.3105592602 5804073.544103911;PersonalVehicle
1106026;08:23:57;632335.0081301102 5803481.998830796;632112.5886796792 5803370.4882634925;PersonalVehicle
1081185;08:23:58;626369.4849190569 5802027.595058256;625506.3564786583 5800324.4571683705;PersonalVehicle
1005632;08:23:59;632547.7218358204 5806722.821359119;634266.520278123 5803737.794336154;PersonalVehicle
1087931;08:24:02;629269.1591119207 5800454.032634052;632031.9208236621 5802311.57629018;PersonalVehicle
1068785;08:24:02;625506.3564786583 5800324.4571683705;629054.8416108025 5802876.366546718;PersonalVehicle
1075668;08:24:04;628610.1830236125 5801715.881434197;625495.2665135056 5806727.877555828;PersonalVehicle
1012754;08:24:06;630876.4360261115 5808438.298970182;631825.3433895591 5807686.470323977;PersonalVehicle
1075966;08:24:06;628624.9683867107 5802251.73484399;630625.310671362 5799835.221122106;PersonalVehicle
1068919;08:24:07;628983.0465352973 5803539.647825035;627849.9508510893 5802031.761968211;PersonalVehicle
1017223;08:24:08;625495.2665135056 5806727.877555828;630240.6824011251 5802695.433838943;PersonalVehicle
1040215;08:24:09;627307.651497702 5803086.636905423;627866.6074004506 5802060.505285748;PersonalVehicle
1005577;08:24:10;633237.5217227731 5806654.395030312;631255.873303836 5807019.109338543;PersonalVehicle
1106533;08:24:10;632357.7464165204 5800288.209577048;632100.7381956 5803285.4123082515;PersonalVehicle
845151;08:24:12;631913.9173730104 5808124.069404383;628869.8744977197 5802856.623064426;PersonalVehicle
1154716;08:24:12;625506.3564786583 5800324.4571683705;629371.752244396 5803061.427542081;PersonalVehicle
1072978;08:24:13;627977.2639993299 5802246.566922888;631913.9173730104 5808124.069404383;PersonalVehicle
1071874;08:24:18;629809.820890517 5803064.455512768;632357.7464165204 5800288.209577048;PersonalVehicle
1107140;08:24:18;634150.1419983432 5803911.564078494;625506.3564786583 5800324.4571683705;PersonalVehicle
976885;08:24:20;625495.2665135056 5806727.877555828;630616.0322607337 5801047.941141558;PersonalVehicle
1074474;08:24:21;625506.3564786583 5800324.4571683705;627539.6179862159 5801983.438536231;PersonalVehicle
1115810;08:24:21;632357.7464165204 5800288.209577048;629290.3058401693 5803181.07437876;PersonalVehicle
1087977;08:24:22;628614.8814696418 5801136.789488768;629007.9564055768 5800786.735353257;PersonalVehicle
1059633;08:24:23;628437.9877128534 5803304.621628354;628735.8464356803 5803586.361013435;PersonalVehicle
1082927;08:24:23;626899.0644759572 5801067.86061742;626866.0136465286 5801656.793453582;PersonalVehicle
1105243;08:24:23;631670.2956194375 5802944.004373795;631971.5231304701 5802639.940005416;PersonalVehicle
1026408;08:24:24;625495.2665135056 5806727.877555828;629214.9691466902 5802915.698193045;PersonalVehicle
1064252;08:24:25;628013.1140033985 5804761.905294529;634266.520278123 5803737.794336154;PersonalVehicle
1104724;08:24:25;632357.7464165204 5800288.209577048;627644.3818944618 5801310.978594765;PersonalVehicle
1049170;08:24:26;626471.7932618707 5803827.604147871;625506.3564786583 5800324.4571683705;PersonalVehicle
1083789;08:24:26;627970.7176520614 5801553.848970068;627553.865859041 5802216.67814587;PersonalVehicle
1034729;08:24:26;627363.0844311644 5804233.315334971;625495.2665135056 5806727.877555828;PersonalVehicle
1095749;08:24:26;633672.1088953787 5801895.047217489;631171.3805948367 5802281.953439866;PersonalVehicle
1003886;08:24:26;628343.2479773842 5803238.107556225;633210.1287477053 5805788.719339453;PersonalVehicle
1012754;08:24:27;631825.3433895591 5807686.470323977;630876.4360261115 5808438.298970182;PersonalVehicle
1034891;08:24:29;627383.0429994047 5803981.828242099;627478.4834709842 5803385.817086711;PersonalVehicle
1027546;08:24:29;625506.3564786583 5800324.4571683705;628113.6449243126 5805009.579370147;PersonalVehicle
1028409;08:24:29;625506.3564786583 5800324.4571683705;628047.1686051454 5802840.298230709;PersonalVehicle
1073852;08:24:30;630377.2935286161 5799276.878224155;628055.2217655043 5802755.341956346;PersonalVehicle
1007071;08:24:31;631365.5374766083 5807244.016470617;632096.9837061139 5807546.095372345;PersonalVehicle
1043192;08:24:31;625506.3564786583 5800324.4571683705;626076.9505703944 5804978.866473765;PersonalVehicle
1065940;08:24:32;627939.5023906261 5804007.162766474;631913.9173730104 5808124.069404383;PersonalVehicle
1098571;08:24:33;630902.9464646509 5801850.4026406;633672.1088953787 5801895.047217489;PersonalVehicle
1046009;08:24:35;626135.2353163575 5804129.768523288;629100.9429714623 5803416.187527834;PersonalVehicle
1382328;08:24:36;625506.3564786583 5800324.4571683705;627927.3257599911 5802362.207029472;PersonalVehicle
1063648;08:24:36;627247.2232694847 5805376.474574472;627247.2232694847 5805376.474574472;PersonalVehicle
1000563;08:24:38;631913.9173730104 5808124.069404383;631021.47822713 5801948.660179475;PersonalVehicle
1003888;08:24:39;631322.1411921479 5807167.427279543;632578.4258387417 5805943.554389083;PersonalVehicle
1053052;08:24:39;626026.6356304409 5801596.8040423645;631913.9173730104 5808124.069404383;PersonalVehicle
1061262;08:24:41;627819.9250916033 5806371.542704506;627941.6241647863 5806075.154349093;PersonalVehicle
1057667;08:24:41;631835.8061594464 5801758.333003825;633672.1088953787 5801895.047217489;PersonalVehicle
1103256;08:24:41;630944.3908709701 5804999.245924563;631178.4473496986 5804923.576413042;PersonalVehicle
1006451;08:24:42;631364.6081586087 5807242.728100161;631913.9173730104 5808124.069404383;PersonalVehicle
1083089;08:24:43;626787.3025558724 5801384.5151719125;630294.6939223426 5802572.204864191;PersonalVehicle
1040813;08:24:44;627765.2996880158 5802443.215015813;627228.9245882595 5802958.415364791;PersonalVehicle
1098266;08:24:45;631203.1797831869 5800904.3497074945;630793.6618215974 5801620.790002992;PersonalVehicle
1080112;08:24:47;629564.218742246 5802230.390576878;625495.2665135056 5806727.877555828;PersonalVehicle
1059915;08:24:48;629017.7543863724 5804571.295400383;628827.9077542607 5804121.088570644;PersonalVehicle
1106446;08:24:52;632477.0595809446 5803101.994536052;632172.2430376766 5802885.021693879;PersonalVehicle
1036877;08:24:52;627014.0606923645 5803241.284564183;631971.4430447979 5803716.6091807205;PersonalVehicle
1084933;08:24:53;628883.6764883227 5801293.970615754;629684.4894609895 5803240.466441554;PersonalVehicle
1058855;08:24:54;628915.2084297161 5804307.149304067;628911.6970523559 5802958.57994022;PersonalVehicle
1059851;08:24:54;629126.7769671819 5803899.168281671;627393.2833029903 5801016.45457196;PersonalVehicle
1049334;08:24:54;632357.7464165204 5800288.209577048;626799.349107201 5803728.007131978;PersonalVehicle
1076449;08:24:54;628541.4405375506 5802279.64624531;628788.1082405986 5802055.294094942;PersonalVehicle
1472745;08:24:54;625506.3564786583 5800324.4571683705;628638.2588833148 5803477.949750359;PersonalVehicle
1076054;08:24:58;628892.7908742193 5801840.365793345;631195.3810015409 5800450.723523706;PersonalVehicle
1077837;08:24:59;629398.3101052366 5802243.0498474445;632357.7464165204 5800288.209577048;PersonalVehicle
1090893;08:24:59;631968.9925622377 5804767.351189052;625506.3564786583 5800324.4571683705;PersonalVehicle
1065832;08:25:01;628265.1931586505 5804475.259845007;627989.3164862511 5803371.566376823;PersonalVehicle
903187;08:25:01;625495.2665135056 5806727.877555828;628904.8319010152 5802054.315508027;PersonalVehicle
1012007;08:25:02;629254.8648613783 5808531.131161411;628734.8828752475 5809669.2919132905;PersonalVehicle
1065812;08:25:03;627957.6173077065 5804223.52619269;627509.686917803 5805341.9909254;PersonalVehicle
1072945;08:25:04;628351.4981072164 5802154.670320354;626582.6865276464 5801273.231949179;PersonalVehicle
1060208;08:25:05;628563.7061762017 5806010.677510624;628484.9197495412 5805229.707447879;PersonalVehicle
974757;08:25:05;627498.1724596496 5810012.366902584;631504.7107095656 5807057.337214352;PersonalVehicle
1103606;08:25:05;631944.9344734412 5804039.8763946295;631913.9173730104 5808124.069404383;PersonalVehicle
1098135;08:25:05;631289.6822393236 5802004.783310737;634266.520278123 5803737.794336154;PersonalVehicle
1017524;08:25:06;627605.3019860421 5802291.094092017;628795.5689879189 5804139.601125154;PersonalVehicle
1059156;08:25:08;629189.7559127033 5804304.686925133;626200.7988121578 5803654.23276348;PersonalVehicle
1083137;08:25:08;627206.2296011467 5801033.528783644;630940.8165291243 5804306.368763379;PersonalVehicle
1012388;08:25:09;632368.2380013268 5807559.995070451;630016.2054211274 5804049.896321614;PersonalVehicle
1102008;08:25:12;632316.8128613395 5803811.043239678;631215.0005540415 5804566.741292507;PersonalVehicle
1065347;08:25:12;625495.2665135056 5806727.877555828;628477.5381734042 5804584.133495126;PersonalVehicle
1161331;08:25:15;633672.1088953787 5801895.047217489;629974.5521628133 5801367.536018229;PersonalVehicle
1036923;08:25:15;632419.3675806981 5804707.528699156;627114.2469488408 5803382.999106795;PersonalVehicle
1151934;08:25:17;625506.3564786583 5800324.4571683705;630683.3930062128 5802262.859211999;PersonalVehicle
836980;08:25:18;627498.1724596496 5810012.366902584;630075.5880034039 5803987.855633444;PersonalVehicle
1098610;08:25:18;631216.9631573964 5801014.965802439;630832.0600630743 5801781.184566956;PersonalVehicle
1014543;08:25:18;628427.264494095 5809459.140031564;628785.717440156 5809722.702450947;PersonalVehicle
1048770;08:25:18;626026.4419912479 5803631.070800598;625506.3564786583 5800324.4571683705;PersonalVehicle
1128821;08:25:19;625506.3564786583 5800324.4571683705;627392.1086577489 5801410.748909951;PersonalVehicle
964664;08:25:20;630400.5601699902 5805726.933351941;630919.7720886092 5805652.925703236;PersonalVehicle
1118930;08:25:21;632357.7464165204 5800288.209577048;631085.3786938599 5800941.719114122;PersonalVehicle
1015324;08:25:22;628528.5083539557 5809218.87971644;627637.7268591886 5809049.64437673;PersonalVehicle
1099991;08:25:22;631391.3764396608 5801127.011845439;629440.5662330542 5801139.548354402;PersonalVehicle
977588;08:25:22;625495.2665135056 5806727.877555828;629351.0913074668 5804543.813942123;PersonalVehicle
1100834;08:25:23;632208.489426175 5802162.922651297;632357.7464165204 5800288.209577048;PersonalVehicle
1144657;08:25:24;625506.3564786583 5800324.4571683705;627743.6791341926 5802571.373332023;PersonalVehicle
1060629;08:25:24;628013.1724765879 5805935.177878369;627364.3095051997 5802286.17763526;PersonalVehicle
787348;08:25:25;632357.7464165204 5800288.209577048;629395.5049455182 5802920.422195142;PersonalVehicle
1032581;08:25:25;625495.2665135056 5806727.877555828;627404.9976136964 5805488.38409597;PersonalVehicle
1136846;08:25:25;629901.4043122624 5801330.631668505;625506.3564786583 5800324.4571683705;PersonalVehicle
982698;08:25:26;627498.1724596496 5810012.366902584;629239.5339125929 5802962.690901701;PersonalVehicle
1441990;08:25:26;629085.5715945011 5804695.417157936;625506.3564786583 5800324.4571683705;PersonalVehicle
1016359;08:25:27;625495.2665135056 5806727.877555828;626023.8197374183 5801412.210272363;PersonalVehicle
1126929;08:25:27;628420.7896219989 5803231.789209151;625506.3564786583 5800324.4571683705;PersonalVehicle
400460;08:25:28;634266.520278123 5803737.794336154;631271.1351456277 5803001.697116908;PersonalVehicle
953574;08:25:29;626104.3855895363 5801679.930358938;625506.3564786583 5800324.4571683705;PersonalVehicle
825162;08:25:30;633672.1088953787 5801895.047217489;628299.3979337047 5802185.045905575;PersonalVehicle
1124649;08:25:33;632357.7464165204 5800288.209577048;625825.6181358214 5804874.891433071;PersonalVehicle
1101959;08:25:33;632203.9006555849 5803874.11554173;626871.7924340469 5800912.088367949;PersonalVehicle
1060160;08:25:34;625495.2665135056 5806727.877555828;627937.2074698792 5805901.703335426;PersonalVehicle
1103705;08:25:34;632128.4588794416 5804139.794179951;631043.6619461641 5804955.710369157;PersonalVehicle
1045691;08:25:36;626605.6033967256 5804337.762734672;626065.1728007953 5804068.631885866;PersonalVehicle
1006787;08:25:37;631212.976850619 5807017.4264308475;627807.1478645962 5802344.017284496;PersonalVehicle
1045536;08:25:41;626276.0289573421 5803921.518208967;630563.6865298193 5804064.523142717;PersonalVehicle
1078008;08:25:43;629528.4699082052 5801687.653306306;629745.0734984175 5801691.32451234;PersonalVehicle
1079198;08:25:43;629436.270292226 5802318.883625525;630377.2935286161 5799276.878224155;PersonalVehicle
1013775;08:25:47;630107.4781480022 5808234.696266563;630093.8440542369 5807791.045559874;PersonalVehicle
1097253;08:25:47;631082.269625963 5803194.718264096;631202.4284006732 5802939.640703112;PersonalVehicle
1049068;08:25:47;626328.4820055957 5803768.52793148;628772.7798812225 5804751.971878406;PersonalVehicle
1006874;08:25:47;632357.7464165204 5800288.209577048;632102.9355919214 5807351.289867343;PersonalVehicle
1046738;08:25:48;626721.2346178386 5804859.333256822;626337.0361921762 5804035.434301711;PersonalVehicle
1105638;08:25:48;628915.4335593858 5801659.852850509;632038.3245345938 5803453.299954879;PersonalVehicle
1041144;08:25:48;626944.3318149559 5802693.864187294;626803.3802784577 5802562.031765017;PersonalVehicle
1048402;08:25:49;626567.3456492503 5803256.934852464;628259.8168738277 5805618.651240957;PersonalVehicle
1004224;08:25:49;632470.0811314028 5806068.202768723;629876.2532073351 5805230.6484267535;PersonalVehicle
1078515;08:25:51;629343.4416889596 5802237.787249356;627490.7317509966 5801200.433261706;PersonalVehicle
1043445;08:25:52;626322.2873380709 5805158.138607817;625506.3564786583 5800324.4571683705;PersonalVehicle
1152281;08:25:53;625506.3564786583 5800324.4571683705;627209.1085190119 5804958.4436242245;PersonalVehicle
1077255;08:25:53;629298.8799615786 5802237.317390266;629037.1613468513 5802258.93781558;PersonalVehicle
981885;08:25:53;627498.1724596496 5810012.366902584;630156.9894873897 5803619.418842232;PersonalVehicle
1023389;08:25:54;626125.2726731914 5802841.116586706;625506.3564786583 5800324.4571683705;PersonalVehicle
1059432;08:25:57;629245.8363311517 5804450.351116458;630377.2935286161 5799276.878224155;PersonalVehicle
1105398;08:25:59;632094.2667239206 5802688.209576235;632094.2667239206 5802688.209576235;PersonalVehicle
1038812;08:26:00;625495.2665135056 5806727.877555828;628916.9081140155 5804560.4505836135;PersonalVehicle
997411;08:26:01;631913.9173730104 5808124.069404383;632459.2256602711 5806678.223836477;PersonalVehicle
1089252;08:26:02;625506.3564786583 5800324.4571683705;630503.9094176954 5800928.993501036;PersonalVehicle
1021458;08:26:03;625506.3564786583 5800324.4571683705;628540.9723013033 5801879.622188926;PersonalVehicle
1039978;08:26:04;627279.7005713565 5803096.91932073;626010.7190961024 5801807.468948504;PersonalVehicle
975927;08:26:06;625495.2665135056 5806727.877555828;625889.639070479 5804620.371230369;PersonalVehicle
1019296;08:26:06;625495.2665135056 5806727.877555828;626333.5876685615 5806276.017858688;PersonalVehicle
1036283;08:26:10;626963.4997151718 5803569.355096521;627792.9785617788 5803367.922037381;PersonalVehicle
1006221;08:26:12;632405.632799262 5806715.201813758;625495.2665135056 5806727.877555828;PersonalVehicle
1085762;08:26:13;628769.4506610102 5801043.096565946;629873.6876645851 5801484.524713237;PersonalVehicle
1351211;08:26:14;625506.3564786583 5800324.4571683705;627323.5134797203 5804438.243380008;PersonalVehicle
1013108;08:26:14;629993.3442593395 5807617.589044196;632357.7464165204 5800288.209577048;PersonalVehicle
1006754;08:26:15;632159.2459275768 5807226.343339788;632357.7464165204 5800288.209577048;PersonalVehicle
1106783;08:26:15;632110.9602512275 5803065.125566771;631202.4284006732 5802939.640703112;PersonalVehicle
1033155;08:26:17;627589.440068798 5805437.268792152;627978.5783642393 5804291.186355983;PersonalVehicle
841727;08:26:18;631913.9173730104 5808124.069404383;625904.6272686434 5806880.805906093;PersonalVehicle
903392;08:26:18;625495.2665135056 5806727.877555828;631243.9690516469 5803931.74458439;PersonalVehicle
1045813;08:26:18;626536.6908241961 5804184.200793182;625964.4030030287 5805428.507390376;PersonalVehicle
1434370;08:26:19;625506.3564786583 5800324.4571683705;626373.5509684011 5803687.340264325;PersonalVehicle
1076102;08:26:20;628728.0387555468 5802102.488701113;629031.9722314421 5801765.928901848;PersonalVehicle
1160898;08:26:20;633672.1088953787 5801895.047217489;628126.3611186184 5804332.978887483;PersonalVehicle
1075210;08:26:21;631492.474848517 5806967.182004024;629017.0885012819 5801787.218264293;PersonalVehicle
1127687;08:26:21;625506.3564786583 5800324.4571683705;628774.7738238582 5800348.456050149;PersonalVehicle
825517;08:26:22;632357.7464165204 5800288.209577048;628980.476393917 5803710.860400502;PersonalVehicle
1118741;08:26:23;632357.7464165204 5800288.209577048;631015.641859844 5800903.41287748;PersonalVehicle
1095029;08:26:23;630578.9857616238 5802202.306825096;630687.0734117855 5802572.746581993;PersonalVehicle
1089154;08:26:25;625506.3564786583 5800324.4571683705;629362.7533828561 5801783.029093089;PersonalVehicle
1119592;08:26:25;632357.7464165204 5800288.209577048;628873.1544790202 5801998.775632208;PersonalVehicle
1014140;08:26:25;629655.6020002564 5809362.356108138;629738.5451038078 5807355.746526833;PersonalVehicle
1060743;08:26:26;628298.6117531313 5805973.643713682;625506.3564786583 5800324.4571683705;PersonalVehicle
1024376;08:26:28;625495.2665135056 5806727.877555828;629105.1214857991 5801391.377478599;PersonalVehicle
1076791;08:26:28;629044.0771215068 5801905.521872942;627346.7697891535 5801630.1793604195;PersonalVehicle
1093634;08:26:29;630623.9464027983 5801877.085659178;629820.1611920663 5802865.994590442;PersonalVehicle
1093899;08:26:32;630691.9786326269 5801854.233040464;630649.2637005451 5801877.328387317;PersonalVehicle
1105278;08:26:33;631604.6308011167 5803457.67504768;629426.1979047426 5801067.423319287;PersonalVehicle
1107484;08:26:35;628778.7501540075 5801549.505887257;632275.2649335904 5802933.854864097;PersonalVehicle
1006213;08:26:36;633627.018561982 5806363.396073838;633627.018561982 5806363.396073838;PersonalVehicle
704379;08:26:36;634266.520278123 5803737.794336154;627413.252346711 5802004.815923706;PersonalVehicle
1095685;08:26:37;630441.3213208116 5802951.271641922;626035.8108763464 5803524.289079979;PersonalVehicle
1059231;08:26:37;628693.7708845594 5803602.181188424;630970.9392056637 5805003.756313804;PersonalVehicle
387852;08:26:37;634266.520278123 5803737.794336154;629029.5396122612 5803922.65505263;PersonalVehicle
1041214;08:26:37;626332.5853626851 5805433.131731335;632357.7464165204 5800288.209577048;PersonalVehicle
1102364;08:26:39;632260.6731509472 5804082.310502704;630368.3630209251 5803775.111861294;PersonalVehicle
1000222;08:26:39;631913.9173730104 5808124.069404383;631397.1698744185 5807519.0682450505;PersonalVehicle
1070043;08:26:40;630426.595332352 5803873.496008426;625495.2665135056 5806727.877555828;PersonalVehicle
1032819;08:26:40;627509.686917803 5805341.9909254;627721.0618444083 5801492.387894613;PersonalVehicle
1059674;08:26:41;629264.0314956312 5804153.909189653;630597.3820415637 5801128.162219145;PersonalVehicle
715838;08:26:41;634266.520278123 5803737.794336154;628562.1673779918 5803828.86472526;PersonalVehicle
1101705;08:26:42;631445.3375935568 5802323.262266159;632304.6182602086 5802279.1677343305;PersonalVehicle
1297018;08:26:43;625506.3564786583 5800324.4571683705;631553.3974118035 5802322.8773085475;PersonalVehicle
1046748;08:26:44;626590.2034533387 5804072.945081592;625495.2665135056 5806727.877555828;PersonalVehicle
1035008;08:26:46;627577.9208177684 5804505.961205115;629416.0516101727 5804184.984002759;PersonalVehicle
1097512;08:26:47;631305.6927896936 5803208.982729671;628540.1708894528 5802429.106386866;PersonalVehicle
918378;08:26:48;625495.2665135056 5806727.877555828;628429.0912046084 5803994.46703603;PersonalVehicle
1095435;08:26:49;631135.7676104663 5802444.73972925;630638.0118659599 5802605.475951109;PersonalVehicle
1034984;08:26:50;629078.3417050218 5804211.841316955;627570.1745116158 5804912.0911679985;PersonalVehicle
1073657;08:26:50;628386.4351676251 5802746.443972021;626674.3016316579 5800998.362840113;PersonalVehicle
1512403;08:26:51;625506.3564786583 5800324.4571683705;628751.2441588667 5804486.29870438;PersonalVehicle
1005438;08:26:53;631169.4215710779 5806403.322194284;632420.2891968703 5806590.154313482;PersonalVehicle
1161303;08:26:54;628971.6458255966 5803055.551225478;633672.1088953787 5801895.047217489;PersonalVehicle
1150311;08:26:55;625506.3564786583 5800324.4571683705;631756.7790895948 5807244.19787187;PersonalVehicle
1063263;08:26:55;627822.8389594941 5804413.375855155;627829.3318760206 5804625.86180658;PersonalVehicle
1034878;08:26:56;627818.9169424793 5805036.3925098535;625506.3564786583 5800324.4571683705;PersonalVehicle
1096632;08:26:58;631330.2761487325 5803448.881194021;632109.1906967895 5801649.245816759;PersonalVehicle
943547;08:27:00;629815.6731627502 5801672.52156677;625495.2665135056 5806727.877555828;PersonalVehicle
1100791;08:27:00;632357.7464165204 5800288.209577048;631643.5493469321 5802167.8662240915;PersonalVehicle
1035018;08:27:01;627759.2565657046 5805016.620036813;627557.1171771459 5803506.0627905;PersonalVehicle
1068734;08:27:01;628516.0324350919 5803489.2816736465;625506.3564786583 5800324.4571683705;PersonalVehicle
1059613;08:27:02;628778.2415902975 5804557.057210431;627498.1724596496 5810012.366902584;PersonalVehicle
1064229;08:27:02;628387.976584833 5805084.157371449;626793.2695577004 5803568.746351247;PersonalVehicle
1051754;08:27:04;625953.0520716327 5801832.044402319;625506.3564786583 5800324.4571683705;PersonalVehicle
1157575;08:27:05;625506.3564786583 5800324.4571683705;631786.8272663275 5802202.204486114;PersonalVehicle
1013945;08:27:06;631025.8538292556 5808300.992121502;625495.2665135056 5806727.877555828;PersonalVehicle
1073043;08:27:06;627394.1417958122 5801349.123283796;627394.1417958122 5801349.123283796;PersonalVehicle
916397;08:27:08;625495.2665135056 5806727.877555828;625786.6496402519 5806692.477726225;PersonalVehicle
1050497;08:27:09;625807.2567049356 5802115.223968065;632357.7464165204 5800288.209577048;PersonalVehicle
1100031;08:27:09;631623.191523171 5801580.793250272;628273.7108339701 5804803.744036899;PersonalVehicle
1105276;08:27:10;630781.9537494997 5803251.758844228;631741.3291464769 5803089.744393041;PersonalVehicle
1103753;08:27:11;632080.1258432473 5802755.58042852;630853.5657550709 5802356.40704902;PersonalVehicle
1003363;08:27:11;630365.521971919 5805770.341516879;629398.8000436957 5805465.497168453;PersonalVehicle
1014434;08:27:11;629323.9714745122 5809547.09064623;628407.8521033936 5809457.498600257;PersonalVehicle
1106021;08:27:15;632357.7464165204 5800288.209577048;632394.3885740458 5803171.120807991;PersonalVehicle
1014221;08:27:15;628891.2202610282 5809170.383170915;625495.2665135056 5806727.877555828;PersonalVehicle
1100624;08:27:15;632184.077767344 5801658.719676106;631304.1537951402 5803918.640323695;PersonalVehicle
909689;08:27:16;625495.2665135056 5806727.877555828;630976.1107486264 5803809.51715689;PersonalVehicle
901039;08:27:18;627498.1724596496 5810012.366902584;629550.5900007318 5804081.994546062;PersonalVehicle
478975;08:27:19;634266.520278123 5803737.794336154;629475.2815342882 5803979.573531312;PersonalVehicle
1057807;08:27:19;630126.4632920531 5802723.812623831;629344.728433362 5803811.129268183;PersonalVehicle
1071523;08:27:20;629630.6858188387 5803223.810072168;628863.1181413226 5801200.366308494;PersonalVehicle
1115305;08:27:20;632357.7464165204 5800288.209577048;629517.3644480819 5804214.205285139;PersonalVehicle
1003879;08:27:20;631151.7630601247 5805720.438373447;630089.5252790392 5805192.980873393;PersonalVehicle
1062284;08:27:21;628614.861164844 5805354.343166842;628432.7650686873 5805817.775241275;PersonalVehicle
1097041;08:27:22;631247.3278518483 5803187.788107808;628155.7995164169 5805212.124980187;PersonalVehicle
1005362;08:27:22;633090.4021859259 5806328.037719584;631452.227477807 5807283.703979947;PersonalVehicle
1037640;08:27:23;627199.3128856272 5803230.362136009;627498.1724596496 5810012.366902584;PersonalVehicle
1553333;08:27:25;629009.2746155501 5803655.256771322;625506.3564786583 5800324.4571683705;PersonalVehicle
1107540;08:27:25;632523.288551565 5803370.981916867;631437.815986577 5803112.543229506;PersonalVehicle
1003886;08:27:25;633210.1287477053 5805788.719339453;632602.4491631937 5806105.537950319;PersonalVehicle
1072768;08:27:25;627389.156850108 5802048.554008455;625506.3564786583 5800324.4571683705;PersonalVehicle
394286;08:27:25;634266.520278123 5803737.794336154;630417.8404008632 5799920.6342328;PersonalVehicle
1075869;08:27:26;628668.193296873 5801969.902892873;628698.512903275 5801918.153472167;PersonalVehicle
1097180;08:27:26;631181.3336475674 5802904.6214287095;631275.4879891969 5803915.205327912;PersonalVehicle
1060112;08:27:26;627418.8533370155 5804923.512149207;627352.3810122445 5805370.32048026;PersonalVehicle
910386;08:27:27;625495.2665135056 5806727.877555828;628908.0083016613 5804344.456676913;PersonalVehicle
1470126;08:27:28;625506.3564786583 5800324.4571683705;630538.2074447438 5800896.639677517;PersonalVehicle
1061928;08:27:28;627967.4057436839 5805900.599005796;628021.746891072 5806348.1943708295;PersonalVehicle
1051866;08:27:28;626073.3888216655 5802077.339112126;630488.8461654665 5801945.937225836;PersonalVehicle
1035936;08:27:29;627070.5163948091 5803364.929904965;626957.9060235135 5803458.338201716;PersonalVehicle
1072325;08:27:29;631573.3297396047 5804459.254963587;630964.571248852 5803969.714480802;PersonalVehicle
1051978;08:27:29;626059.4198075572 5802817.05361408;632357.7464165204 5800288.209577048;PersonalVehicle
985625;08:27:30;631913.9173730104 5808124.069404383;628405.6849103475 5805541.657289828;PersonalVehicle
823659;08:27:30;630377.2935286161 5799276.878224155;629271.2749071391 5804566.846200294;PersonalVehicle
1065732;08:27:32;627880.0340946664 5804251.323187819;628878.0337870624 5802926.541484635;PersonalVehicle
1050696;08:27:33;626258.3754503506 5802464.548063223;625506.3564786583 5800324.4571683705;PersonalVehicle
1068542;08:27:33;628323.685296292 5803111.967884764;628588.6094487348 5802921.507238112;PersonalVehicle
1095581;08:27:34;630647.6003727512 5802527.625116937;625495.2665135056 5806727.877555828;PersonalVehicle
1008316;08:27:35;631763.6740077853 5807617.275331599;628598.1027009572 5808868.694336546;PersonalVehicle
1069484;08:27:37;630448.1124843415 5803900.326182422;630280.0214126793 5801899.081918839;PersonalVehicle
1007871;08:27:38;631707.5310023611 5807494.620896724;630046.0353336943 5806567.992613288;PersonalVehicle
862321;08:27:39;631913.9173730104 5808124.069404383;628945.810910687 5804349.875612373;PersonalVehicle
1078755;08:27:40;629365.3046882083 5801694.426097504;632357.7464165204 5800288.209577048;PersonalVehicle
1088755;08:27:41;629513.6289784503 5800565.181615874;628772.7798812225 5804751.971878406;PersonalVehicle
1056038;08:27:43;625495.2665135056 5806727.877555828;629206.8270288982 5808688.268721965;PersonalVehicle
1031752;08:27:44;625506.3564786583 5800324.4571683705;629399.9707952597 5804417.770881565;PersonalVehicle
1015918;08:27:45;625495.2665135056 5806727.877555828;628127.6788018793 5801402.919228581;PersonalVehicle
1108014;08:27:46;632357.7464165204 5800288.209577048;629171.072510934 5803768.257674422;PersonalVehicle
1105278;08:27:47;629426.1979047426 5801067.423319287;631604.6308011167 5803457.67504768;PersonalVehicle
1064440;08:27:47;628065.8750342414 5803757.079155028;628641.9045913069 5804902.885856811;PersonalVehicle
1035437;08:27:49;627410.8110807566 5803992.355492909;625506.3564786583 5800324.4571683705;PersonalVehicle
1004682;08:27:49;633043.6670366549 5806669.28269552;632959.1718977115 5807291.769164782;PersonalVehicle
1012896;08:27:51;630982.6827612605 5808226.70177958;627498.1724596496 5810012.366902584;PersonalVehicle
1069783;08:27:51;627498.1724596496 5810012.366902584;630949.1720184213 5803979.115627639;PersonalVehicle
1013853;08:27:51;630525.1358740045 5808814.855652302;625506.3564786583 5800324.4571683705;PersonalVehicle
1062882;08:27:52;628527.9350618208 5805217.453941833;629243.0339384149 5802838.920814131;PersonalVehicle
1042729;08:27:53;626097.7152112331 5805140.852332076;630203.5251460515 5803716.069650716;PersonalVehicle
1106584;08:27:57;632148.3950800755 5803206.722471669;625506.3564786583 5800324.4571683705;PersonalVehicle
1065592;08:27:57;627799.5391353671 5804603.035016824;627988.6089457257 5805061.282130889;PersonalVehicle
1033030;08:27:58;627145.2546942653 5805243.489332702;627508.6830849295 5805179.658554723;PersonalVehicle
1117213;08:28:00;632357.7464165204 5800288.209577048;628167.5964288034 5803396.768178704;PersonalVehicle
1079863;08:28:00;632357.7464165204 5800288.209577048;629639.4963467396 5802143.126042227;PersonalVehicle
1071261;08:28:03;632462.5593855355 5802952.255700549;630851.1727237271 5803628.880510833;PersonalVehicle
1106743;08:28:04;631125.9796834437 5805912.493586216;632328.4158395424 5803242.175974229;PersonalVehicle
1214568;08:28:09;625506.3564786583 5800324.4571683705;626075.9466377154 5801997.332511504;PersonalVehicle
1049855;08:28:10;626200.616477849 5803860.929941283;625495.2665135056 5806727.877555828;PersonalVehicle
1064728;08:28:10;627089.7810866673 5803893.768054391;628171.6032265165 5804610.045963767;PersonalVehicle
1093296;08:28:12;630590.1699157469 5802503.840647156;625506.3564786583 5800324.4571683705;PersonalVehicle
975413;08:28:13;628636.246889048 5801902.917511287;625495.2665135056 5806727.877555828;PersonalVehicle
1059567;08:28:13;629612.9458685264 5802090.515601656;628950.8990092947 5804447.486049566;PersonalVehicle
1078460;08:28:13;629096.4200526419 5801714.916429376;629569.2716997841 5801834.436904433;PersonalVehicle
1057550;08:28:13;629514.3164482266 5804276.434058357;625940.3563214706 5804555.617367575;PersonalVehicle
918589;08:28:13;625495.2665135056 5806727.877555828;627975.1483190765 5801591.386036218;PersonalVehicle
958196;08:28:14;625506.3564786583 5800324.4571683705;627289.3855505444 5801269.635204514;PersonalVehicle
1094484;08:28:14;630224.486702223 5802457.405159165;630377.2935286161 5799276.878224155;PersonalVehicle
1032625;08:28:14;628323.8222997269 5803131.89262665;628578.0931042455 5801103.600645964;PersonalVehicle
1095029;08:28:17;630687.0734117855 5802572.746581993;630578.9857616238 5802202.306825096;PersonalVehicle
1062726;08:28:17;626690.33927054 5808490.404998485;625506.3564786583 5800324.4571683705;PersonalVehicle
1120464;08:28:18;632080.1258432473 5802755.58042852;625506.3564786583 5800324.4571683705;PersonalVehicle
1074469;08:28:18;628139.7982853849 5802883.0909366775;626810.5848445306 5803414.182193633;PersonalVehicle
1098214;08:28:20;632065.8022472187 5801856.906012559;631135.3653369064 5800945.884753339;PersonalVehicle
1068176;08:28:22;628785.123501432 5803488.192925326;628589.9914122493 5802870.474234999;PersonalVehicle
943812;08:28:23;625506.3564786583 5800324.4571683705;631127.7669967281 5800535.774680267;PersonalVehicle
1040474;08:28:23;626596.4559865171 5801594.75412311;627643.4196734293 5803041.26557105;PersonalVehicle
1080752;08:28:23;626494.3849175612 5801415.836917567;630673.2379937738 5802113.500192709;PersonalVehicle
1019843;08:28:23;625495.2665135056 5806727.877555828;627586.3181068647 5804226.411651563;PersonalVehicle
1084383;08:28:23;627763.1116079487 5800861.603638501;627203.787375926 5801690.489370239;PersonalVehicle
1355171;08:28:24;625506.3564786583 5800324.4571683705;629336.3639133669 5809712.754737558;PersonalVehicle
1062955;08:28:24;626160.9231512569 5807240.189786335;628428.9286597027 5805803.174277633;PersonalVehicle
1010182;08:28:24;630148.0022914406 5806060.153381979;630120.4851591757 5806904.047324253;PersonalVehicle
1879684;08:28:24;632357.7464165204 5800288.209577048;631945.6720279767 5806374.172708069;PersonalVehicle
1107680;08:28:25;628325.928958745 5803600.495876217;632429.4370431243 5802857.172094924;PersonalVehicle
1094326;08:28:26;629548.2200596668 5801604.518913622;628677.5997459065 5801566.541061129;PersonalVehicle
1282860;08:28:26;625506.3564786583 5800324.4571683705;629377.9524443639 5802970.001112795;PersonalVehicle
402243;08:28:26;634266.520278123 5803737.794336154;631255.1624674936 5803750.9966849955;PersonalVehicle
1106680;08:28:28;628999.3836378809 5802443.758826984;632275.5711683263 5802880.550341166;PersonalVehicle
1004598;08:28:30;632715.1732232488 5807205.1375417495;633672.1088953787 5801895.047217489;PersonalVehicle
1114598;08:28:30;633672.1088953787 5801895.047217489;629392.9959874293 5804000.625085369;PersonalVehicle
1095012;08:28:30;631917.5148343674 5803188.839099237;631147.8787298149 5802203.693339561;PersonalVehicle
1016285;08:28:31;625495.2665135056 5806727.877555828;629933.6695835236 5802437.339372353;PersonalVehicle
1883810;08:28:34;632357.7464165204 5800288.209577048;628898.2586478688 5802798.644447623;PersonalVehicle
1090906;08:28:36;625506.3564786583 5800324.4571683705;630500.8192093951 5802316.294848767;PersonalVehicle
1185652;08:28:37;634266.520278123 5803737.794336154;630152.3845216504 5804004.20299961;PersonalVehicle
1102666;08:28:39;634266.520278123 5803737.794336154;633069.94409529 5803973.985349047;PersonalVehicle
1009271;08:28:39;630120.4851591757 5806904.047324253;625495.2665135056 5806727.877555828;PersonalVehicle
1105443;08:28:40;631611.7443761092 5803255.557366119;631523.0647121053 5803260.419200809;PersonalVehicle
1111821;08:28:41;633672.1088953787 5801895.047217489;628680.206165962 5802719.973106871;PersonalVehicle
1283651;08:28:41;625506.3564786583 5800324.4571683705;632357.126183499 5803639.677872036;PersonalVehicle
1138386;08:28:42;625506.3564786583 5800324.4571683705;628014.606195332 5801855.966189765;PersonalVehicle
1031347;08:28:42;625506.3564786583 5800324.4571683705;626149.7037634182 5806059.517771442;PersonalVehicle
1008403;08:28:43;625506.3564786583 5800324.4571683705;631014.3641019978 5806537.4406449385;PersonalVehicle
1021594;08:28:44;625506.3564786583 5800324.4571683705;632106.5941044146 5807466.61110842;PersonalVehicle
1122098;08:28:44;633672.1088953787 5801895.047217489;630346.4791067613 5802307.783760507;PersonalVehicle
1362695;08:28:45;625506.3564786583 5800324.4571683705;629151.3983695956 5802581.784980217;PersonalVehicle
1039130;08:28:46;632357.7464165204 5800288.209577048;626981.5547370735 5802843.224337788;PersonalVehicle
1083924;08:28:47;627673.5178829759 5801658.855961022;632357.7464165204 5800288.209577048;PersonalVehicle
1055980;08:28:49;625495.2665135056 5806727.877555828;630955.283008658 5808486.535203453;PersonalVehicle
1094108;08:28:49;630105.3723228573 5802048.435571969;630820.2635321483 5800366.998505002;PersonalVehicle
1071217;08:28:50;630045.5952943034 5803596.387916539;632357.7464165204 5800288.209577048;PersonalVehicle
1068364;08:28:52;628603.8015258546 5802873.198688208;625506.3564786583 5800324.4571683705;PersonalVehicle
1159441;08:28:53;634266.520278123 5803737.794336154;630071.060519994 5802139.7423521485;PersonalVehicle
1191622;08:28:55;633672.1088953787 5801895.047217489;631971.3513193729 5801372.161863819;PersonalVehicle
1081075;08:28:55;626472.6679414401 5801785.691180226;626329.4117751757 5801981.9538510395;PersonalVehicle
1048165;08:28:56;625888.3036646352 5803662.261725734;626713.2016076529 5803917.725034346;PersonalVehicle
1042057;08:28:57;625768.6295746834 5805287.823374505;632357.7464165204 5800288.209577048;PersonalVehicle
1104787;08:28:58;631913.9173730104 5808124.069404383;632025.4458833385 5803234.074867798;PersonalVehicle
1006920;08:28:58;630284.0735397715 5805532.399888919;631770.4351643317 5806688.402865146;PersonalVehicle
1007057;08:28:58;631404.6190968377 5806881.290996374;634266.520278123 5803737.794336154;PersonalVehicle
1060856;08:28:58;628078.4528859095 5806019.317004343;632718.9433079776 5800655.9790637335;PersonalVehicle
1034632;08:28:58;627562.7508118905 5804628.693749481;628420.5716408012 5803013.569377396;PersonalVehicle
1058761;08:28:59;629167.0731419132 5804302.3543317765;628388.028898383 5804961.351952679;PersonalVehicle
1003356;08:29:00;630384.7181661513 5805331.923794879;634266.520278123 5803737.794336154;PersonalVehicle
992798;08:29:02;631913.9173730104 5808124.069404383;628299.449158533 5805680.931489928;PersonalVehicle
1093151;08:29:03;630134.3165904336 5802554.257542035;629969.4699182006 5802483.355787701;PersonalVehicle
1045754;08:29:05;625622.6522493558 5804626.876193858;626549.27522305 5805294.759285396;PersonalVehicle
1075706;08:29:06;628827.1358072439 5802451.040695635;627498.1724596496 5810012.366902584;PersonalVehicle
1063590;08:29:06;628427.3142503175 5804616.597571977;628155.7995164169 5805212.124980187;PersonalVehicle
1137560;08:29:06;625506.3564786583 5800324.4571683705;625875.2920568351 5802101.015798755;PersonalVehicle
1093221;08:29:08;630272.7166005494 5801858.617644434;625495.2665135056 5806727.877555828;PersonalVehicle
787403;08:29:09;632357.7464165204 5800288.209577048;626707.5442985421 5803188.995287489;PersonalVehicle
1094660;08:29:09;630497.817781163 5802075.6983967;632357.7464165204 5800288.209577048;PersonalVehicle
1033135;08:29:11;627498.1724596496 5810012.366902584;627414.1199336536 5805369.614180166;PersonalVehicle
1003040;08:29:11;631874.0105879114 5806587.734887147;631015.8744431897 5803885.4118488245;PersonalVehicle
1119556;08:29:12;632357.7464165204 5800288.209577048;630511.1758530601 5801073.20988324;PersonalVehicle
1087708;08:29:13;633672.1088953787 5801895.047217489;629078.5987493164 5800683.162923052;PersonalVehicle
1011915;08:29:13;629059.9011580485 5808230.997179273;627498.1724596496 5810012.366902584;PersonalVehicle
1005954;08:29:15;633004.3677248412 5807111.004390368;630302.1754231736 5808032.409526143;PersonalVehicle
1074246;08:29:15;628361.1595985724 5801918.825427268;627634.7161886973 5802106.752107822;PersonalVehicle
1390328;08:29:16;625506.3564786583 5800324.4571683705;628234.1152055191 5805748.702903129;PersonalVehicle
1045974;08:29:19;626816.9983904457 5804225.172897516;626409.4704193614 5804961.170506157;PersonalVehicle
1052891;08:29:20;625907.0414506794 5801271.711882143;625495.2665135056 5806727.877555828;PersonalVehicle
1092641;08:29:20;630205.202626839 5802876.396409715;632357.7464165204 5800288.209577048;PersonalVehicle
1042987;08:29:22;626076.9505703944 5804978.866473765;629367.1534492687 5804481.03119377;PersonalVehicle
1069437;08:29:23;629519.8457392588 5800862.749711019;629298.3270970725 5802671.860022938;PersonalVehicle
1035578;08:29:23;627496.7739579439 5804448.61038437;625950.6363503798 5804830.33738582;PersonalVehicle
1062026;08:29:24;625495.2665135056 5806727.877555828;628388.3042852686 5805339.138273039;PersonalVehicle
1050544;08:29:25;626006.4013281087 5801914.395278567;625506.3564786583 5800324.4571683705;PersonalVehicle
1043356;08:29:26;625506.3564786583 5800324.4571683705;625860.5755599858 5805080.603922147;PersonalVehicle
1089374;08:29:26;627827.8550579685 5802007.1457074685;625506.3564786583 5800324.4571683705;PersonalVehicle
1014707;08:29:27;628396.5403273331 5809335.510999606;628141.7455851884 5803601.789111094;PersonalVehicle
1144951;08:29:28;632122.285925495 5802324.237127757;625506.3564786583 5800324.4571683705;PersonalVehicle
1064244;08:29:28;628088.875851351 5804654.536075957;628652.9180040299 5804384.516269485;PersonalVehicle
1129092;08:29:29;629204.6172700534 5802895.29305674;625506.3564786583 5800324.4571683705;PersonalVehicle
1067075;08:29:29;627772.8433839566 5804102.955719622;628041.4410058515 5804877.342277129;PersonalVehicle
1884291;08:29:30;632357.7464165204 5800288.209577048;629080.0746755718 5804735.669697781;PersonalVehicle
1069310;08:29:30;629064.6193773766 5802987.5057421;628947.4538246836 5802792.353176802;PersonalVehicle
1050180;08:29:31;626389.2188665506 5802430.868094386;626471.8900561724 5803009.552129013;PersonalVehicle
1103340;08:29:32;632142.475859473 5804033.998848718;625506.3564786583 5800324.4571683705;PersonalVehicle
1037450;08:29:32;627473.7741297148 5803847.875532669;628757.8608816748 5803771.295307582;PersonalVehicle
1077533;08:29:34;629542.9157833144 5801885.959729101;630037.2546876344 5803042.358873935;PersonalVehicle
1075943;08:29:37;628693.7708845594 5803602.181188424;628577.6958982525 5801749.324306686;PersonalVehicle
1011269;08:29:37;629106.0829835908 5808140.857559557;625506.3564786583 5800324.4571683705;PersonalVehicle
1088906;08:29:38;630054.7748757929 5801297.141664447;628903.2498503893 5801058.324188481;PersonalVehicle
1004570;08:29:38;633267.2615325244 5806591.31854878;633672.1088953787 5801895.047217489;PersonalVehicle
1125253;08:29:39;630377.2935286161 5799276.878224155;628092.2913627718 5803241.092058507;PersonalVehicle
1159574;08:29:41;634266.520278123 5803737.794336154;630548.0734783751 5802408.445727936;PersonalVehicle
1064747;08:29:42;628427.3142503175 5804616.597571977;630183.443264191 5802059.3640825935;PersonalVehicle
1104689;08:29:43;631558.175330004 5803476.03408908;625495.2665135056 5806727.877555828;PersonalVehicle
1065083;08:29:45;628791.9577161684 5804866.839809469;627791.8010045317 5803957.071572654;PersonalVehicle
1103840;08:29:46;630054.784074881 5809080.69627326;631733.6079394822 5802884.844541511;PersonalVehicle
1094108;08:29:46;630550.5513551373 5802340.936102997;630364.3955981869 5801617.777853256;PersonalVehicle
1059465;08:29:47;628902.7400163971 5802777.995702966;628404.4966808518 5805119.084088004;PersonalVehicle
1048704;08:29:47;625506.3564786583 5800324.4571683705;626861.3317939772 5803775.805070961;PersonalVehicle
1101187;08:29:47;632300.8047465861 5801850.48685635;633672.1088953787 5801895.047217489;PersonalVehicle
1070929;08:29:47;630840.5703778967 5804092.85550749;633575.9791278368 5806305.186138535;PersonalVehicle
1034204;08:29:48;627710.86832229 5804644.890415383;625495.2665135056 5806727.877555828;PersonalVehicle
1063438;08:29:48;628250.5339178906 5804638.623304098;625506.3564786583 5800324.4571683705;PersonalVehicle
1040743;08:29:49;626389.2188665506 5802430.868094386;632357.7464165204 5800288.209577048;PersonalVehicle
1063354;08:29:50;628015.9073086311 5804910.606749364;629906.2848981275 5800838.207038355;PersonalVehicle
1115667;08:29:51;633672.1088953787 5801895.047217489;630098.2047885214 5801444.221991508;PersonalVehicle
1162920;08:29:51;634266.520278123 5803737.794336154;628940.8727784365 5804670.382869142;PersonalVehicle
1035018;08:29:51;627557.1171771459 5803506.0627905;627759.2565657046 5805016.620036813;PersonalVehicle
1088256;08:29:53;629134.1085238148 5802392.286640661;629938.2651256005 5800711.0237678485;PersonalVehicle
1492203;08:29:53;625506.3564786583 5800324.4571683705;629110.2510279359 5804372.009674427;PersonalVehicle
1120916;08:29:54;630647.6003727512 5802527.625116937;633672.1088953787 5801895.047217489;PersonalVehicle
1058279;08:29:55;629204.2192710801 5803663.169703636;632357.7464165204 5800288.209577048;PersonalVehicle
1072240;08:29:55;629665.8652439973 5802974.237695646;631005.5726345533 5803583.690884405;PersonalVehicle
521174;08:29:57;634266.520278123 5803737.794336154;632324.8389327765 5801703.214738083;PersonalVehicle
1126500;08:29:57;625506.3564786583 5800324.4571683705;631202.0338773656 5800425.023190929;PersonalVehicle
1093170;08:29:58;630454.6980833367 5802242.59159131;628702.8370646551 5803076.4221461695;PersonalVehicle
1054495;08:29:58;625506.3564786583 5800324.4571683705;625706.429866761 5802420.21906921;PersonalVehicle
1076854;08:29:58;628771.9410699172 5801810.606437474;625506.3564786583 5800324.4571683705;PersonalVehicle
1006869;08:29:58;631262.445432422 5806436.406038335;630082.5848199504 5807076.515713253;PersonalVehicle
1015867;08:30:01;625495.2665135056 5806727.877555828;625967.5891077496 5802067.064451837;PersonalVehicle
1106287;08:30:05;632357.7464165204 5800288.209577048;632415.845341254 5803055.364602375;PersonalVehicle
1016300;08:30:05;625495.2665135056 5806727.877555828;630793.1430079542 5806032.654871834;PersonalVehicle
1006355;08:30:06;633082.1036581361 5806463.998059905;631238.0300638282 5806467.613979217;PersonalVehicle
1002625;08:30:07;629702.9171951998 5807248.963153125;630576.1991593352 5805762.771093416;PersonalVehicle
863763;08:30:09;631913.9173730104 5808124.069404383;628400.6282775977 5803179.907741607;PersonalVehicle
1185094;08:30:11;634266.520278123 5803737.794336154;629354.1798596499 5803363.357379586;PersonalVehicle
1126680;08:30:12;625506.3564786583 5800324.4571683705;629292.1303365707 5803091.490526199;PersonalVehicle
1093775;08:30:15;630600.4930899509 5802366.091727901;625495.2665135056 5806727.877555828;PersonalVehicle
1017951;08:30:16;625495.2665135056 5806727.877555828;626582.8781516935 5803621.502098838;PersonalVehicle
1089354;08:30:16;625506.3564786583 5800324.4571683705;629373.45992681 5800578.374747639;PersonalVehicle
1087088;08:30:17;629242.7498252075 5800541.77788817;625506.3564786583 5800324.4571683705;PersonalVehicle
1034135;08:30:18;627826.3031052708 5805175.923138151;627357.7131486199 5804145.246186147;PersonalVehicle
1105237;08:30:19;625506.3564786583 5800324.4571683705;629345.3695483438 5801516.040106687;PersonalVehicle
1087754;08:30:19;625506.3564786583 5800324.4571683705;629683.807315632 5800704.019607647;PersonalVehicle
1045438;08:30:21;626731.3388971463 5804450.285550929;626032.0698065563 5804691.766248961;PersonalVehicle
1088901;08:30:22;629462.1263490941 5800651.020190128;632357.7464165204 5800288.209577048;PersonalVehicle
910395;08:30:26;625495.2665135056 5806727.877555828;628126.45132207 5804997.383561613;PersonalVehicle
1077877;08:30:26;629110.4971408872 5802224.046976815;628038.7426207305 5802672.06669096;PersonalVehicle
1104961;08:30:27;631767.6892775623 5801779.754847345;631767.6892775623 5801779.754847345;PersonalVehicle
1101876;08:30:28;632060.2055039674 5804039.573515348;632682.5810390527 5804242.2988403775;PersonalVehicle
1074703;08:30:29;628659.3309751544 5802189.465195118;628779.3700640509 5802742.184777393;PersonalVehicle
1102289;08:30:30;631843.4473428256 5804057.959522463;625491.0666398834 5803437.065327858;PersonalVehicle
1006289;08:30:30;633207.4083419155 5806269.4613145655;629798.633260834 5803795.081190177;PersonalVehicle
1037034;08:30:33;627587.6972802636 5803766.869888279;627374.1011623346 5803413.256112698;PersonalVehicle
1130860;08:30:33;625506.3564786583 5800324.4571683705;626229.5853124848 5801556.86866178;PersonalVehicle
1079297;08:30:36;629580.2575226641 5802280.143586656;626347.3403474393 5803429.472570557;PersonalVehicle
1041457;08:30:38;626491.128626312 5804943.348676196;625495.2665135056 5806727.877555828;PersonalVehicle
1046253;08:30:38;626491.0472927026 5804535.575463798;627095.0259125774 5803517.306619359;PersonalVehicle
1096913;08:30:38;631129.3091216414 5803313.8724041395;628664.6994309577 5803965.8608199;PersonalVehicle
1068771;08:30:39;628772.6682613805 5801368.591728903;628818.460170952 5802960.853163572;PersonalVehicle
1040474;08:30:42;627643.4196734293 5803041.26557105;626492.5834799185 5802801.731668525;PersonalVehicle
1069848;08:30:43;630879.4183184978 5803399.536440919;634266.520278123 5803737.794336154;PersonalVehicle
1128941;08:30:44;625506.3564786583 5800324.4571683705;629134.1085238148 5802392.286640661;PersonalVehicle
964245;08:30:46;627498.1724596496 5810012.366902584;625577.6570955162 5806178.725920517;PersonalVehicle
1103255;08:30:46;631815.1306522633 5804032.8803050155;632579.1594281179 5804741.16079594;PersonalVehicle
1142319;08:30:47;625506.3564786583 5800324.4571683705;626005.027806096 5805129.982597805;PersonalVehicle
1004492;08:30:47;630377.2935286161 5799276.878224155;633517.336878658 5806528.049970281;PersonalVehicle
646573;08:30:47;632357.7464165204 5800288.209577048;629140.9652497913 5802796.525399566;PersonalVehicle
1015753;08:30:47;625495.2665135056 5806727.877555828;625798.393107872 5805002.353303899;PersonalVehicle
1009309;08:30:48;630183.91199077 5807280.649294772;625495.2665135056 5806727.877555828;PersonalVehicle
1107371;08:30:49;632414.250222553 5802955.741663578;629970.1197509208 5806305.152298712;PersonalVehicle
1114493;08:30:49;632357.7464165204 5800288.209577048;628168.6712947438 5805392.881685756;PersonalVehicle
1006468;08:30:51;630682.615469343 5805872.404596065;631451.2832777392 5807282.50563328;PersonalVehicle
1093988;08:30:51;630295.5200798211 5802485.885663876;630310.7233956538 5801669.976767644;PersonalVehicle
1104181;08:30:51;632357.7464165204 5800288.209577048;631889.3881825397 5803388.758947035;PersonalVehicle
1086284;08:30:52;630121.7325903381 5801450.425595497;629100.9429714623 5803416.187527834;PersonalVehicle
863740;08:30:53;631913.9173730104 5808124.069404383;627937.5817022729 5802154.179826488;PersonalVehicle
840774;08:30:56;627498.1724596496 5810012.366902584;626449.9622801505 5801370.329115753;PersonalVehicle
1102776;08:30:58;631387.1383448098 5804825.33126008;631857.6336816406 5804116.299646039;PersonalVehicle
1015042;08:30:59;628143.9425745067 5809801.625792599;627498.1724596496 5810012.366902584;PersonalVehicle
1033346;08:30:59;627124.5593279005 5804312.880435241;632357.7464165204 5800288.209577048;PersonalVehicle
1006106;08:31:00;631058.1226284667 5806559.417593639;633195.2416566861 5806823.102257218;PersonalVehicle
1048458;08:31:00;629365.3046882083 5801694.426097504;629365.3046882083 5801694.426097504;PersonalVehicle
1010887;08:31:01;629142.2536342469 5807868.5840232195;625495.2665135056 5806727.877555828;PersonalVehicle
1051896;08:31:02;625732.246274221 5801989.41844474;625829.1313093787 5804148.077060311;PersonalVehicle
1007738;08:31:02;631695.9623960285 5807055.123471419;629839.032858765 5805893.770868894;PersonalVehicle
1082833;08:31:04;627149.0999412506 5801174.580079671;628222.9164534451 5801733.801679777;PersonalVehicle
1105435;08:31:04;632070.4763009343 5802887.245554362;632357.7464165204 5800288.209577048;PersonalVehicle
1075095;08:31:05;626710.0955025491 5803141.1912445165;628731.1342231508 5802032.54536993;PersonalVehicle
1144927;08:31:05;625506.3564786583 5800324.4571683705;628921.9941588264 5804069.884652748;PersonalVehicle
1069140;08:31:06;628734.1326572738 5803118.86183755;629562.4708250723 5802723.642801317;PersonalVehicle
1041580;08:31:06;626744.8044173995 5804773.074662389;625495.2665135056 5806727.877555828;PersonalVehicle
1099099;08:31:07;631905.8591469405 5801951.222487246;630948.7445899817 5800991.832635552;PersonalVehicle
1105443;08:31:09;631523.0647121053 5803260.419200809;631611.7443761092 5803255.557366119;PersonalVehicle
1072533;08:31:09;631474.1108461989 5804128.658643081;632357.7464165204 5800288.209577048;PersonalVehicle
1043901;08:31:09;628126.376308114 5805168.36473077;625889.9502899303 5804736.712505458;PersonalVehicle
1035971;08:31:10;627377.5270699601 5803396.203552658;632357.7464165204 5800288.209577048;PersonalVehicle
1064184;08:31:11;627231.8397639858 5804254.213443671;627231.8397639858 5804254.213443671;PersonalVehicle
1483548;08:31:12;625506.3564786583 5800324.4571683705;632218.1829180361 5801625.663239714;PersonalVehicle
1111475;08:31:12;633672.1088953787 5801895.047217489;628587.505166021 5802986.039557003;PersonalVehicle
1036909;08:31:13;626781.0642114067 5803416.597558873;631793.5086139737 5801148.215582742;PersonalVehicle
1092937;08:31:15;630257.5389835242 5802339.86135335;631469.2050813504 5802721.750861458;PersonalVehicle
1080388;08:31:16;629636.5927986611 5801994.149174852;629303.7129216194 5801434.77550552;PersonalVehicle
1088420;08:31:17;629877.6136912226 5801193.4849940045;628040.5375135655 5802800.354857447;PersonalVehicle
1060743;08:31:19;625506.3564786583 5800324.4571683705;628484.9197495412 5805229.707447879;PersonalVehicle
1062026;08:31:19;628388.3042852686 5805339.138273039;625495.2665135056 5806727.877555828;PersonalVehicle
1042950;08:31:19;625649.3043674892 5804917.280490032;630382.4165025777 5803867.432089239;PersonalVehicle
1054817;08:31:21;625495.2665135056 5806727.877555828;630094.7208005554 5803972.170476544;PersonalVehicle
1078811;08:31:21;629334.7319098855 5802400.569811951;629665.2896031037 5802514.806384233;PersonalVehicle
1403168;08:31:21;628357.8422170405 5803097.075560311;625506.3564786583 5800324.4571683705;PersonalVehicle
1106300;08:31:21;632298.6333179536 5803058.018924515;625506.3564786583 5800324.4571683705;PersonalVehicle
1049599;08:31:22;632357.7464165204 5800288.209577048;626373.5509684011 5803687.340264325;PersonalVehicle
1331648;08:31:22;625506.3564786583 5800324.4571683705;627585.2102579621 5802388.029918609;PersonalVehicle
1071920;08:31:22;630993.9736287629 5803406.241019819;629927.4729523673 5802391.281860367;PersonalVehicle
1095728;08:31:25;630735.2079137146 5802569.046837702;625506.3564786583 5800324.4571683705;PersonalVehicle
1100104;08:31:25;631893.8047367005 5801350.811849916;631697.487179827 5807281.629769337;PersonalVehicle
1055195;08:31:26;625506.3564786583 5800324.4571683705;627693.0622834648 5804043.057593589;PersonalVehicle
1045740;08:31:27;626763.9756394972 5804120.98765346;631072.9645072652 5803797.896984131;PersonalVehicle
1032622;08:31:27;627397.3950663632 5805440.5503180185;627378.401157454 5805319.90346277;PersonalVehicle
1052665;08:31:27;626063.4465160955 5801678.3326275535;625966.7978222566 5801344.646915634;PersonalVehicle
1045242;08:31:27;634266.520278123 5803737.794336154;625976.5642569886 5804041.420720809;PersonalVehicle
1032004;08:31:30;627247.2232694847 5805376.474574472;625506.3564786583 5800324.4571683705;PersonalVehicle
1077448;08:31:31;628435.665531471 5803283.023825721;629530.2859468767 5801994.415116275;PersonalVehicle
1000047;08:31:33;627498.1724596496 5810012.366902584;628456.9408020524 5809293.099081171;PersonalVehicle
1120790;08:31:35;633672.1088953787 5801895.047217489;632334.3839801544 5803258.379954099;PersonalVehicle
998499;08:31:35;630276.8647831699 5807859.906750883;634266.520278123 5803737.794336154;PersonalVehicle
1073567;08:31:36;628262.8288684486 5801906.138594799;626806.05754439 5802848.9631863935;PersonalVehicle
1097836;08:31:37;631087.4434423357 5803159.921394431;630299.8327210685 5807074.452234123;PersonalVehicle
1133540;08:31:38;625506.3564786583 5800324.4571683705;628900.4364307412 5801362.114936661;PersonalVehicle
1045135;08:31:38;625534.9606611397 5804151.095196655;625495.2665135056 5806727.877555828;PersonalVehicle
1625726;08:31:38;625506.3564786583 5800324.4571683705;631054.1974865266 5804274.141294721;PersonalVehicle
1062273;08:31:39;628094.2301308521 5806066.330197861;632357.7464165204 5800288.209577048;PersonalVehicle
1066957;08:31:40;625495.2665135056 5806727.877555828;628278.9748296817 5803861.87061044;PersonalVehicle
1004757;08:31:41;632865.0369412141 5806431.998032619;631325.3039098582 5807168.598821091;PersonalVehicle
1181326;08:31:43;633672.1088953787 5801895.047217489;629153.216652021 5803923.943604529;PersonalVehicle
1011153;08:31:44;629077.8909668477 5808195.175582535;626636.5192431426 5804174.323054241;PersonalVehicle
1073626;08:31:44;627917.1141120766 5802645.704668063;625724.9435371041 5804326.6910922015;PersonalVehicle
1064007;08:31:45;628108.9196216622 5804643.998153913;627789.7204517414 5804416.547119049;PersonalVehicle
1015954;08:31:46;625495.2665135056 5806727.877555828;628147.0862704513 5805962.505128107;PersonalVehicle
777238;08:31:47;632357.7464165204 5800288.209577048;630128.2177662101 5801134.568411914;PersonalVehicle
1353385;08:31:49;625506.3564786583 5800324.4571683705;628656.2029015059 5802889.091641808;PersonalVehicle
1086796;08:31:49;628761.3724702296 5801261.17335394;628605.6201020641 5801207.292338242;PersonalVehicle
1035319;08:31:50;627747.2555608443 5805143.090222279;627914.2394750221 5805308.880468724;PersonalVehicle
1038637;08:31:51;626526.6591253707 5802695.516125244;627874.5735889722 5803840.484790908;PersonalVehicle
1094762;08:31:51;630710.7290639698 5802079.748028409;630668.2529881034 5802194.295073663;PersonalVehicle
1062145;08:31:51;628321.5189011032 5805309.611615197;628342.3703132055 5806065.53438592;PersonalVehicle
1059064;08:31:52;627498.1724596496 5810012.366902584;628802.3905590716 5803883.812253221;PersonalVehicle
1100613;08:31:52;630599.0318066231 5802159.6637654565;628772.7798812225 5804751.971878406;PersonalVehicle
1025739;08:31:52;625495.2665135056 5806727.877555828;626696.2373787091 5804238.530425438;PersonalVehicle
1469516;08:31:52;625506.3564786583 5800324.4571683705;630327.4081871809 5806820.264620076;PersonalVehicle
904663;08:31:54;627498.1724596496 5810012.366902584;625847.0553025323 5805384.632148296;PersonalVehicle
987686;08:31:54;631771.5966342796 5806909.321810398;631913.9173730104 5808124.069404383;PersonalVehicle
1098323;08:31:54;631295.9361894759 5802046.304557192;627498.1724596496 5810012.366902584;PersonalVehicle
406648;08:31:56;634266.520278123 5803737.794336154;630192.5980796374 5805148.549727231;PersonalVehicle
1120511;08:31:57;626515.7810087365 5804857.124552886;633672.1088953787 5801895.047217489;PersonalVehicle
1064655;08:31:57;628363.7768894674 5803562.3587646345;628160.891703235 5804648.104912302;PersonalVehicle
1097736;08:31:58;631265.564105031 5802835.450785812;631095.0820991097 5803127.111443764;PersonalVehicle
756916;08:32:00;632357.7464165204 5800288.209577048;626182.3412342268 5805837.172101415;PersonalVehicle
1005326;08:32:01;631756.7790895948 5807244.19787187;633031.079668887 5807203.30302015;PersonalVehicle
1041317;08:32:01;625822.9580613216 5804488.259420235;626085.9510107064 5805539.729626208;PersonalVehicle
1066732;08:32:01;627890.5856892131 5803751.423996675;628480.7647378811 5803764.735599953;PersonalVehicle
1086304;08:32:02;629356.932829204 5801021.848229129;629387.660275674 5801041.467556194;PersonalVehicle
1073526;08:32:03;628116.117504026 5802808.530241663;628504.4046465696 5804041.216394131;PersonalVehicle
1029057;08:32:04;625506.3564786583 5800324.4571683705;626329.4117751757 5801981.9538510395;PersonalVehicle
1100041;08:32:06;630475.1115143925 5801415.254450121;632357.7464165204 5800288.209577048;PersonalVehicle
1104135;08:32:07;632090.3806335196 5802802.6316111;631842.2648829321 5803246.718142494;PersonalVehicle
1026347;08:32:11;625495.2665135056 5806727.877555828;629709.3972243944 5801454.68648848;PersonalVehicle
1082275;08:32:12;626486.0051962483 5801080.183534159;628032.5372398887 5801635.922522931;PersonalVehicle
1477140;08:32:12;629475.4996219625 5804251.111531149;625506.3564786583 5800324.4571683705;PersonalVehicle
1068106;08:32:13;629548.8736257481 5802778.319063904;629777.1588205595 5803749.0355209485;PersonalVehicle
1067614;08:32:14;628056.3976613334 5803282.929986854;625495.2665135056 5806727.877555828;PersonalVehicle
1076550;08:32:15;628960.3383957478 5802069.110140181;630999.8939815972 5804003.075305189;PersonalVehicle
1032041;08:32:16;627397.8757283736 5804871.612958308;627412.0861570636 5805064.308402699;PersonalVehicle
1104011;08:32:16;631742.657305571 5802946.125381712;630987.4117447846 5803270.897050742;PersonalVehicle
1095483;08:32:17;631003.5329831365 5802386.2699120585;634266.520278123 5803737.794336154;PersonalVehicle
986097;08:32:19;631913.9173730104 5808124.069404383;628496.1949760877 5805157.944212606;PersonalVehicle
1033458;08:32:20;627707.330526994 5805435.179087127;634266.520278123 5803737.794336154;PersonalVehicle
1014565;08:32:20;628447.6690963518 5809710.220035767;628491.8541356542 5809135.342784365;PersonalVehicle
980982;08:32:21;627498.1724596496 5810012.366902584;628813.8259080674 5804356.086998157;PersonalVehicle
1012400;08:32:22;630305.8201229654 5807931.486275393;631913.9173730104 5808124.069404383;PersonalVehicle
1072604;08:32:22;629968.7459051256 5805819.328395042;629748.7627408949 5803369.095983881;PersonalVehicle
1042746;08:32:23;626032.0698065563 5804691.766248961;626205.4353118679 5805191.15206565;PersonalVehicle
1065401;08:32:23;626464.4737720895 5804661.751608103;628126.2491256269 5805260.314777742;PersonalVehicle
1043073;08:32:23;626238.4278007528 5804792.986407025;628090.083719987 5805721.920416123;PersonalVehicle
1008311;08:32:24;631801.678830035 5807591.818965904;630691.0992298113 5804030.444732559;PersonalVehicle
1065167;08:32:28;627997.4972598793 5804553.401265449;629074.3902214288 5804149.064671739;PersonalVehicle
1122702;08:32:28;633672.1088953787 5801895.047217489;631208.8055555155 5803341.4430314405;PersonalVehicle
1012348;08:32:29;630352.7346201211 5808090.23631815;627498.1724596496 5810012.366902584;PersonalVehicle
919613;08:32:29;626958.0706200249 5801446.101811656;625495.2665135056 5806727.877555828;PersonalVehicle
1090239;08:32:29;628987.2662141303 5800926.666111224;630377.2935286161 5799276.878224155;PersonalVehicle
873177;08:32:30;627498.1724596496 5810012.366902584;628775.0960731969 5801863.383020006;PersonalVehicle
1106026;08:32:30;632112.5886796792 5803370.4882634925;632349.578777608 5803015.190884965;PersonalVehicle
1006197;08:32:30;633086.1068460153 5806468.013700908;632692.7507326853 5806467.233460817;PersonalVehicle
1089654;08:32:30;625506.3564786583 5800324.4571683705;628677.5997459065 5801566.541061129;PersonalVehicle
955687;08:32:31;625506.3564786583 5800324.4571683705;628702.8370646551 5803076.4221461695;PersonalVehicle
1137194;08:32:31;625506.3564786583 5800324.4571683705;628580.7556600996 5802634.211400061;PersonalVehicle
821117;08:32:31;625506.3564786583 5800324.4571683705;628098.5416359056 5801767.40504237;PersonalVehicle
1090632;08:32:32;632364.5507099037 5800537.428163933;625506.3564786583 5800324.4571683705;PersonalVehicle
1093655;08:32:32;630340.5384627705 5801727.382726594;632063.4564551027 5802696.921337412;PersonalVehicle
1094858;08:32:36;630552.0533756389 5801882.613393057;628298.6117531313 5805973.643713682;PersonalVehicle
1274840;08:32:36;625506.3564786583 5800324.4571683705;631014.0171599025 5802189.756160655;PersonalVehicle
1081352;08:32:36;627214.6741969323 5801978.414520333;626291.155971701 5801539.329446641;PersonalVehicle
1051137;08:32:37;625961.7593050309 5802237.81496876;629434.9723625341 5804636.885820372;PersonalVehicle
1085343;08:32:37;628881.2298399691 5801160.916414355;625495.2665135056 5806727.877555828;PersonalVehicle
967495;08:32:39;625495.2665135056 5806727.877555828;628470.367295156 5805267.511478684;PersonalVehicle
1054069;08:32:42;625495.2665135056 5806727.877555828;627799.5391353671 5804603.035016824;PersonalVehicle
1037789;08:32:44;626917.3359266096 5803677.775434856;630109.4176500682 5806249.1132506;PersonalVehicle
1017402;08:32:45;625495.2665135056 5806727.877555828;628245.6752496588 5802732.092131317;PersonalVehicle
987753;08:32:48;631913.9173730104 5808124.069404383;630548.0734783751 5802408.445727936;PersonalVehicle
1161337;08:32:48;633672.1088953787 5801895.047217489;626808.9955108279 5803917.956724956;PersonalVehicle
1117272;08:32:49;632357.7464165204 5800288.209577048;627761.2742753443 5802541.968502888;PersonalVehicle
1058574;08:32:49;629407.6995563821 5804165.233351485;629712.7932076531 5804274.630426201;PersonalVehicle
943112;08:32:49;625794.0049254448 5805079.7407100415;625495.2665135056 5806727.877555828;PersonalVehicle
1107845;08:32:51;627306.65265722 5800698.213631362;632357.7464165204 5800288.209577048;PersonalVehicle
1092349;08:32:51;630399.8551649187 5802291.19451373;625506.3564786583 5800324.4571683705;PersonalVehicle
1106328;08:32:51;632075.6632739699 5803308.61813544;632075.6632739699 5803308.61813544;PersonalVehicle
1118286;08:32:52;632357.7464165204 5800288.209577048;631530.4024890598 5801400.284537535;PersonalVehicle
1075888;08:32:53;629010.8064907345 5801994.686438551;628561.8151639471 5801988.538868187;PersonalVehicle
1106177;08:32:53;632140.911951906 5803278.276265837;631717.7708836251 5803104.358344401;PersonalVehicle
1009669;08:32:53;629672.42801253 5805478.782477045;629475.2815342882 5803979.573531312;PersonalVehicle
1008875;08:32:55;631913.9173730104 5808124.069404383;627732.5194486092 5805920.638678902;PersonalVehicle
913062;08:32:59;625495.2665135056 5806727.877555828;628401.8491967795 5804249.445728675;PersonalVehicle
1080204;08:33:00;629389.0974263216 5802460.588681482;631808.5827952318 5803083.668372664;PersonalVehicle
1114261;08:33:00;633672.1088953787 5801895.047217489;628455.276669075 5803441.335831242;PersonalVehicle
1102748;08:33:01;631940.6203810052 5803988.7116727065;629505.014105808 5803469.811705342;PersonalVehicle
484875;08:33:01;627744.2583691721 5802608.625235293;634266.520278123 5803737.794336154;PersonalVehicle
1064066;08:33:02;626885.6465194466 5803214.804889667;628187.9119838756 5805044.229559149;PersonalVehicle
1024672;08:33:05;628746.4249375557 5802459.358475872;625495.2665135056 5806727.877555828;PersonalVehicle
1007319;08:33:07;631938.606218413 5806916.164812188;631967.026937202 5807112.122876222;PersonalVehicle
1015811;08:33:10;625495.2665135056 5806727.877555828;627935.5661746407 5805981.480683016;PersonalVehicle
1034836;08:33:10;627430.5214305655 5804527.285089832;625495.2665135056 5806727.877555828;PersonalVehicle
1135289;08:33:10;625506.3564786583 5800324.4571683705;631146.5363624182 5800516.018499291;PersonalVehicle
1076717;08:33:12;628825.376806313 5801898.3374370355;625924.9309917799 5803542.869444373;PersonalVehicle
1098176;08:33:12;631021.47822713 5801948.660179475;627278.8685300152 5801430.481196331;PersonalVehicle
1078320;08:33:14;629260.090384619 5802397.273289637;629223.3399221813 5801747.187422412;PersonalVehicle
1060965;08:33:16;627598.5232675896 5806236.792619288;628556.6539165953 5805665.684408409;PersonalVehicle
1005109;08:33:16;632715.1732232488 5807205.1375417495;634266.520278123 5803737.794336154;PersonalVehicle
1074443;08:33:17;628057.7432318118 5802781.07755885;631414.877843159 5806354.850115477;PersonalVehicle
1135531;08:33:17;625506.3564786583 5800324.4571683705;627109.1489766677 5801098.119306762;PersonalVehicle
1094478;08:33:18;630219.9742105654 5802421.460499512;629733.9440378627 5804000.391179508;PersonalVehicle
1033933;08:33:18;627439.4578551259 5804420.013442799;625495.2665135056 5806727.877555828;PersonalVehicle
1064251;08:33:19;627869.6664289196 5804661.707574356;625506.3564786583 5800324.4571683705;PersonalVehicle
1106377;08:33:21;633751.4701780055 5804593.969118868;631389.6179454636 5803945.18996482;PersonalVehicle
1007146;08:33:25;633672.1088953787 5801895.047217489;632130.9507936724 5807164.588431222;PersonalVehicle
934865;08:33:26;625506.3564786583 5800324.4571683705;628517.6968687462 5802260.982472913;PersonalVehicle
1069663;08:33:26;629784.2729840173 5802967.140109198;634266.520278123 5803737.794336154;PersonalVehicle
1043913;08:33:26;626587.4504914817 5804783.5974061405;631407.080546004 5803932.945614589;PersonalVehicle
1043317;08:33:27;625725.8350176855 5805310.570012864;626686.4956067533 5804719.144368581;PersonalVehicle
1101805;08:33:28;632446.4958692715 5804330.576429874;632446.4958692715 5804330.576429874;PersonalVehicle
1125929;08:33:28;625506.3564786583 5800324.4571683705;628272.9649649208 5803253.28689057;PersonalVehicle
1097857;08:33:29;631156.0886821877 5803256.513361222;631052.5643640237 5803337.668888011;PersonalVehicle
1060739;08:33:31;626035.5661434124 5802413.102583151;628257.8232259837 5805822.673324819;PersonalVehicle
1029397;08:33:31;625506.3564786583 5800324.4571683705;629980.1575776134 5803340.2857116535;PersonalVehicle
1071352;08:33:32;630193.6212910005 5803784.225289795;634266.520278123 5803737.794336154;PersonalVehicle
1158863;08:33:33;634266.520278123 5803737.794336154;628343.9834056253 5801814.723441746;PersonalVehicle
1119911;08:33:37;631243.4616032277 5800355.280991253;633672.1088953787 5801895.047217489;PersonalVehicle
1049182;08:33:40;626179.3199191238 5802298.662032014;626179.3199191238 5802298.662032014;PersonalVehicle
1083458;08:33:43;627178.694025611 5801587.36873926;627470.2105991835 5801321.898113328;PersonalVehicle
951898;08:33:44;625495.2665135056 5806727.877555828;630269.1966097826 5803835.679998752;PersonalVehicle
1016780;08:33:44;625495.2665135056 5806727.877555828;630457.3428147008 5803244.381324772;PersonalVehicle
1061992;08:33:45;628090.8076808297 5805793.000921922;628171.6032265165 5804610.045963767;PersonalVehicle
1102003;08:33:45;632069.975163159 5804767.820327036;631412.277468435 5803680.749731373;PersonalVehicle
1014495;08:33:46;627498.1724596496 5810012.366902584;628675.024015839 5809865.990667199;PersonalVehicle
1094886;08:33:48;629969.4699182006 5802483.355787701;625506.3564786583 5800324.4571683705;PersonalVehicle
1064351;08:33:48;627774.2883256266 5804395.877284945;628857.1519438225 5802181.689776537;PersonalVehicle
1097972;08:33:49;631920.5691192951 5800321.19293341;632357.7464165204 5800288.209577048;PersonalVehicle
1047538;08:33:49;627443.1597435483 5803627.723118464;625905.3928707725 5803606.718959071;PersonalVehicle
1015394;08:33:50;628990.9572091007 5809327.832469091;630437.0065164522 5807692.712494553;PersonalVehicle
1070360;08:33:51;630125.214329992 5803061.814341142;632357.7464165204 5800288.209577048;PersonalVehicle
1006231;08:33:52;633006.8392969957 5806643.367104237;629151.3983695956 5802581.784980217;PersonalVehicle
1052982;08:33:54;625653.1416719094 5801450.835581199;628377.117690094 5805095.076462584;PersonalVehicle
1105671;08:33:55;630193.6212910005 5803784.225289795;633672.1088953787 5801895.047217489;PersonalVehicle
1041892;08:33:57;626032.0698065563 5804691.766248961;627239.6834971082 5804933.118231768;PersonalVehicle
1033632;08:33:57;627531.2968633042 5805114.304195797;627750.0504527101 5806068.471502695;PersonalVehicle
1013865;08:33:58;630106.1273327696 5808235.839680632;631704.3922043332 5807045.481580118;PersonalVehicle
1043934;08:33:58;626386.960195959 5804638.95165817;625506.3564786583 5800324.4571683705;PersonalVehicle
1109045;08:34:02;632357.7464165204 5800288.209577048;628482.7217384437 5803238.581468081;PersonalVehicle
1105005;08:34:03;631553.7065883691 5803417.098781786;625506.3564786583 5800324.4571683705;PersonalVehicle
1076255;08:34:04;628544.1429041772 5801917.595903226;627186.7640109317 5803420.085237216;PersonalVehicle
982298;08:34:04;627498.1724596496 5810012.366902584;630939.8649067791 5808178.517801079;PersonalVehicle
1108073;08:34:04;632357.7464165204 5800288.209577048;628710.1505102532 5802132.879959462;PersonalVehicle
1071754;08:34:05;630866.3617678819 5803533.677081497;631913.9173730104 5808124.069404383;PersonalVehicle
1031545;08:34:05;625506.3564786583 5800324.4571683705;627829.6618806301 5801317.223880772;PersonalVehicle
1060068;08:34:05;625495.2665135056 5806727.877555828;626637.1119218565 5807663.302982432;PersonalVehicle
1085349;08:34:06;629805.263969677 5801366.429011406;625495.2665135056 5806727.877555828;PersonalVehicle
1075813;08:34:06;628788.685290635 5802260.257006687;629836.0609139918 5801825.356590699;PersonalVehicle
1052991;08:34:06;625507.8972532458 5801388.186579514;625506.3564786583 5800324.4571683705;PersonalVehicle
1066180;08:34:07;627989.3164862511 5803371.566376823;630217.3444387787 5802845.641064464;PersonalVehicle
1134529;08:34:08;625506.3564786583 5800324.4571683705;627346.3675645548 5802362.748000136;PersonalVehicle
1012324;08:34:09;630118.9202846198 5808253.552254596;632134.1968756685 5807451.377121391;PersonalVehicle
902085;08:34:10;627498.1724596496 5810012.366902584;630539.8715112044 5802031.580192586;PersonalVehicle
1067297;08:34:11;627834.5016158316 5804278.67115795;627781.3867176259 5800931.534923633;PersonalVehicle
1102277;08:34:11;632620.2749007901 5804402.313861972;628761.5943869336 5803838.241950069;PersonalVehicle
1037210;08:34:14;625506.3564786583 5800324.4571683705;627619.6281428402 5803696.91356892;PersonalVehicle
1081126;08:34:14;626550.7244648521 5801452.102900094;626214.1025266595 5803461.636663536;PersonalVehicle
1093464;08:34:18;628935.3150741606 5802378.04479851;630491.5017467599 5802406.250360117;PersonalVehicle
1098720;08:34:18;631178.6373520188 5802089.748933164;627871.8665651164 5801572.705796445;PersonalVehicle
1074161;08:34:19;628055.1617797138 5802097.579508143;628769.6807771217 5803709.93359598;PersonalVehicle
1080691;08:34:19;626369.4849190569 5802027.595058256;625506.3564786583 5800324.4571683705;PersonalVehicle
994511;08:34:21;631777.8314803541 5807468.553236555;631913.9173730104 5808124.069404383;PersonalVehicle
1081631;08:34:21;626820.0649268309 5802177.427123973;632357.7464165204 5800288.209577048;PersonalVehicle
1330832;08:34:21;625506.3564786583 5800324.4571683705;628496.0810371988 5804740.111747179;PersonalVehicle
1133186;08:34:23;625506.3564786583 5800324.4571683705;628425.5327827501 5805433.148794215;PersonalVehicle
1660354;08:34:25;625506.3564786583 5800324.4571683705;629800.5910202118 5800525.328391309;PersonalVehicle
1102210;08:34:27;632152.9198144434 5803244.422734563;631757.0490518471 5804092.701604404;PersonalVehicle
1140250;08:34:29;625506.3564786583 5800324.4571683705;627964.2697140041 5802411.303462162;PersonalVehicle
1035319;08:34:29;627747.2555608443 5805143.090222279;625885.9255881978 5804094.619537564;PersonalVehicle
1015573;08:34:30;626062.4278579333 5807010.066723977;629361.637791141 5804388.80971441;PersonalVehicle
1035338;08:34:33;627603.7162003464 5804233.558687159;627008.8128511035 5803559.584677926;PersonalVehicle
1108545;08:34:34;632357.7464165204 5800288.209577048;628655.0984601548 5804370.744418357;PersonalVehicle
1066016;08:34:35;628534.0187803782 5804252.866697856;625506.3564786583 5800324.4571683705;PersonalVehicle
1102038;08:34:35;631158.6432586068 5804966.091556739;629656.812645438 5803213.127504166;PersonalVehicle
1047327;08:34:37;625968.635525844 5803615.764671989;626077.623514652 5803385.327919746;PersonalVehicle
961884;08:34:37;627498.1724596496 5810012.366902584;632050.4590283833 5807289.422098413;PersonalVehicle
408699;08:34:39;627931.0282954483 5802174.442865897;628256.7768905918 5802177.339356086;PersonalVehicle
1104255;08:34:39;631850.9633550611 5803461.758729338;631850.9633550611 5803461.758729338;PersonalVehicle
1034702;08:34:39;627344.1398859499 5804185.920428084;630377.2935286161 5799276.878224155;PersonalVehicle
1070541;08:34:39;630730.5378764227 5804317.786799598;630103.7814071674 5801113.53067905;PersonalVehicle
1071919;08:34:40;631477.6375119996 5804037.42636625;632357.7464165204 5800288.209577048;PersonalVehicle
725968;08:34:40;628965.6791066326 5802694.691607436;633672.1088953787 5801895.047217489;PersonalVehicle
1045959;08:34:41;626628.398826225 5804122.750064459;631416.6614646304 5804037.9854271365;PersonalVehicle
1004473;08:34:42;633121.6768265334 5806356.147021188;630193.8154363559 5807163.5087694125;PersonalVehicle
947635;08:34:44;625495.2665135056 5806727.877555828;630781.9537494997 5803251.758844228;PersonalVehicle
1063345;08:34:44;628233.6227510199 5804602.986522518;627347.5446937385 5806310.066398423;PersonalVehicle
1096067;08:34:45;630948.4703421658 5802100.431897204;630871.5826769071 5802145.424243878;PersonalVehicle
1081318;08:34:47;627103.2918139296 5801866.8211012175;626837.8781785605 5802214.571152289;PersonalVehicle
1061957;08:34:48;627418.2242011651 5806329.019462677;627498.1724596496 5810012.366902584;PersonalVehicle
1088643;08:34:48;629108.9187954685 5800546.578460949;629956.0331413418 5801674.470343824;PersonalVehicle
1059488;08:34:48;628636.9911113472 5804077.29206651;625506.3564786583 5800324.4571683705;PersonalVehicle
1077499;08:34:49;629070.0255487954 5802013.548844717;628009.6376746292 5803818.257421627;PersonalVehicle
1105832;08:34:50;631884.1088963656 5803247.737333366;625495.2665135056 5806727.877555828;PersonalVehicle
911998;08:34:51;625495.2665135056 5806727.877555828;630533.995140268 5801775.108313316;PersonalVehicle
1104343;08:34:52;631861.6287214916 5803186.370056651;625495.2665135056 5806727.877555828;PersonalVehicle
1101503;08:34:55;631556.7451802368 5802357.3361297725;631905.0104000769 5802385.768223532;PersonalVehicle
913159;08:34:58;625649.3043674892 5804917.280490032;625495.2665135056 5806727.877555828;PersonalVehicle
1018928;08:35:02;625495.2665135056 5806727.877555828;626018.4184634899 5804929.64306869;PersonalVehicle
1096349;08:35:02;630915.845431868 5802390.007732167;630040.991004848 5802517.45870899;PersonalVehicle
1079931;08:35:06;630377.2935286161 5799276.878224155;629674.892040687 5801883.790567861;PersonalVehicle
1037675;08:35:07;627652.2366929372 5803447.221593304;626639.1307685217 5802600.218843825;PersonalVehicle
1050018;08:35:08;632357.7464165204 5800288.209577048;626265.9631852733 5803702.624504637;PersonalVehicle
1032947;08:35:10;626917.2137463869 5805317.133525157;626917.2137463869 5805317.133525157;PersonalVehicle
1093805;08:35:12;631170.6285543541 5802417.651544149;630741.5955210398 5802016.845290852;PersonalVehicle
1047782;08:35:12;626232.9023333365 5803399.435342969;626132.9408933545 5803719.401562074;PersonalVehicle
1044761;08:35:13;625997.3920545424 5804097.508024286;627672.9193859886 5803504.603060444;PersonalVehicle
1031729;08:35:14;628748.6465428423 5801129.716112754;625506.3564786583 5800324.4571683705;PersonalVehicle
1062082;08:35:14;632357.7464165204 5800288.209577048;628278.9533467924 5806017.781054032;PersonalVehicle
1080417;08:35:15;628931.2975356618 5804479.745026801;629680.031095972 5802006.155256302;PersonalVehicle
1064186;08:35:16;628574.1495115092 5804970.32948043;627929.2656136964 5805876.147791921;PersonalVehicle
777229;08:35:17;632357.7464165204 5800288.209577048;628920.2189174967 5803148.503761179;PersonalVehicle
1129934;08:35:17;625506.3564786583 5800324.4571683705;628798.5537700136 5801910.229288917;PersonalVehicle
999497;08:35:18;631913.9173730104 5808124.069404383;626531.3124546339 5803358.984980491;PersonalVehicle
1101842;08:35:18;631149.2712246878 5804887.050599892;629533.5796805142 5804549.425749822;PersonalVehicle
1041102;08:35:20;626335.7597974584 5802379.333428321;625506.3564786583 5800324.4571683705;PersonalVehicle
1091154;08:35:22;625506.3564786583 5800324.4571683705;626947.5733088838 5801136.942884787;PersonalVehicle
1074161;08:35:22;628769.6807771217 5803709.93359598;628055.1617797138 5802097.579508143;PersonalVehicle
1082259;08:35:22;631103.1847645538 5800834.805198838;626565.0669454184 5800805.525505288;PersonalVehicle
1062663;08:35:23;628619.8686309935 5805962.819694808;628524.0931330995 5805285.061082484;PersonalVehicle
778064;08:35:23;632357.7464165204 5800288.209577048;626552.0547570233 5803640.313257476;PersonalVehicle
1006118;08:35:26;633054.5286101808 5807110.365239881;632162.8315857706 5806960.654738077;PersonalVehicle
1012033;08:35:27;629751.8255910067 5808835.516821386;629751.8255910067 5808835.516821386;PersonalVehicle
1101002;08:35:28;632497.3195238172 5802014.37335882;632177.0403414135 5801583.954752151;PersonalVehicle
1004808;08:35:28;633071.7055611898 5806365.430829389;630055.7044759947 5805953.237312004;PersonalVehicle
761453;08:35:30;632357.7464165204 5800288.209577048;632291.4938997125 5801669.433529421;PersonalVehicle
1039503;08:35:32;626959.7371400543 5802790.380838759;628546.4847793572 5803489.001586747;PersonalVehicle
1102255;08:35:32;632249.677375189 5800661.398940546;630377.2935286161 5799276.878224155;PersonalVehicle
874438;08:35:36;627498.1724596496 5810012.366902584;630260.2221955872 5806935.013213622;PersonalVehicle
1032522;08:35:37;627491.4103022584 5805130.677046098;628370.1498714227 5806082.744848333;PersonalVehicle
1009273;08:35:38;630060.555237565 5807057.515887974;628996.1704567362 5804491.197266522;PersonalVehicle
393986;08:35:38;634266.520278123 5803737.794336154;630555.5098931423 5803967.7115058815;PersonalVehicle
1103553;08:35:39;631347.4580860499 5804926.4284383785;630504.4520167346 5803993.355274036;PersonalVehicle
1533714;08:35:40;625506.3564786583 5800324.4571683705;629141.4618763409 5804010.022635715;PersonalVehicle
859592;08:35:41;631913.9173730104 5808124.069404383;628985.8323341525 5802944.629545215;PersonalVehicle
1032774;08:35:42;627779.3298993779 5805928.651960019;627310.0161582858 5805419.615646395;PersonalVehicle
986004;08:35:42;631913.9173730104 5808124.069404383;631453.3957594619 5804089.137012077;PersonalVehicle
1005760;08:35:42;632621.1314652268 5807005.251063281;632652.0438330347 5807032.453331677;PersonalVehicle
1072356;08:35:45;629820.1611920663 5802865.994590442;625506.3564786583 5800324.4571683705;PersonalVehicle
1048284;08:35:48;625945.2975820183 5803691.212909878;627500.3942045202 5803790.295654571;PersonalVehicle
1058258;08:35:49;629793.2009872362 5803609.377658884;630082.9049723156 5803943.941126485;PersonalVehicle
1090150;08:35:49;629034.1111435947 5804768.167264052;626062.4278579333 5807010.066723977;PersonalVehicle
425289;08:35:50;634266.520278123 5803737.794336154;630140.075755479 5806936.712868479;PersonalVehicle
1035344;08:35:51;627727.4902764745 5805028.972533577;625495.2665135056 5806727.877555828;PersonalVehicle
1094064;08:35:51;630491.5017467599 5802406.250360117;627156.126085346 5802068.496388283;PersonalVehicle
1078154;08:35:51;629150.6835502016 5801961.708298055;628264.0598215743 5803283.671457961;PersonalVehicle
1452373;08:35:52;634266.520278123 5803737.794336154;627779.4590189714 5805249.265788057;PersonalVehicle
1049831;08:35:54;626370.3700672213 5803877.012787543;625506.3564786583 5800324.4571683705;PersonalVehicle
882044;08:35:54;627498.1724596496 5810012.366902584;628685.7935429062 5804396.625153161;PersonalVehicle
1009108;08:35:55;629793.7949964027 5806147.231151361;631878.9349882994 5806955.016244864;PersonalVehicle
1032095;08:35:55;627413.3172234191 5805317.8641185295;625495.2665135056 5806727.877555828;PersonalVehicle
1102399;08:35:55;631896.830471446 5804128.280641696;631126.2446695684 5804974.498580342;PersonalVehicle
1097714;08:35:55;631526.4521970332 5802775.653055244;630377.2935286161 5799276.878224155;PersonalVehicle
1067920;08:35:57;629354.1798596499 5803363.357379586;628770.263385307 5802916.387358489;PersonalVehicle
1050732;08:35:57;626146.071857004 5802165.028308851;625495.2665135056 5806727.877555828;PersonalVehicle
1077583;08:35:58;629108.7370131254 5802401.197245382;630020.5844908792 5805932.74591781;PersonalVehicle
1035586;08:35:58;627137.5988873837 5803883.668652421;627498.1724596496 5810012.366902584;PersonalVehicle
1071566;08:35:59;631229.6741246891 5803735.149013927;633672.1088953787 5801895.047217489;PersonalVehicle
1035371;08:35:59;627354.3245576693 5804210.766865103;627326.9929850657 5803982.28089468;PersonalVehicle
1076102;08:36:02;629031.9722314421 5801765.928901848;628728.0387555468 5802102.488701113;PersonalVehicle
1082176;08:36:02;626980.7176826927 5801490.632533708;629089.082119727 5802506.500754451;PersonalVehicle
1002920;08:36:02;631945.4801039404 5806582.165270056;633378.7347822189 5806696.19711148;PersonalVehicle
1014081;08:36:03;629936.4282422023 5807882.274559499;631025.8538292556 5808300.992121502;PersonalVehicle
1006920;08:36:03;631770.4351643317 5806688.402865146;631992.005644909 5806631.751792863;PersonalVehicle
1086397;08:36:04;629203.444619179 5801343.898136354;629304.4803078799 5801233.071444986;PersonalVehicle
1073074;08:36:04;627430.7115545152 5802705.422820288;628272.7184630951 5802901.344465229;PersonalVehicle
1071501;08:36:05;629784.2729840173 5802967.140109198;631946.1174353503 5803378.573088133;PersonalVehicle
1045849;08:36:05;625697.7417862907 5804196.8647738;625495.2665135056 5806727.877555828;PersonalVehicle
1103377;08:36:06;631424.2696868626 5804909.472974352;629373.0409934458 5803852.660569335;PersonalVehicle
1086675;08:36:07;629358.2520430636 5801169.548185828;626430.9649139266 5803594.942953213;PersonalVehicle
1035035;08:36:08;627849.7069789155 5805324.866272985;630105.2485495775 5803565.369685538;PersonalVehicle
1008570;08:36:09;631826.7196926858 5806999.270995182;631772.9324578681 5806866.563132709;PersonalVehicle
1129574;08:36:10;625506.3564786583 5800324.4571683705;628609.2840411917 5803227.315134142;PersonalVehicle
1052361;08:36:11;625741.5041600831 5801710.834526829;627833.1872155643 5802165.13488494;PersonalVehicle
1108257;08:36:11;632357.7464165204 5800288.209577048;627520.7835849192 5804093.439893995;PersonalVehicle
1032058;08:36:11;631306.5599164902 5802940.3958884645;627190.4998834056 5805213.159480883;PersonalVehicle
1065699;08:36:13;628210.15659522 5804040.207504937;627907.7418208123 5804061.427484354;PersonalVehicle
1016078;08:36:14;626857.8087765888 5801412.741019595;625495.2665135056 5806727.877555828;PersonalVehicle
1010455;08:36:15;630109.4176500682 5806249.1132506;630492.2908737884 5806879.873133855;PersonalVehicle
1099247;08:36:15;632280.6755187932 5800531.409751321;630238.0112260645 5801862.010051231;PersonalVehicle
1065738;08:36:18;627839.1100033484 5804059.7781625185;630172.9727433881 5801918.613241429;PersonalVehicle
1005611;08:36:19;633507.4036100635 5806394.062808489;632733.0953518223 5806708.43283381;PersonalVehicle
908909;08:36:19;625495.2665135056 5806727.877555828;628884.9078509703 5804654.457368854;PersonalVehicle
1043177;08:36:19;625748.4094232745 5805356.835363114;626157.5074270511 5805363.117615761;PersonalVehicle
1041224;08:36:19;625495.2665135056 5806727.877555828;629010.1313127568 5804588.432837209;PersonalVehicle
1040373;08:36:21;626617.6526506314 5802723.106251635;626074.6738258592 5805256.4494648175;PersonalVehicle
1003031;08:36:21;630439.8327282631 5805790.101234369;630527.8807140103 5808573.000872556;PersonalVehicle
1059131;08:36:21;628994.8011605146 5804842.170325814;628256.2414328286 5805725.307578873;PersonalVehicle
1030098;08:36:22;625506.3564786583 5800324.4571683705;628832.1220681902 5802846.130731127;PersonalVehicle
1030607;08:36:24;625506.3564786583 5800324.4571683705;626204.150821099 5804855.7891184725;PersonalVehicle
1091178;08:36:26;625506.3564786583 5800324.4571683705;629497.2375778878 5802402.532559815;PersonalVehicle
1013563;08:36:30;630725.0278101827 5808173.091977779;630077.2563091775 5807861.953410606;PersonalVehicle
1099036;08:36:30;630933.1489238311 5801816.86748252;631810.5995078664 5801258.894333859;PersonalVehicle
1003845;08:36:30;630113.8129686266 5805407.06178418;630119.6125965033 5805329.019658411;PersonalVehicle
1081980;08:36:31;626662.6482924795 5801271.69396064;626960.1318079446 5801003.451209574;PersonalVehicle
1021023;08:36:32;627115.5106793297 5803982.292904446;625506.3564786583 5800324.4571683705;PersonalVehicle
1043626;08:36:32;625997.1280454659 5804712.395482065;626016.4826930059 5804854.026426334;PersonalVehicle
1046974;08:36:32;625759.9299221557 5804157.024671554;625495.2665135056 5806727.877555828;PersonalVehicle
1037668;08:36:33;625506.3564786583 5800324.4571683705;627587.6972802636 5803766.869888279;PersonalVehicle
1092568;08:36:33;630439.5380599491 5802285.402329925;632313.9175370014 5801766.382336142;PersonalVehicle
1018105;08:36:34;625495.2665135056 5806727.877555828;626760.3561250102 5803331.342408953;PersonalVehicle
1069707;08:36:36;629784.2729840173 5802967.140109198;630680.5394436256 5802085.580672661;PersonalVehicle
1065401;08:36:36;628126.2491256269 5805260.314777742;626464.4737720895 5804661.751608103;PersonalVehicle
1085289;08:36:38;628950.4530345899 5801003.423411833;625506.3564786583 5800324.4571683705;PersonalVehicle
1037593;08:36:38;627621.6264952074 5803520.403950936;627044.1107937737 5803393.582541162;PersonalVehicle
1035013;08:36:38;626040.9471240704 5803941.7798907;626040.9471240704 5803941.7798907;PersonalVehicle
1075813;08:36:39;629836.0609139918 5801825.356590699;628788.685290635 5802260.257006687;PersonalVehicle
1050097;08:36:40;625907.0058308406 5803730.182261152;625506.3564786583 5800324.4571683705;PersonalVehicle
1104187;08:36:41;631925.0645464268 5803315.227053686;628147.0862704513 5805962.505128107;PersonalVehicle
1072213;08:36:43;631188.9451158273 5803802.184685662;634266.520278123 5803737.794336154;PersonalVehicle
1033502;08:36:47;627334.8624155708 5805492.236107932;628325.5586233952 5805297.500416463;PersonalVehicle
1150170;08:36:48;625506.3564786583 5800324.4571683705;629731.453030555 5801517.159582013;PersonalVehicle
1185822;08:36:48;633672.1088953787 5801895.047217489;630424.0381169327 5801103.101698744;PersonalVehicle
1092557;08:36:49;630294.3155968398 5802356.547637276;628598.3133042549 5803944.725444917;PersonalVehicle
1134255;08:36:50;630377.2935286161 5799276.878224155;628636.9911113472 5804077.29206651;PersonalVehicle
1041601;08:36:52;626050.9829549149 5804092.715000081;626270.6471084501 5805116.81410984;PersonalVehicle
1041266;08:36:52;626527.4413682092 5804989.899463362;625495.2665135056 5806727.877555828;PersonalVehicle
1098192;08:36:52;631290.4456052979 5802166.33660381;632357.7464165204 5800288.209577048;PersonalVehicle
1045217;08:36:53;625655.7549214824 5804310.614004761;625741.5041600831 5801710.834526829;PersonalVehicle
1121266;08:36:53;633672.1088953787 5801895.047217489;628967.046355916 5804812.5293113;PersonalVehicle
1036953;08:36:54;626898.8904399846 5803292.312733447;628103.8508493386 5803524.486422739;PersonalVehicle
1050875;08:36:54;625562.4667009627 5802865.744598141;625506.3564786583 5800324.4571683705;PersonalVehicle
944440;08:36:54;625495.2665135056 5806727.877555828;629142.6512999837 5802611.024859521;PersonalVehicle
998236;08:36:55;634266.520278123 5803737.794336154;630274.5791788795 5805630.612512883;PersonalVehicle
1050863;08:36:55;625893.4730889034 5801944.146561128;626158.227574435 5802883.506917971;PersonalVehicle
1101888;08:36:55;631799.032111989 5804147.258335682;629691.9744401907 5801928.726105662;PersonalVehicle
1069949;08:36:56;630887.1950407651 5804154.399990931;632370.5512449017 5802162.313120655;PersonalVehicle
1190862;08:36:57;633672.1088953787 5801895.047217489;631971.1793674964 5800204.810374997;PersonalVehicle
1067606;08:36:57;629470.3088497927 5803095.427834013;629781.4661902022 5801324.431333182;PersonalVehicle
866569;08:36:58;627498.1724596496 5810012.366902584;628925.2611298787 5803826.674257473;PersonalVehicle
1130387;08:36:58;626562.8411171886 5801232.660522573;625506.3564786583 5800324.4571683705;PersonalVehicle
1011565;08:36:58;628990.2233403957 5808247.6047405405;625506.3564786583 5800324.4571683705;PersonalVehicle
1067082;08:36:58;627876.3760570085 5804077.850927761;628265.142633865 5804413.413275126;PersonalVehicle
1071536;08:36:59;630286.4235234368 5803917.584048769;631072.9645072652 5803797.896984131;PersonalVehicle
1070655;08:37:02;631294.646717679 5802751.530251914;630416.0372611459 5803262.16432191;PersonalVehicle
1097714;08:37:03;630377.2935286161 5799276.878224155;631526.4521970332 5802775.653055244;PersonalVehicle
1018589;08:37:04;625495.2665135056 5806727.877555828;625552.6317683809 5804496.433375061;PersonalVehicle
1006071;08:37:04;633086.1068460153 5806468.013700908;625506.3564786583 5800324.4571683705;PersonalVehicle
1079151;08:37:06;625506.3564786583 5800324.4571683705;629534.2356288797 5802130.253597282;PersonalVehicle
1061656;08:37:06;627676.8411995575 5806367.882201404;628782.540819269 5804969.672248545;PersonalVehicle
1025764;08:37:06;625495.2665135056 5806727.877555828;629840.1483086894 5804619.710698291;PersonalVehicle
1106466;08:37:07;632314.1836289351 5803001.434055443;626062.4192364535 5803514.1080613285;PersonalVehicle
1079627;08:37:08;629763.2093159896 5802170.580838265;625506.3564786583 5800324.4571683705;PersonalVehicle
1065608;08:37:08;627910.8408568643 5804394.230410485;629008.9119419787 5804662.890941432;PersonalVehicle
1096622;08:37:08;631859.5853023212 5802927.626627694;631205.1722857823 5803092.087784833;PersonalVehicle
1093894;08:37:09;630681.8449000071 5802006.7286591865;630398.494890804 5802862.24272053;PersonalVehicle
1083189;08:37:09;626488.157462518 5801162.138746962;628939.9432972077 5801673.846664116;PersonalVehicle
1043821;08:37:09;625972.3288686002 5804662.950124209;626032.0698065563 5804691.766248961;PersonalVehicle
1053614;08:37:10;625495.2665135056 5806727.877555828;630226.8894757577 5803926.200958823;PersonalVehicle
1015347;08:37:10;631913.9173730104 5808124.069404383;628456.9408020524 5809293.099081171;PersonalVehicle
1004733;08:37:10;633433.9819460633 5806422.523343854;629928.9699540364 5804041.413407579;PersonalVehicle
1065070;08:37:11;628268.8972987141 5805050.766966061;625506.3564786583 5800324.4571683705;PersonalVehicle
1107822;08:37:11;632357.7464165204 5800288.209577048;628580.5537780093 5802426.35522892;PersonalVehicle
826090;08:37:13;633672.1088953787 5801895.047217489;630511.1758530601 5801073.20988324;PersonalVehicle
1092333;08:37:13;629973.363853055 5802386.829809777;628421.0744102165 5803075.676264794;PersonalVehicle
1062999;08:37:17;627824.7183358693 5805947.768695132;625495.2665135056 5806727.877555828;PersonalVehicle
1057255;08:37:19;629641.1977133513 5804194.183641736;630555.5098931423 5803967.7115058815;PersonalVehicle
1330411;08:37:21;625506.3564786583 5800324.4571683705;629365.0329684191 5804315.368496978;PersonalVehicle
1047229;08:37:22;625495.2665135056 5806727.877555828;626425.3344328532 5804352.067611438;PersonalVehicle
1098610;08:37:23;629189.1125783721 5804365.42447053;631216.9631573964 5801014.965802439;PersonalVehicle
975107;08:37:23;628921.9941588264 5804069.884652748;627498.1724596496 5810012.366902584;PersonalVehicle
962006;08:37:23;627498.1724596496 5810012.366902584;632338.5562628665 5807272.819296884;PersonalVehicle
1048625;08:37:24;626092.3067672737 5803665.080890088;627881.3190116851 5803161.404151301;PersonalVehicle
1065344;08:37:25;626885.6182450975 5803559.258106652;627777.680718045 5804539.545469216;PersonalVehicle
1087273;08:37:25;629555.3743920326 5801258.793768364;630059.4958868637 5800775.415038522;PersonalVehicle
1123064;08:37:25;632357.7464165204 5800288.209577048;630978.5013173488 5803876.525158048;PersonalVehicle
1065410;08:37:25;628521.63296585 5804788.9918342745;627799.5391353671 5804603.035016824;PersonalVehicle
1101101;08:37:25;632146.8609374547 5801612.318086818;625506.3564786583 5800324.4571683705;PersonalVehicle
985344;08:37:26;629511.1455858189 5809528.339501357;631913.9173730104 5808124.069404383;PersonalVehicle
1053297;08:37:27;625506.3564786583 5800324.4571683705;625835.3923896853 5805043.25758975;PersonalVehicle
1059533;08:37:28;628805.2185476169 5804625.440612735;627625.7079801325 5805809.144079991;PersonalVehicle
899667;08:37:28;625495.2665135056 5806727.877555828;627820.8266434011 5809114.346516212;PersonalVehicle
1104660;08:37:28;631785.6256571733 5803475.174130321;629043.4662526721 5800526.828393556;PersonalVehicle
1015331;08:37:31;628543.7541854182 5809092.329164133;629075.3736914673 5807886.315228842;PersonalVehicle
1160717;08:37:33;633672.1088953787 5801895.047217489;629281.5927647757 5804553.500334614;PersonalVehicle
938659;08:37:33;625495.2665135056 5806727.877555828;630883.0241560133 5799890.383630401;PersonalVehicle
1103662;08:37:33;632445.1319408116 5803737.397533001;631554.8354213377 5804873.001280405;PersonalVehicle
1027096;08:37:33;625534.9606611397 5804151.095196655;625506.3564786583 5800324.4571683705;PersonalVehicle
1094612;08:37:34;632357.7464165204 5800288.209577048;630327.758677576 5802370.96838788;PersonalVehicle
1168891;08:37:35;634266.520278123 5803737.794336154;627654.6225664736 5802315.271768115;PersonalVehicle
1054513;08:37:36;625506.3564786583 5800324.4571683705;630424.0381169327 5801103.101698744;PersonalVehicle
1036749;08:37:38;626597.0677581603 5803049.300457887;627602.8043835739 5802176.187336432;PersonalVehicle
1010024;08:37:39;630134.9152814725 5805948.458219733;631924.2924609857 5807647.574273283;PersonalVehicle
1046133;08:37:39;626211.7903370654 5804091.9942925805;626834.1336551644 5804091.243120682;PersonalVehicle
1004953;08:37:39;631771.5966342796 5806909.321810398;634266.520278123 5803737.794336154;PersonalVehicle
1032831;08:37:40;627265.3533325217 5804719.935354041;625495.2665135056 5806727.877555828;PersonalVehicle
1087122;08:37:40;629551.5795266491 5800769.85433183;625506.3564786583 5800324.4571683705;PersonalVehicle
1109665;08:37:40;632357.7464165204 5800288.209577048;631969.6823951909 5801633.5326376;PersonalVehicle
996830;08:37:41;631913.9173730104 5808124.069404383;630420.9094179498 5802383.386003368;PersonalVehicle
1069958;08:37:41;630086.1299024826 5803158.825982443;625495.2665135056 5806727.877555828;PersonalVehicle
1096421;08:37:41;631127.2124811779 5802271.859591034;630818.2440688966 5802661.444714222;PersonalVehicle
1002757;08:37:42;630651.6708923626 5805741.237517405;630462.4807321691 5804125.010796433;PersonalVehicle
1035733;08:37:43;627300.3169978583 5803948.0158988265;626984.8143281913 5803768.475165648;PersonalVehicle
1020413;08:37:43;625506.3564786583 5800324.4571683705;628257.1400508106 5805426.167485763;PersonalVehicle
1060896;08:37:43;628305.5399885187 5805651.380962099;628836.5515762364 5804938.6670104945;PersonalVehicle
979834;08:37:45;627498.1724596496 5810012.366902584;630427.0541661776 5806771.249109971;PersonalVehicle
1103324;08:37:46;632224.0578917934 5804051.213956493;625506.3564786583 5800324.4571683705;PersonalVehicle
1049217;08:37:49;626361.6246641659 5803323.051418607;627945.2521759088 5803741.254346504;PersonalVehicle
941588;08:37:49;625495.2665135056 5806727.877555828;630976.1107486264 5803809.51715689;PersonalVehicle
408488;08:37:49;634266.520278123 5803737.794336154;630481.8213631215 5801150.406262091;PersonalVehicle
1080907;08:37:49;626701.0527163463 5801518.881829206;627260.045519938 5805318.3731509615;PersonalVehicle
1156608;08:37:50;625506.3564786583 5800324.4571683705;626341.7121224212 5802887.360327981;PersonalVehicle
1083770;08:37:50;627475.2650962543 5801471.622963433;627249.0216417139 5801321.73517631;PersonalVehicle
1030842;08:37:51;625506.3564786583 5800324.4571683705;626456.5125784583 5802474.9841529075;PersonalVehicle
406647;08:37:52;634266.520278123 5803737.794336154;630432.4526743438 5805632.142458476;PersonalVehicle
1106295;08:37:52;632334.3839801544 5803258.379954099;631917.2311289591 5803128.896851755;PersonalVehicle
1051039;08:37:53;626020.0246371111 5803015.503667744;627193.1059047595 5804958.013112732;PersonalVehicle
1014438;08:37:54;628270.7303784068 5809853.46177363;631444.8810621292 5806474.859145017;PersonalVehicle
1113117;08:37:54;632357.7464165204 5800288.209577048;626798.3555525988 5803808.528528403;PersonalVehicle
1036011;08:37:54;626824.0060822022 5803211.203576521;628513.2398830123 5801929.239551848;PersonalVehicle
1030778;08:37:56;625506.3564786583 5800324.4571683705;626048.5899658102 5802363.108546048;PersonalVehicle
1059475;08:37:57;628900.2338382486 5803905.422818209;627088.4329380946 5803986.533833438;PersonalVehicle
1091286;08:37:57;626134.436132659 5805361.955977586;630377.2935286161 5799276.878224155;PersonalVehicle
907866;08:37:58;625495.2665135056 5806727.877555828;631905.0104000769 5802385.768223532;PersonalVehicle
1075628;08:38:00;628859.9304698629 5802223.934824158;629688.886971719 5803799.866139233;PersonalVehicle
1088568;08:38:01;629639.8619566613 5800858.46994071;629648.9034638843 5800705.702702864;PersonalVehicle
1076617;08:38:01;628528.7189430997 5802001.474423195;630746.2404480022 5801943.024753123;PersonalVehicle
1042643;08:38:02;626515.7810087365 5804857.124552886;625692.7473702943 5804783.143614863;PersonalVehicle
1068116;08:38:02;627638.0332587303 5802910.1386039145;629200.0911936378 5803545.516827199;PersonalVehicle
1081830;08:38:05;626593.6339713292 5801547.351340103;626419.237867972 5801937.720018754;PersonalVehicle
1092438;08:38:08;630363.7131673981 5802660.452752476;630497.817781163 5802075.6983967;PersonalVehicle
1012687;08:38:08;630199.3486247065 5807978.201864587;629848.4771673441 5807866.893314254;PersonalVehicle
1107395;08:38:08;632608.1275652453 5804740.061805676;632127.2817727483 5803223.945378593;PersonalVehicle
1005509;08:38:09;632556.4028057596 5806682.147429319;630354.8164183941 5805310.763277206;PersonalVehicle
1106341;08:38:09;632499.6724610117 5803335.404330061;630508.4160076453 5804061.610644917;PersonalVehicle
1004136;08:38:09;629456.7813134046 5806518.827561481;630483.3117651802 5805863.508763616;PersonalVehicle
1049318;08:38:10;626188.6465630934 5803473.371839373;626541.1182299987 5803286.60675661;PersonalVehicle
1165522;08:38:11;625672.8246380205 5804345.554633832;630099.145780792 5807736.238756499;PersonalVehicle
1077762;08:38:11;629089.082119727 5802506.500754451;625495.2665135056 5806727.877555828;PersonalVehicle
1103608;08:38:12;631364.5303876294 5803066.743493124;631387.1383448098 5804825.33126008;PersonalVehicle
1005200;08:38:13;633205.3231668463 5806159.09112776;625495.2665135056 5806727.877555828;PersonalVehicle
1091776;08:38:13;630377.2935286161 5799276.878224155;628892.7908742193 5801840.365793345;PersonalVehicle
1052989;08:38:13;625901.4584391183 5801365.183312763;630377.2935286161 5799276.878224155;PersonalVehicle
1007961;08:38:13;628465.165071498 5809294.321049425;628465.165071498 5809294.321049425;PersonalVehicle
1067141;08:38:14;628017.6542541028 5804097.662967879;631535.9007704444 5803154.7969360035;PersonalVehicle
1077312;08:38:14;629130.2376021687 5801469.676763725;629350.9142296442 5801618.803922164;PersonalVehicle
1164656;08:38:14;632301.3532522181 5801531.531391801;634266.520278123 5803737.794336154;PersonalVehicle
1043585;08:38:15;626032.5240181828 5805452.7951825;625958.2012434636 5805996.42686119;PersonalVehicle
1014025;08:38:15;630545.6854000674 5807872.043146878;630813.7363718221 5805671.90500992;PersonalVehicle
1098341;08:38:16;627498.1724596496 5810012.366902584;631036.1774995793 5800889.461776811;PersonalVehicle
1039486;08:38:16;627014.7504273688 5802721.329067455;627059.9767587781 5802780.176091243;PersonalVehicle
1101048;08:38:17;631961.3537140456 5801786.473933667;625506.3564786583 5800324.4571683705;PersonalVehicle
1328393;08:38:17;625506.3564786583 5800324.4571683705;629597.6135255063 5804389.373559082;PersonalVehicle
1472998;08:38:18;625506.3564786583 5800324.4571683705;631589.7372065377 5801263.865467057;PersonalVehicle
1062118;08:38:19;627556.2910441407 5806080.682626276;625495.2665135056 5806727.877555828;PersonalVehicle
1071166;08:38:19;630475.0458669286 5803762.077029907;631913.9173730104 5808124.069404383;PersonalVehicle
1020522;08:38:19;625506.3564786583 5800324.4571683705;630606.8495526902 5802030.532290533;PersonalVehicle
970588;08:38:19;627498.1724596496 5810012.366902584;631243.2660300408 5807830.998134731;PersonalVehicle
1046779;08:38:19;625976.5642569886 5804041.420720809;628427.878702873 5804753.388813402;PersonalVehicle
1034685;08:38:21;628158.7438235037 5805773.675626773;628018.8677764338 5805663.854168691;PersonalVehicle
1081898;08:38:23;626274.6470769311 5801956.597679054;626274.6470769311 5801956.597679054;PersonalVehicle
1033223;08:38:23;627498.1724596496 5810012.366902584;627467.507615906 5805102.494957713;PersonalVehicle
1007367;08:38:25;631419.8678676835 5806393.05206346;631297.9504374067 5806673.317022919;PersonalVehicle
1080642;08:38:25;627115.0124997875 5801950.4362037275;628628.5566455186 5803538.190036875;PersonalVehicle
1103716;08:38:28;632510.3715057413 5804703.570873705;626896.3539283684 5803840.25403338;PersonalVehicle
1284738;08:38:28;625506.3564786583 5800324.4571683705;630639.5794527116 5802547.861654045;PersonalVehicle
1101877;08:38:31;632162.8088419903 5803709.478563929;629311.0891097169 5803835.238264454;PersonalVehicle
1100394;08:38:31;632265.601827153 5802039.1087712115;631455.5960228367 5802626.366215994;PersonalVehicle
1074742;08:38:32;628548.6311482289 5802406.377965869;628745.1473774434 5801736.736016456;PersonalVehicle
1061622;08:38:33;628918.1479889206 5804976.374964819;627907.9276494608 5806198.900337372;PersonalVehicle
1097876;08:38:34;631265.8783431309 5800372.449048398;626411.2083957527 5802080.014680677;PersonalVehicle
1076722;08:38:35;625506.3564786583 5800324.4571683705;628706.4226080186 5802396.008312319;PersonalVehicle
1088871;08:38:38;630031.8381120344 5800868.807861322;629996.0404688665 5801085.636116059;PersonalVehicle
1108217;08:38:38;632357.7464165204 5800288.209577048;629818.7242050994 5804232.487707328;PersonalVehicle
1574513;08:38:40;626961.6667847111 5800913.240683456;625506.3564786583 5800324.4571683705;PersonalVehicle
1014710;08:38:40;628715.9914841689 5809859.931169787;628864.4546440584 5809268.492941518;PersonalVehicle
1107362;08:38:40;632179.3730891002 5803303.636807841;630377.2935286161 5799276.878224155;PersonalVehicle
1081626;08:38:41;628623.9873301142 5801697.188452762;626982.940579267 5802180.8919310095;PersonalVehicle
1107176;08:38:42;632147.8284585464 5803422.155456623;625506.3564786583 5800324.4571683705;PersonalVehicle
1004611;08:38:42;632843.1127812428 5806814.728796223;629977.4161528591 5803908.416327575;PersonalVehicle
909770;08:38:43;625495.2665135056 5806727.877555828;626460.1635317144 5803112.101456242;PersonalVehicle
1004392;08:38:44;629549.0956975478 5807224.923848194;632556.4028057596 5806682.147429319;PersonalVehicle
863190;08:38:44;631913.9173730104 5808124.069404383;628210.5330088275 5804148.734749787;PersonalVehicle
975356;08:38:46;627498.1724596496 5810012.366902584;631113.5209847626 5803535.94513868;PersonalVehicle
1010880;08:38:49;627865.4327184374 5809200.8740004245;625495.2665135056 5806727.877555828;PersonalVehicle
1065347;08:38:49;628477.5381734042 5804584.133495126;625495.2665135056 5806727.877555828;PersonalVehicle
1092298;08:38:50;630330.3437520496 5802751.318970617;630006.3259752498 5802355.712701758;PersonalVehicle
1002586;08:38:51;630829.180490644 5805499.894404664;634266.520278123 5803737.794336154;PersonalVehicle
998964;08:38:53;631913.9173730104 5808124.069404383;632514.7979022644 5806104.649735481;PersonalVehicle
1046567;08:38:54;626720.5735822747 5804337.872661934;625506.3564786583 5800324.4571683705;PersonalVehicle
995555;08:38:55;630970.192743989 5806129.5671267;631913.9173730104 5808124.069404383;PersonalVehicle
1045348;08:38:55;626822.7966074094 5803943.370924333;627498.1724596496 5810012.366902584;PersonalVehicle
1081752;08:38:57;625495.2665135056 5806727.877555828;626721.6883727051 5801653.810783725;PersonalVehicle
1088227;08:38:59;629798.8745461721 5800625.353641624;629560.6048298513 5802907.828231671;PersonalVehicle
986846;08:39:01;630433.2880428132 5808725.723292293;631913.9173730104 5808124.069404383;PersonalVehicle
1047272;08:39:01;626613.9167451408 5804298.982996346;633672.1088953787 5801895.047217489;PersonalVehicle
1032582;08:39:02;626248.6757681359 5801072.4953371845;627468.1162790164 5804976.366212763;PersonalVehicle
1061755;08:39:02;627840.5050624791 5806086.870117765;626079.6650498508 5801974.250572966;PersonalVehicle
1068790;08:39:02;628476.0855143974 5803457.403294206;625506.3564786583 5800324.4571683705;PersonalVehicle
1003619;08:39:03;630753.7700357462 5808296.97295538;629984.0551556143 5807898.953583663;PersonalVehicle
1071521;08:39:03;631347.216580147 5803874.0867426125;630377.2935286161 5799276.878224155;PersonalVehicle
1221179;08:39:03;625506.3564786583 5800324.4571683705;629589.7045373216 5801681.3366994215;PersonalVehicle
1073532;08:39:06;625506.3564786583 5800324.4571683705;627623.2173891573 5802408.514319379;PersonalVehicle
1033377;08:39:07;627617.6301776983 5805269.239952305;627531.2968633042 5805114.304195797;PersonalVehicle
1043388;08:39:07;626086.9251530834 5804737.26150099;627452.4512344013 5806292.068816068;PersonalVehicle
1002740;08:39:07;633419.8116980719 5805677.379954516;631481.4436367468 5806458.291677784;PersonalVehicle
1111475;08:39:07;628587.505166021 5802986.039557003;633672.1088953787 5801895.047217489;PersonalVehicle
1317146;08:39:07;625506.3564786583 5800324.4571683705;628901.6245193181 5804388.301025755;PersonalVehicle
1074363;08:39:08;627665.0112457252 5802074.407942669;627399.4211887394 5802260.834826973;PersonalVehicle
1013316;08:39:08;631913.9173730104 5808124.069404383;630521.2938531572 5808519.07836326;PersonalVehicle
1100857;08:39:11;631964.2248974743 5802202.17405362;625506.3564786583 5800324.4571683705;PersonalVehicle
1073678;08:39:12;627401.3540140803 5802084.171293412;628366.7459686137 5801953.582900543;PersonalVehicle
1072260;08:39:12;629735.3701071794 5802873.12305892;629735.3701071794 5802873.12305892;PersonalVehicle
1033212;08:39:12;627491.4103022584 5805130.677046098;629560.6048298513 5802907.828231671;PersonalVehicle
1067811;08:39:13;629419.2002074008 5802967.879098243;628230.0794870944 5802995.11815063;PersonalVehicle
1036189;08:39:13;626729.4633456089 5803155.014941451;625495.2665135056 5806727.877555828;PersonalVehicle
1087288;08:39:13;629275.0128987173 5800538.301797271;625506.3564786583 5800324.4571683705;PersonalVehicle
1083806;08:39:14;627320.7768609959 5801252.274169373;627357.3474664385 5801219.855378398;PersonalVehicle
1067048;08:39:16;628412.1108740802 5804427.860108557;628484.635956023 5803949.999826677;PersonalVehicle
1087977;08:39:16;630013.1653890298 5801171.757516901;630235.2629358543 5801097.85344971;PersonalVehicle
1011760;08:39:16;625495.2665135056 5806727.877555828;628809.1451882732 5808194.048066717;PersonalVehicle
1104995;08:39:16;631953.6338423125 5803547.009859298;631850.9633550611 5803461.758729338;PersonalVehicle
1071774;08:39:18;629858.7107382489 5803279.669283188;629538.5962384667 5803753.698984525;PersonalVehicle
1104782;08:39:19;631798.772421546 5803162.723831119;628833.4269070282 5804414.241037125;PersonalVehicle
1115946;08:39:19;632357.7464165204 5800288.209577048;629933.6695835236 5802437.339372353;PersonalVehicle
1002836;08:39:21;632632.3804068909 5806210.744791966;630377.2935286161 5799276.878224155;PersonalVehicle
999632;08:39:21;627498.1724596496 5810012.366902584;631773.6820993468 5806406.716490499;PersonalVehicle
1052118;08:39:22;626001.6449350731 5802036.322588421;625890.6695188789 5802014.449261297;PersonalVehicle
1011570;08:39:23;627301.4119184457 5808818.375962956;628248.7634267479 5808982.212946465;PersonalVehicle
1081002;08:39:24;627083.3272817403 5802037.963358566;631913.9173730104 5808124.069404383;PersonalVehicle
1058129;08:39:24;630797.7332513124 5800453.07208524;629805.1082190336 5804051.919184442;PersonalVehicle
1103684;08:39:25;632584.8915554116 5804809.499843726;632254.6340273916 5803404.938959771;PersonalVehicle
1043324;08:39:25;626512.8268653936 5804932.56001614;626425.3344328532 5804352.067611438;PersonalVehicle
1104322;08:39:26;631850.627779952 5802683.671724436;625506.3564786583 5800324.4571683705;PersonalVehicle
1005445;08:39:27;632450.7016282056 5806811.845730216;633392.8123086608 5806509.191018397;PersonalVehicle
1194175;08:39:27;625506.3564786583 5800324.4571683705;629242.5285565716 5804116.96918589;PersonalVehicle
1098308;08:39:28;632442.0572662151 5800651.260252786;632124.5163576328 5803158.726275648;PersonalVehicle
1013059;08:39:28;625506.3564786583 5800324.4571683705;631010.8239869155 5808451.936559633;PersonalVehicle
855443;08:39:28;629123.1752256828 5804584.641402674;631913.9173730104 5808124.069404383;PersonalVehicle
1084343;08:39:29;627436.1074658516 5801154.336719536;625495.2665135056 5806727.877555828;PersonalVehicle
1320085;08:39:32;625506.3564786583 5800324.4571683705;627855.745251605 5804460.054875481;PersonalVehicle
1091902;08:39:32;630377.2935286161 5799276.878224155;629491.3883783205 5804273.629019598;PersonalVehicle
1054876;08:39:33;625495.2665135056 5806727.877555828;626917.2137463869 5805317.133525157;PersonalVehicle
969697;08:39:33;627498.1724596496 5810012.366902584;629774.9439428848 5808472.61990511;PersonalVehicle
1067481;08:39:33;628006.2677997655 5804017.298012293;628553.2684270595 5804246.096359751;PersonalVehicle
743150;08:39:35;633672.1088953787 5801895.047217489;629569.2716997841 5801834.436904433;PersonalVehicle
1016471;08:39:35;625495.2665135056 5806727.877555828;626612.531272214 5804754.774820538;PersonalVehicle
1111083;08:39:36;628779.3700640509 5802742.184777393;627912.5518510588 5802012.966994598;PersonalVehicle
1006708;08:39:38;631558.6781025237 5806864.367233124;628011.6372714652 5805816.233096441;PersonalVehicle
1052080;08:39:38;626175.2615265273 5802811.0852167625;626462.3165527731 5803761.5490933135;PersonalVehicle
1046077;08:39:39;625516.7388738593 5803981.262971728;626773.1877354201 5804450.864003896;PersonalVehicle
1103785;08:39:39;631966.3665560009 5803191.211522562;629981.8058252095 5803836.029938807;PersonalVehicle
1081823;08:39:39;626305.1848418872 5802267.376442361;626731.4097076737 5802137.755913925;PersonalVehicle
1090339;08:39:40;625506.3564786583 5800324.4571683705;629849.5020818203 5804108.995301621;PersonalVehicle
1077065;08:39:40;629205.5061764028 5802001.365931798;630438.6871853118 5801066.283121372;PersonalVehicle
1040639;08:39:41;629141.4618763409 5804010.022635715;627766.2651315074 5802940.328230498;PersonalVehicle
1122679;08:39:42;633672.1088953787 5801895.047217489;632212.3622195302 5802192.531155882;PersonalVehicle
1072567;08:39:42;629934.2112740864 5803008.353367685;628558.3316713639 5804539.009952205;PersonalVehicle
1069983;08:39:42;630457.3428147008 5803244.381324772;632357.7464165204 5800288.209577048;PersonalVehicle
1078783;08:39:42;629521.4304794257 5801901.012810519;629528.6913154918 5801445.677333359;PersonalVehicle
1011748;08:39:43;628080.7599935469 5809247.340730375;628435.107920149 5808606.251232955;PersonalVehicle
998039;08:39:44;631913.9173730104 5808124.069404383;631817.5234883922 5803776.3674124135;PersonalVehicle
1068611;08:39:44;628711.5114619177 5803502.54773057;628245.179135172 5802869.57239474;PersonalVehicle
991177;08:39:44;626333.5876685615 5806276.017858688;631913.9173730104 5808124.069404383;PersonalVehicle
1079512;08:39:45;629902.3885905757 5801661.306650281;632189.9826828067 5801699.582332237;PersonalVehicle
1003964;08:39:46;630264.2502055867 5805201.889033251;631432.8107041955 5806647.970206811;PersonalVehicle
1088151;08:39:47;629399.1096239684 5800794.753925725;625506.3564786583 5800324.4571683705;PersonalVehicle
855443;08:39:48;631913.9173730104 5808124.069404383;629123.1752256828 5804584.641402674;PersonalVehicle
1043811;08:39:48;625960.948456462 5805366.904004675;628775.0960731969 5801863.383020006;PersonalVehicle
1046122;08:39:50;630234.0016043502 5801242.578531003;625573.0721567784 5804087.564099072;PersonalVehicle
977833;08:39:50;631444.8810621292 5806474.859145017;625495.2665135056 5806727.877555828;PersonalVehicle
1040508;08:39:51;626652.4669892266 5802517.6269182395;633672.1088953787 5801895.047217489;PersonalVehicle
1062002;08:39:53;627051.6787574863 5806576.990106582;627539.2590969638 5805293.544433562;PersonalVehicle
1113118;08:39:54;633672.1088953787 5801895.047217489;628256.2414328286 5805725.307578873;PersonalVehicle
1106995;08:39:57;632081.022143061 5803183.048638982;632318.7822625594 5803273.433240934;PersonalVehicle
968093;08:39:57;625495.2665135056 5806727.877555828;626170.6695524096 5805249.352652526;PersonalVehicle
1044419;08:39:57;626526.5449113725 5804041.9732527295;625506.3564786583 5800324.4571683705;PersonalVehicle
1032161;08:39:57;625972.3288686002 5804662.950124209;627384.655403743 5804805.712609183;PersonalVehicle
1004191;08:39:58;630682.615469343 5805872.404596065;629942.8534856068 5806124.285925707;PersonalVehicle
1046675;08:39:59;628203.4797371142 5803916.689282991;626295.0164316831 5804039.901687907;PersonalVehicle
1049056;08:39:59;626691.5061615726 5803921.0469026035;627888.7326994826 5805220.716002069;PersonalVehicle
1067243;08:40:00;628363.7768894674 5803562.3587646345;628068.1680071692 5803541.584236931;PersonalVehicle
1079972;08:40:00;629745.0734984175 5801691.32451234;629686.6451769818 5802077.463310255;PersonalVehicle
1076824;08:40:01;629031.9722314421 5801765.928901848;625495.2665135056 5806727.877555828;PersonalVehicle
1087308;08:40:01;629133.7888187111 5800590.267231663;628547.5394165497 5801434.184642869;PersonalVehicle
1128054;08:40:01;625506.3564786583 5800324.4571683705;628658.5918638448 5804099.374020669;PersonalVehicle
965874;08:40:01;626196.5848034868 5805365.307746415;627498.1724596496 5810012.366902584;PersonalVehicle
1010407;08:40:02;630427.0541661776 5806771.249109971;629830.8830319878 5806156.2371665435;PersonalVehicle
1042218;08:40:02;626379.1178453804 5804679.54324376;633108.6694842773 5806270.751515481;PersonalVehicle
1103737;08:40:03;631528.9528323241 5804881.406055016;629121.1075981245 5803129.289095261;PersonalVehicle
1012368;08:40:04;630510.2315261965 5808749.272931;629809.1478482779 5807743.347428408;PersonalVehicle
1515785;08:40:05;630427.0541661776 5806771.249109971;630427.0541661776 5806771.249109971;PersonalVehicle
1069342;08:40:06;628726.2920678256 5802913.533945236;631483.8799666701 5804109.356171846;PersonalVehicle
1070770;08:40:06;630599.3015031838 5804175.546076018;631191.3435050077 5803826.142914652;PersonalVehicle
1352875;08:40:07;625506.3564786583 5800324.4571683705;626092.3067672737 5803665.080890088;PersonalVehicle
1039173;08:40:08;627012.9841199205 5803071.44470004;627687.3134341168 5803092.614876525;PersonalVehicle
1037339;08:40:08;627511.0211283383 5803906.957767953;626684.3534433302 5802797.100265347;PersonalVehicle
1059820;08:40:09;628999.5477305541 5804132.705384936;629141.9411085844 5802643.276781729;PersonalVehicle
1097375;08:40:09;631330.2761487325 5803448.881194021;629332.4687244238 5804339.346049524;PersonalVehicle
1010002;08:40:11;630381.2878864082 5806564.72002534;630293.786389719 5806492.905952318;PersonalVehicle
1041095;08:40:11;627413.7528703761 5803088.384853027;634266.520278123 5803737.794336154;PersonalVehicle
1064078;08:40:12;628438.7416370364 5804987.190742623;625495.2665135056 5806727.877555828;PersonalVehicle
1013466;08:40:13;630876.995470867 5808651.397867187;631913.9173730104 5808124.069404383;PersonalVehicle
1073150;08:40:14;627492.8066647504 5802034.302644746;627772.3499542557 5800835.678117897;PersonalVehicle
1003589;08:40:15;631248.8934216336 5805839.435889779;631968.7527919038 5806318.993319527;PersonalVehicle
1257660;08:40:15;625506.3564786583 5800324.4571683705;629508.6322667327 5800565.016779974;PersonalVehicle
1034408;08:40:17;627656.2858249207 5804505.302249161;628517.6968687462 5802260.982472913;PersonalVehicle
976136;08:40:18;627730.2169642955 5806230.19862081;625495.2665135056 5806727.877555828;PersonalVehicle
1005881;08:40:18;630939.8649067791 5808178.517801079;632764.3970280237 5807298.76145828;PersonalVehicle
1015494;08:40:19;628611.416208683 5809285.227670935;629249.6402433822 5809396.507043804;PersonalVehicle
883323;08:40:20;627498.1724596496 5810012.366902584;632164.8132419179 5807733.531898276;PersonalVehicle
856559;08:40:20;626842.395375215 5803196.291659532;631913.9173730104 5808124.069404383;PersonalVehicle
1091872;08:40:22;630377.2935286161 5799276.878224155;625951.4623381017 5804640.452387849;PersonalVehicle
1043934;08:40:23;625506.3564786583 5800324.4571683705;626386.960195959 5804638.95165817;PersonalVehicle
1064634;08:40:23;625506.3564786583 5800324.4571683705;628349.585041245 5805165.788363865;PersonalVehicle
1004238;08:40:23;630968.3482777097 5805683.341899404;630132.0881958227 5802220.938803715;PersonalVehicle
1011207;08:40:25;628491.7544973522 5808024.659420108;627725.4273149952 5809127.084829968;PersonalVehicle
1050642;08:40:25;626217.188283476 5802195.550074621;627076.6564192984 5803528.548257993;PersonalVehicle
1389472;08:40:25;625506.3564786583 5800324.4571683705;629170.3468612772 5804648.533530302;PersonalVehicle
1104106;08:40:25;631726.9663746024 5803332.126653042;626981.5547370735 5802843.224337788;PersonalVehicle
1103041;08:40:26;632004.6876517057 5804017.837849018;631329.8898920666 5803597.009221405;PersonalVehicle
1050719;08:40:26;626069.1774497917 5801709.272044557;627761.1950082431 5802321.264148788;PersonalVehicle
1051896;08:40:26;625829.1313093787 5804148.077060311;625732.246274221 5801989.41844474;PersonalVehicle
995605;08:40:26;631913.9173730104 5808124.069404383;629679.153242025 5803961.390672714;PersonalVehicle
1112034;08:40:27;633672.1088953787 5801895.047217489;632444.7035721204 5802996.503481722;PersonalVehicle
1071353;08:40:28;631416.6614646304 5804037.9854271365;629752.0347227629 5803094.925881132;PersonalVehicle
1086301;08:40:28;629425.5412994121 5801371.584566417;628644.8345144661 5802032.7843404785;PersonalVehicle
1043177;08:40:30;626157.5074270511 5805363.117615761;625506.3564786583 5800324.4571683705;PersonalVehicle
1003616;08:40:31;633499.0153018092 5805463.453319191;631919.1240081682 5807647.376353243;PersonalVehicle
1035198;08:40:31;626377.9090604484 5805029.399550922;627529.8451220142 5804434.693010134;PersonalVehicle
1152521;08:40:31;625506.3564786583 5800324.4571683705;631355.2609807022 5806509.786265517;PersonalVehicle
1107105;08:40:32;632088.1508188925 5803084.056529115;631700.7035139205 5803238.552213294;PersonalVehicle
1010739;08:40:32;628647.8773303102 5808725.06747008;630050.335927236 5802202.085748889;PersonalVehicle
1062366;08:40:33;628636.9686693511 5806379.732861739;627821.6592299539 5806212.31619516;PersonalVehicle
1088438;08:40:35;629787.2722458268 5800949.036906912;628813.0469676896 5802387.863715443;PersonalVehicle
968811;08:40:35;628824.7234106674 5809127.179959183;625495.2665135056 5806727.877555828;PersonalVehicle
1012455;08:40:36;630769.5495243241 5808404.403873091;629871.3609751551 5806072.94940112;PersonalVehicle
1087315;08:40:37;629555.3058752606 5800842.588183094;627096.1410587118 5801129.841674219;PersonalVehicle
1085440;08:40:37;630377.2935286161 5799276.878224155;629246.3483085568 5800950.322700494;PersonalVehicle
1072625;08:40:37;630260.1212542288 5803323.031026021;630498.5018239877 5803281.055982372;PersonalVehicle
1131814;08:40:38;625506.3564786583 5800324.4571683705;626904.822498118 5801486.191533569;PersonalVehicle
1072685;08:40:40;628147.3705611633 5802017.082142978;628419.9476861614 5802479.154773194;PersonalVehicle
1047033;08:40:41;631913.9173730104 5808124.069404383;626976.4299009838 5803996.611110453;PersonalVehicle
1026960;08:40:41;625506.3564786583 5800324.4571683705;626204.150821099 5804855.7891184725;PersonalVehicle
1098995;08:40:45;631021.47822713 5801948.660179475;632357.7464165204 5800288.209577048;PersonalVehicle
1009669;08:40:45;629475.2815342882 5803979.573531312;629994.3449704355 5805712.226829106;PersonalVehicle
1042420;08:40:45;626569.4351500266 5804682.441882859;631913.9173730104 5808124.069404383;PersonalVehicle
1047990;08:40:45;625558.7898613485 5803213.873136346;625495.2665135056 5806727.877555828;PersonalVehicle
1078322;08:40:46;629315.9681631527 5801572.745988229;629396.8644569099 5801581.323047651;PersonalVehicle
1016700;08:40:46;626003.2017694805 5801994.189698038;625495.2665135056 5806727.877555828;PersonalVehicle
1060815;08:40:50;627929.2656136964 5805876.147791921;627456.1969587618 5806693.798965411;PersonalVehicle
1087235;08:40:50;625495.2665135056 5806727.877555828;630059.4958868637 5800775.415038522;PersonalVehicle
1107315;08:40:50;632092.7956922693 5803399.639329685;632122.0535477005 5802939.79766035;PersonalVehicle
1039829;08:40:51;627323.1892185631 5803203.932161445;629425.6508119506 5804942.308394522;PersonalVehicle
1042451;08:40:52;626591.1158359684 5804656.572634306;626611.5165841737 5804972.52196918;PersonalVehicle
1087148;08:40:52;630077.8124189011 5801142.409586245;633672.1088953787 5801895.047217489;PersonalVehicle
1000828;08:40:52;631913.9173730104 5808124.069404383;626196.5848034868 5805365.307746415;PersonalVehicle
964775;08:40:53;627498.1724596496 5810012.366902584;628501.8162950391 5808760.75866183;PersonalVehicle
431370;08:40:54;634266.520278123 5803737.794336154;630688.5336066252 5802390.715800188;PersonalVehicle
1154745;08:40:54;625506.3564786583 5800324.4571683705;628257.4582388527 5803133.052873403;PersonalVehicle
1012204;08:40:55;630498.0272951208 5808815.89891164;630377.2935286161 5799276.878224155;PersonalVehicle
1102391;08:40:55;631962.6621300065 5803435.996611506;631178.1963915342 5804605.82987972;PersonalVehicle
1050649;08:40:56;625872.182066765 5802049.019030313;631346.0515017655 5803937.451042252;PersonalVehicle
1122717;08:40:57;633672.1088953787 5801895.047217489;629800.7874713222 5800880.668818832;PersonalVehicle
940495;08:40:57;625506.3564786583 5800324.4571683705;632563.0744375464 5800947.238333825;PersonalVehicle
1048758;08:41:01;626695.8851279665 5803950.357993024;626244.872256563 5803480.113815591;PersonalVehicle
1086029;08:41:01;630377.2935286161 5799276.878224155;628681.5968671994 5801399.901790851;PersonalVehicle
1105036;08:41:01;628022.4132318937 5801494.003440106;631718.0710866946 5803311.645681564;PersonalVehicle
1062692;08:41:02;628436.6156065788 5805364.069400793;625506.3564786583 5800324.4571683705;PersonalVehicle
399912;08:41:07;634266.520278123 5803737.794336154;630316.556733425 5802519.503159969;PersonalVehicle
1086805;08:41:09;632357.7464165204 5800288.209577048;628867.8810804273 5801417.426375082;PersonalVehicle
1102045;08:41:10;632040.3771435485 5804353.355709923;630767.3105592602 5804073.544103911;PersonalVehicle
1075023;08:41:10;628852.36725512 5801697.301263575;632070.9351133193 5807076.792222152;PersonalVehicle
1003839;08:41:10;632762.7415821309 5806478.547917275;631798.3105528068 5806551.196559294;PersonalVehicle
1033625;08:41:11;627198.852017128 5805081.977054056;627498.1724596496 5810012.366902584;PersonalVehicle
1062244;08:41:11;628357.2862513706 5806027.888392339;628876.1737568636 5804944.232088686;PersonalVehicle
1100728;08:41:11;633615.5202946216 5802498.300457432;625506.3564786583 5800324.4571683705;PersonalVehicle
1100402;08:41:13;629709.6836099715 5802380.927772075;632158.4474718015 5801929.875840364;PersonalVehicle
1034363;08:41:13;627331.3488641965 5804337.179552651;626685.710402554 5800913.558467692;PersonalVehicle
1144343;08:41:14;625506.3564786583 5800324.4571683705;629361.446559643 5801204.382159017;PersonalVehicle
1023218;08:41:15;625506.3564786583 5800324.4571683705;626721.2346178386 5804859.333256822;PersonalVehicle
989978;08:41:16;631913.9173730104 5808124.069404383;630735.6368430308 5808554.740617631;PersonalVehicle
1040280;08:41:16;626702.2701375112 5802868.164285417;626713.080113696 5802795.533428825;PersonalVehicle
977729;08:41:16;630057.5358647549 5803955.2318992475;627498.1724596496 5810012.366902584;PersonalVehicle
1036167;08:41:16;627320.2609332439 5805402.029555804;627407.0756358935 5803617.903543867;PersonalVehicle
1017292;08:41:17;625495.2665135056 5806727.877555828;626564.6081999203 5803766.231391939;PersonalVehicle
1057840;08:41:17;629835.3822283823 5803646.118186878;625495.2665135056 5806727.877555828;PersonalVehicle
1011492;08:41:18;629099.6392600893 5807712.531690961;627912.1522132959 5809379.384307552;PersonalVehicle
1014778;08:41:19;628595.6954925704 5809889.382066909;628358.6876436148 5809658.395747677;PersonalVehicle
908909;08:41:20;628884.9078509703 5804654.457368854;625495.2665135056 5806727.877555828;PersonalVehicle
1062223;08:41:21;634266.520278123 5803737.794336154;630337.7965714816 5803943.082278108;PersonalVehicle
1099915;08:41:22;631122.0499529041 5800878.2886565905;633672.1088953787 5801895.047217489;PersonalVehicle
1045653;08:41:23;625766.8251479052 5804209.71424946;625853.6267784326 5803960.241903338;PersonalVehicle
994863;08:41:24;631913.9173730104 5808124.069404383;630031.5180004578 5803650.747773996;PersonalVehicle
1877259;08:41:26;632357.7464165204 5800288.209577048;629260.962373772 5803333.196394192;PersonalVehicle
1010062;08:41:26;633267.2615325244 5806591.31854878;629863.7053838022 5806121.006349952;PersonalVehicle
1103326;08:41:27;629618.7260076373 5803315.239423731;631146.4661750445 5804596.078871294;PersonalVehicle
1011033;08:41:28;628082.2878415902 5808229.957523519;628990.2233403957 5808247.6047405405;PersonalVehicle
1080412;08:41:30;629877.934459806 5801870.879178036;629859.9812000082 5801320.177810176;PersonalVehicle
1122622;08:41:30;633672.1088953787 5801895.047217489;630966.0536851874 5803996.631694755;PersonalVehicle
1042949;08:41:32;625913.13013942 5802069.808141802;625745.6574395252 5804801.696828382;PersonalVehicle
1013277;08:41:32;630079.7295011429 5807381.5024250625;630879.49759191 5808116.948800502;PersonalVehicle
1049098;08:41:33;625937.9589439072 5803633.480150321;627337.4421882072 5801146.4915377665;PersonalVehicle
1062631;08:41:34;626690.33927054 5808490.404998485;627891.2073925618 5806047.4545829585;PersonalVehicle
1095726;08:41:35;630886.0379390696 5802715.187176073;631344.0986136907 5803959.576833089;PersonalVehicle
1042082;08:41:35;626435.5685004033 5804646.388667314;628134.2622115118 5804353.005420396;PersonalVehicle
1013629;08:41:35;629968.7551887872 5807961.375511046;630539.4463144368 5807875.797205111;PersonalVehicle
1074619;08:41:35;628144.14838454 5801755.278920931;630377.2935286161 5799276.878224155;PersonalVehicle
1062021;08:41:39;628158.7438235037 5805773.675626773;627410.8110807566 5803992.355492909;PersonalVehicle
1034095;08:41:39;627313.7153497445 5804284.291567909;628730.9491921259 5805071.545348856;PersonalVehicle
1002985;08:41:40;630113.8129686266 5805407.06178418;630014.9338596532 5808027.966590683;PersonalVehicle
1065728;08:41:40;628459.9195106004 5804402.069128169;625495.2665135056 5806727.877555828;PersonalVehicle
1076050;08:41:41;628808.0171723443 5801783.810162551;628580.5537780093 5802426.35522892;PersonalVehicle
1084901;08:41:41;629547.3880367018 5801415.689744351;631810.3872613813 5803226.711474271;PersonalVehicle
1033211;08:41:42;627619.5789245027 5805299.726803111;625495.2665135056 5806727.877555828;PersonalVehicle
982412;08:41:42;627498.1724596496 5810012.366902584;628216.3418042359 5805999.845178283;PersonalVehicle
405360;08:41:44;634266.520278123 5803737.794336154;630202.8347620293 5802046.422966486;PersonalVehicle
1633575;08:41:44;632357.7464165204 5800288.209577048;632123.3927103255 5802811.367144655;PersonalVehicle
1080044;08:41:44;629402.1458981817 5802384.290274443;629648.7673384112 5802205.779248083;PersonalVehicle
1085592;08:41:46;628605.6201020641 5801207.292338242;631349.9905860248 5802950.275643604;PersonalVehicle
1093911;08:41:47;631140.0759770741 5801788.631360287;631913.9173730104 5808124.069404383;PersonalVehicle
1070770;08:41:47;631191.3435050077 5803826.142914652;630599.3015031838 5804175.546076018;PersonalVehicle
1009311;08:41:48;630030.8101353189 5807125.958468766;630602.0979095824 5805274.2709797425;PersonalVehicle
1122862;08:41:48;627240.0035571686 5801044.484697631;633672.1088953787 5801895.047217489;PersonalVehicle
838798;08:41:49;627498.1724596496 5810012.366902584;632973.8701995303 5806457.266969969;PersonalVehicle
974090;08:41:50;625495.2665135056 5806727.877555828;627917.9247587918 5802780.4118594425;PersonalVehicle
1054462;08:41:50;625506.3564786583 5800324.4571683705;626956.2606718575 5801802.099944982;PersonalVehicle
1043895;08:41:50;626074.6738258592 5805256.4494648175;630377.2935286161 5799276.878224155;PersonalVehicle
1079794;08:41:51;629844.2515649983 5801641.387445458;629665.2896031037 5802514.806384233;PersonalVehicle
441717;08:41:52;634266.520278123 5803737.794336154;627339.0150935466 5802320.04816554;PersonalVehicle
1008606;08:41:52;625495.2665135056 5806727.877555828;629179.3798945831 5803900.81065509;PersonalVehicle
1073460;08:41:53;627946.5442982941 5802091.770136269;628544.409939534 5801246.112144895;PersonalVehicle
1063324;08:41:54;628641.9045913069 5804902.885856811;629029.1432737869 5804474.299665507;PersonalVehicle
1053106;08:41:55;625918.2903296803 5801611.849393074;626050.5230843219 5801392.85715843;PersonalVehicle
1051596;08:41:55;625522.9572129669 5803098.865735265;630377.2935286161 5799276.878224155;PersonalVehicle
1013748;08:41:56;631025.8538292556 5808300.992121502;632357.7464165204 5800288.209577048;PersonalVehicle
985093;08:41:56;631913.9173730104 5808124.069404383;631296.5857429302 5802890.466141983;PersonalVehicle
1008258;08:41:56;631378.2039708107 5808241.265156672;629830.8830319878 5806156.2371665435;PersonalVehicle
1071377;08:41:57;631400.7636747747 5803982.007816979;629573.3751840051 5803496.502312555;PersonalVehicle
1085327;08:41:57;629801.2420331914 5801562.778137213;632357.7464165204 5800288.209577048;PersonalVehicle
1011556;08:41:58;628151.5487009782 5809320.75027603;628716.4063250013 5808635.458213468;PersonalVehicle
1209662;08:41:59;625506.3564786583 5800324.4571683705;628381.1820958704 5809495.75954603;PersonalVehicle
945689;08:42:00;625495.2665135056 5806727.877555828;630337.7965714816 5803943.082278108;PersonalVehicle
448409;08:42:00;628965.6791066326 5802694.691607436;634266.520278123 5803737.794336154;PersonalVehicle
1079693;08:42:03;629565.463082039 5802435.261084612;629664.6857233602 5802259.00086087;PersonalVehicle
1061663;08:42:03;628131.2059606884 5805488.109078988;627517.7852128645 5806368.652276016;PersonalVehicle
1097996;08:42:04;630527.9016540766 5800965.934012406;627310.0157607488 5801586.487551958;PersonalVehicle
1084131;08:42:05;627811.0109838863 5800801.135035091;627335.4317688339 5801057.814305232;PersonalVehicle
1048821;08:42:07;627826.8369840726 5803249.935330199;626076.3529720237 5803587.350015861;PersonalVehicle
1099353;08:42:07;631237.0428444567 5801137.637789162;630024.5498380343 5801363.20675766;PersonalVehicle
1062274;08:42:08;627859.3328521699 5806050.298948585;632357.7464165204 5800288.209577048;PersonalVehicle
1006183;08:42:08;632561.7333848001 5806630.529784396;631273.6743251164 5807093.886117744;PersonalVehicle
1074069;08:42:08;628182.1819853911 5802027.6489543775;626877.1001661199 5801444.86292074;PersonalVehicle
1112849;08:42:09;628727.092834682 5801302.060368742;633672.1088953787 5801895.047217489;PersonalVehicle
1072592;08:42:09;630203.5251460515 5803716.069650716;631913.9173730104 5808124.069404383;PersonalVehicle
1064649;08:42:10;627789.7204517414 5804416.547119049;628496.0810371988 5804740.111747179;PersonalVehicle
1051124;08:42:12;626007.9703933577 5801858.498716874;625495.2665135056 5806727.877555828;PersonalVehicle
738320;08:42:13;633672.1088953787 5801895.047217489;629131.863105172 5804143.733652775;PersonalVehicle
1065628;08:42:13;628387.976584833 5805084.157371449;628058.5601958307 5804580.023405165;PersonalVehicle
1058507;08:42:13;632446.2379378236 5800834.28823285;629607.4585700011 5803547.17644723;PersonalVehicle
1035155;08:42:14;627670.4140496219 5804603.651543839;627137.5988873837 5803883.668652421;PersonalVehicle
1018690;08:42:14;628459.9195106004 5804402.069128169;625495.2665135056 5806727.877555828;PersonalVehicle
1075795;08:42:15;628728.0387555468 5802102.488701113;628234.6904247267 5804861.019154878;PersonalVehicle
1084922;08:42:15;628748.6465428423 5801129.716112754;629142.2456904023 5800885.84543835;PersonalVehicle
1088511;08:42:16;629800.7874713222 5800880.668818832;630054.7748757929 5801297.141664447;PersonalVehicle
1052891;08:42:18;625495.2665135056 5806727.877555828;625907.0414506794 5801271.711882143;PersonalVehicle
1045918;08:42:18;626090.6119024693 5803862.360687534;626549.9131456848 5804258.174537546;PersonalVehicle
1007918;08:42:19;631366.2021466717 5807164.608201327;631873.2051402405 5806970.744850261;PersonalVehicle
1145684;08:42:21;625495.2665135056 5806727.877555828;628291.0982389749 5804224.59127767;PersonalVehicle
1010448;08:42:22;630318.2213252772 5806133.295920455;629965.9630222429 5806370.809212687;PersonalVehicle
1003893;08:42:22;631093.3831433043 5805921.876728924;628041.9114714847 5805856.233724393;PersonalVehicle
1089317;08:42:23;625506.3564786583 5800324.4571683705;632043.1592533686 5803053.229454869;PersonalVehicle
1107442;08:42:24;632538.794177782 5803471.901458137;633672.1088953787 5801895.047217489;PersonalVehicle
1190266;08:42:27;630820.9148798664 5799900.291690554;633672.1088953787 5801895.047217489;PersonalVehicle
1082720;08:42:29;627134.4011416815 5800684.684149594;626804.7657826131 5800962.329690705;PersonalVehicle
1097736;08:42:30;631095.0820991097 5803127.111443764;631265.564105031 5802835.450785812;PersonalVehicle
1004423;08:42:30;632825.6299104306 5806917.790163983;632662.1762495101 5806523.201638646;PersonalVehicle
1320158;08:42:31;625506.3564786583 5800324.4571683705;628757.276251857 5803180.948719027;PersonalVehicle
1096962;08:42:31;631264.75303577 5803152.506707744;632357.7464165204 5800288.209577048;PersonalVehicle
1018706;08:42:31;625495.2665135056 5806727.877555828;627604.5573100707 5804967.600854432;PersonalVehicle
1039598;08:42:32;626763.9756394972 5804120.98765346;627796.1193585279 5803399.807263916;PersonalVehicle
1054518;08:42:34;625495.2665135056 5806727.877555828;629031.9722314421 5801765.928901848;PersonalVehicle
937031;08:42:35;629814.6495897418 5804011.591527128;625506.3564786583 5800324.4571683705;PersonalVehicle
837304;08:42:35;627498.1724596496 5810012.366902584;627376.5582411219 5802182.776064744;PersonalVehicle
1053176;08:42:36;625506.3564786583 5800324.4571683705;628645.4299303484 5803119.785238127;PersonalVehicle
1004804;08:42:36;632663.8674975043 5806714.703644829;631948.605498095 5806909.825328787;PersonalVehicle
1035670;08:42:37;625852.9964237439 5804798.836678789;627676.4858104221 5805031.919668277;PersonalVehicle
1037328;08:42:38;629044.0771215068 5801905.521872942;627195.8443059674 5803348.926215776;PersonalVehicle
1094855;08:42:38;630784.3742901338 5802058.732660009;631913.9173730104 5808124.069404383;PersonalVehicle
1073063;08:42:39;627932.530104037 5801094.542495055;627974.4623375299 5801910.348668428;PersonalVehicle
1012167;08:42:43;630986.6068670489 5808575.607629043;631702.845111784 5806719.268945043;PersonalVehicle
979991;08:42:46;629737.0882469509 5803597.796240019;627498.1724596496 5810012.366902584;PersonalVehicle
1368842;08:42:47;625506.3564786583 5800324.4571683705;629366.436092283 5804613.609788329;PersonalVehicle
1063126;08:42:47;625925.4685191432 5804597.509330706;627341.7502021272 5806224.602511155;PersonalVehicle
961649;08:42:47;625495.2665135056 5806727.877555828;629775.6298027427 5803618.8854824295;PersonalVehicle
1084142;08:42:47;627392.1086577489 5801410.748909951;625506.3564786583 5800324.4571683705;PersonalVehicle
1015747;08:42:48;625495.2665135056 5806727.877555828;628149.2023298863 5803836.340960775;PersonalVehicle
425289;08:42:48;630140.075755479 5806936.712868479;634266.520278123 5803737.794336154;PersonalVehicle
1381389;08:42:50;625865.5691639192 5804558.328987618;625506.3564786583 5800324.4571683705;PersonalVehicle
1100943;08:42:50;632344.4541722306 5802048.680231015;631913.9173730104 5808124.069404383;PersonalVehicle
1084953;08:42:53;625506.3564786583 5800324.4571683705;630002.9281591992 5801471.482097029;PersonalVehicle
1058264;08:42:53;630097.4114793597 5803954.432902912;629969.3355953424 5805992.932207728;PersonalVehicle
1075511;08:42:53;628580.5537780093 5802426.35522892;625506.3564786583 5800324.4571683705;PersonalVehicle
1043483;08:42:53;626399.2555638067 5805054.530941764;629031.9722314421 5801765.928901848;PersonalVehicle
1103085;08:42:55;632156.4438177508 5804789.042043731;625506.3564786583 5800324.4571683705;PersonalVehicle
1103469;08:42:55;631494.7888040587 5804521.787090107;629860.648965169 5801741.008665879;PersonalVehicle
1022555;08:42:56;625506.3564786583 5800324.4571683705;628188.3184440027 5809819.005609286;PersonalVehicle
1096188;08:42:56;630840.1828159207 5802549.186214952;631063.377216986 5802412.480759318;PersonalVehicle
1103514;08:43:02;629270.0242495304 5803911.082896169;632022.565459503 5804074.060908275;PersonalVehicle
1053028;08:43:03;625663.8716785792 5801454.607798456;625506.3564786583 5800324.4571683705;PersonalVehicle
1076129;08:43:04;626579.8420446425 5800787.177291657;628587.7390714372 5801928.056689493;PersonalVehicle
845792;08:43:06;631913.9173730104 5808124.069404383;627819.9250916033 5806371.542704506;PersonalVehicle
1092467;08:43:07;630224.486702223 5802457.405159165;630578.9857616238 5802202.306825096;PersonalVehicle
1065709;08:43:07;629149.2978413419 5801886.333764436;628043.3319008289 5804367.912126911;PersonalVehicle
1081752;08:43:08;626721.6883727051 5801653.810783725;626913.0958336333 5801706.32161284;PersonalVehicle
1088685;08:43:09;630096.9842635038 5801309.538975694;629967.3770888695 5800744.02097557;PersonalVehicle
1876189;08:43:09;632357.7464165204 5800288.209577048;629335.6490963985 5804438.689387583;PersonalVehicle
1003906;08:43:09;632095.8672177497 5806525.569881443;632843.1127812428 5806814.728796223;PersonalVehicle
1079492;08:43:09;629949.580697907 5801851.147224949;628520.1029635449 5801133.376843317;PersonalVehicle
1066876;08:43:09;628085.4540179166 5803431.037598738;632357.7464165204 5800288.209577048;PersonalVehicle
1054400;08:43:11;625506.3564786583 5800324.4571683705;630354.9982194111 5805998.804229761;PersonalVehicle
1124402;08:43:12;632357.7464165204 5800288.209577048;627978.8885183705 5803412.197968784;PersonalVehicle
1066834;08:43:12;628094.7040203372 5803865.5437365025;629952.0416560861 5802399.457136181;PersonalVehicle
1056060;08:43:13;625506.3564786583 5800324.4571683705;629145.3208345483 5804322.772222465;PersonalVehicle
752054;08:43:14;629108.6468851431 5804035.98970992;632357.7464165204 5800288.209577048;PersonalVehicle
1034398;08:43:15;627467.1850025861 5804629.810541318;625495.2665135056 5806727.877555828;PersonalVehicle
1037931;08:43:16;627114.2469488408 5803382.999106795;627523.5676137073 5802826.070538007;PersonalVehicle
1058187;08:43:16;630133.3648406516 5803983.514629217;629314.8633933101 5804566.128352984;PersonalVehicle
1079050;08:43:17;629468.8522022405 5802031.930214307;628855.8532634845 5802137.651292948;PersonalVehicle
1070777;08:43:22;630751.0135876845 5803585.425239447;631741.3291464769 5803089.744393041;PersonalVehicle
1074724;08:43:22;628945.6004314414 5801754.959797192;625506.3564786583 5800324.4571683705;PersonalVehicle
1112967;08:43:23;633672.1088953787 5801895.047217489;628215.3912746059 5802161.9678952405;PersonalVehicle
1035475;08:43:23;627570.1745116158 5804912.0911679985;627175.367506802 5802958.824893608;PersonalVehicle
1098977;08:43:25;631040.853505352 5800987.037609338;625506.3564786583 5800324.4571683705;PersonalVehicle
1009062;08:43:25;629902.575468756 5806158.916304872;630430.3679299672 5807166.516150408;PersonalVehicle
1003615;08:43:28;632070.9289411678 5806653.427907742;631568.1499860059 5806959.721384765;PersonalVehicle
1101113;08:43:28;631929.8848703919 5802411.050985438;632357.7464165204 5800288.209577048;PersonalVehicle
1084481;08:43:28;627490.7317509966 5801200.433261706;627490.7317509966 5801200.433261706;PersonalVehicle
1098045;08:43:29;632480.127976267 5801003.507085747;631305.1782361653 5802087.966565935;PersonalVehicle
1093700;08:43:29;630604.800393935 5801963.352255342;629864.988985133 5802568.880886413;PersonalVehicle
1044034;08:43:29;625940.1866650103 5805353.927349369;626577.4159106762 5804749.814310691;PersonalVehicle
1091828;08:43:30;631438.4600609893 5807252.7361755185;630377.2935286161 5799276.878224155;PersonalVehicle
1013456;08:43:31;630525.1358740045 5808814.855652302;631913.9173730104 5808124.069404383;PersonalVehicle
1059135;08:43:32;629310.3329938576 5804154.093605694;629105.2879600443 5804221.781681888;PersonalVehicle
1073194;08:43:35;627449.3467200316 5802293.717523577;629603.1822065741 5802534.446443014;PersonalVehicle
1012496;08:43:35;628708.5372790822 5802462.0855892375;630539.4463144368 5807875.797205111;PersonalVehicle
1084899;08:43:35;628987.2662141303 5800926.666111224;627498.1724596496 5810012.366902584;PersonalVehicle
957195;08:43:36;625767.1222977783 5801695.446289204;625506.3564786583 5800324.4571683705;PersonalVehicle
1052368;08:43:37;625669.0442921496 5801359.405454857;625916.2790675848 5801502.210563845;PersonalVehicle
1009835;08:43:37;625506.3564786583 5800324.4571683705;630347.4448481007 5806795.428314415;PersonalVehicle
1004078;08:43:38;630643.132893197 5805768.01508414;630376.2111934947 5805359.698613927;PersonalVehicle
1097000;08:43:39;631194.1608422616 5802881.671341183;628581.7095502277 5801192.769728128;PersonalVehicle
1006220;08:43:41;633111.0621132578 5806714.276430755;625495.2665135056 5806727.877555828;PersonalVehicle
1061565;08:43:41;626160.9231512569 5807240.189786335;625506.3564786583 5800324.4571683705;PersonalVehicle
1004947;08:43:41;633004.3677248412 5807111.004390368;630106.6131838895 5805765.356852976;PersonalVehicle
1015214;08:43:42;628997.9092125535 5809213.169974371;634266.520278123 5803737.794336154;PersonalVehicle
1004836;08:43:42;633507.4036100635 5806394.062808489;630918.4126961303 5806129.796224533;PersonalVehicle
1124877;08:43:43;629709.9481565001 5800705.143996328;630377.2935286161 5799276.878224155;PersonalVehicle
1039699;08:43:45;626679.1320570414 5802518.020177284;627086.6610499893 5803782.840706903;PersonalVehicle
1019810;08:43:45;625495.2665135056 5806727.877555828;627014.0606923645 5803241.284564183;PersonalVehicle
1153822;08:43:46;625506.3564786583 5800324.4571683705;628426.3775060754 5805281.046708895;PersonalVehicle
1073674;08:43:47;628182.1819853911 5802027.6489543775;632357.7464165204 5800288.209577048;PersonalVehicle
1090107;08:43:48;625506.3564786583 5800324.4571683705;626452.9590778137 5802890.701520209;PersonalVehicle
1045371;08:43:48;626510.509100809 5804118.643032399;626942.8581844729 5803936.717424669;PersonalVehicle
1035143;08:43:48;625506.3564786583 5800324.4571683705;627395.4432809133 5804177.379189383;PersonalVehicle
1014927;08:43:49;629614.6332637827 5809222.372469593;627637.9122553492 5805439.390625306;PersonalVehicle
1102099;08:43:51;632069.975163159 5804767.820327036;625506.3564786583 5800324.4571683705;PersonalVehicle
1048274;08:43:51;625506.3564786583 5800324.4571683705;626794.2614540667 5803836.143920348;PersonalVehicle
1044077;08:43:53;625989.1442810439 5804734.441768154;625870.8163258806 5804265.992032343;PersonalVehicle
932478;08:43:53;633672.1088953787 5801895.047217489;629055.6842747359 5802688.618737193;PersonalVehicle
1037224;08:43:55;627081.888778536 5803643.118717036;628859.9304698629 5802223.934824158;PersonalVehicle
1088291;08:43:56;629878.6203801148 5801253.905222765;629839.7130226585 5801893.228460231;PersonalVehicle
1282949;08:43:57;625506.3564786583 5800324.4571683705;630105.6076941794 5802538.0623999275;PersonalVehicle
1094064;08:43:59;630491.5017467599 5802406.250360117;625506.3564786583 5800324.4571683705;PersonalVehicle
710399;08:44:00;634266.520278123 5803737.794336154;627413.252346711 5802004.815923706;PersonalVehicle
1007193;08:44:01;631846.9301398925 5807672.343198018;629155.243514976 5803985.682735336;PersonalVehicle
1013695;08:44:02;630396.1169169459 5807361.732919165;630671.0611961648 5808701.622913653;PersonalVehicle
1097805;08:44:03;631144.8430056821 5802795.141613671;630939.7000738735 5803942.7454316765;PersonalVehicle
1014222;08:44:03;628646.2310942279 5809230.64390481;627394.9860324899 5809310.144166146;PersonalVehicle
1046253;08:44:05;627095.0259125774 5803517.306619359;626491.0472927026 5804535.575463798;PersonalVehicle
1045818;08:44:05;626627.6668153965 5804058.962693302;626456.5125784583 5802474.9841529075;PersonalVehicle
1094803;08:44:05;630398.494890804 5802862.24272053;629389.0453945304 5804429.617318957;PersonalVehicle
1170323;08:44:06;634266.520278123 5803737.794336154;631482.0235852299 5802544.961371244;PersonalVehicle
1073718;08:44:07;628063.802040831 5802025.855107214;625506.3564786583 5800324.4571683705;PersonalVehicle
1064280;08:44:07;628519.9736798378 5804666.032113299;628081.9314651957 5804706.001534394;PersonalVehicle
1029331;08:44:07;625506.3564786583 5800324.4571683705;628824.3172520411 5804764.161151572;PersonalVehicle
1101375;08:44:09;631858.5110432314 5801866.502402537;625506.3564786583 5800324.4571683705;PersonalVehicle
1087754;08:44:09;629462.1263490941 5800651.020190128;629683.807315632 5800704.019607647;PersonalVehicle
1015110;08:44:10;631444.8810621292 5806474.859145017;628666.2577373957 5809767.90959716;PersonalVehicle
1044428;08:44:10;627893.7687818287 5804201.68292177;626747.2778411189 5804624.746564734;PersonalVehicle
1081046;08:44:10;626829.2156392938 5801819.429185928;626386.0265686216 5801742.401497811;PersonalVehicle
1094292;08:44:12;630662.1256787676 5802047.553161172;625506.3564786583 5800324.4571683705;PersonalVehicle
675096;08:44:12;631253.1432889404 5800331.323997678;634266.520278123 5803737.794336154;PersonalVehicle
1072071;08:44:12;631357.5287934716 5803859.142648059;630940.8165291243 5804306.368763379;PersonalVehicle
1108210;08:44:12;632357.7464165204 5800288.209577048;629584.4869779637 5802607.604336658;PersonalVehicle
1106406;08:44:13;632244.3430882109 5802823.702905429;632112.0514448342 5803552.129735805;PersonalVehicle
1040530;08:44:15;627386.9680955241 5802922.097467873;625495.2665135056 5806727.877555828;PersonalVehicle
1101338;08:44:15;631812.2818457521 5802418.516362951;627775.7657714633 5801331.377158518;PersonalVehicle
1069445;08:44:16;628739.2640303208 5803469.8644753015;629867.2016038721 5804112.309639369;PersonalVehicle
1080850;08:44:17;626513.249250092 5801983.039414863;625495.2665135056 5806727.877555828;PersonalVehicle
1097826;08:44:18;631333.6953793492 5802874.371743158;630586.9541564669 5802429.690136873;PersonalVehicle
1083698;08:44:18;627295.6279799106 5801633.8279474145;626728.3026924283 5802714.6672262205;PersonalVehicle
778879;08:44:18;633672.1088953787 5801895.047217489;629044.2525553426 5803039.880496946;PersonalVehicle
1051789;08:44:18;625794.7878715651 5801924.692178686;625506.3564786583 5800324.4571683705;PersonalVehicle
1099233;08:44:19;632357.7464165204 5800288.209577048;630909.8481660523 5801132.409375125;PersonalVehicle
1086798;08:44:19;629152.1836895256 5801086.861537014;628659.908869263 5802487.81050831;PersonalVehicle
1037367;08:44:20;627541.8439334194 5803920.407506315;627262.538991403 5803303.718161446;PersonalVehicle
1145996;08:44:21;625495.2665135056 5806727.877555828;628381.5276162814 5806006.164771958;PersonalVehicle
1041453;08:44:23;625825.6181358214 5804874.891433071;628824.6469926178 5804535.15768455;PersonalVehicle
961234;08:44:24;625495.2665135056 5806727.877555828;626458.1951004326 5806052.297215694;PersonalVehicle
1106087;08:44:24;633751.4701780055 5804593.969118868;629355.9306985511 5804338.121454029;PersonalVehicle
1074934;08:44:24;628762.7960006697 5801683.076376184;628523.30321731 5802193.695986383;PersonalVehicle
1041238;08:44:24;625690.5273428551 5804966.613297129;625495.2665135056 5806727.877555828;PersonalVehicle
1064123;08:44:26;628107.505710838 5805135.41648377;629065.1088732376 5801915.444732483;PersonalVehicle
1012515;08:44:27;630548.9580841198 5807869.883549406;630228.9708384478 5807862.556787348;PersonalVehicle
392668;08:44:31;634266.520278123 5803737.794336154;628761.5943869336 5803838.241950069;PersonalVehicle
398601;08:44:31;630780.6565416144 5800033.024089399;634266.520278123 5803737.794336154;PersonalVehicle
1065302;08:44:31;628268.8972987141 5805050.766966061;625836.4305887312 5801138.976421709;PersonalVehicle
1085241;08:44:31;629425.5412994121 5801371.584566417;632357.7464165204 5800288.209577048;PersonalVehicle
1085854;08:44:32;629854.3725453789 5801435.946550958;627917.1141120766 5802645.704668063;PersonalVehicle
1099938;08:44:32;631883.7207134087 5801397.699844558;625506.3564786583 5800324.4571683705;PersonalVehicle
1070148;08:44:34;630563.6865298193 5804064.523142717;633672.1088953787 5801895.047217489;PersonalVehicle
1131489;08:44:35;630377.2935286161 5799276.878224155;633421.2861212569 5806607.792812808;PersonalVehicle
1060160;08:44:35;627937.2074698792 5805901.703335426;625495.2665135056 5806727.877555828;PersonalVehicle
1064242;08:44:36;627870.356806435 5804548.135102855;625495.2665135056 5806727.877555828;PersonalVehicle
1109627;08:44:36;632357.7464165204 5800288.209577048;629031.9722314421 5801765.928901848;PersonalVehicle
1039044;08:44:36;627217.5471693096 5803108.488187082;632357.7464165204 5800288.209577048;PersonalVehicle
1075848;08:44:38;628761.0487322613 5802055.711634723;628845.0208284348 5804117.882486052;PersonalVehicle
1043779;08:44:38;625495.2665135056 5806727.877555828;631429.1633504124 5803069.251446224;PersonalVehicle
1053602;08:44:38;625495.2665135056 5806727.877555828;632127.3051746669 5806903.981408408;PersonalVehicle
1075950;08:44:38;629012.4934003402 5801722.685378031;625506.3564786583 5800324.4571683705;PersonalVehicle
1059550;08:44:39;629305.538728175 5804861.299497069;629491.3883783205 5804273.629019598;PersonalVehicle
979007;08:44:41;628917.8931536096 5804789.5924104415;625495.2665135056 5806727.877555828;PersonalVehicle
1014639;08:44:43;629751.8255910067 5808835.516821386;628824.7777191214 5809125.535218033;PersonalVehicle
1122610;08:44:44;629848.6312795146 5801790.899166036;633672.1088953787 5801895.047217489;PersonalVehicle
1533714;08:44:44;629141.4618763409 5804010.022635715;625506.3564786583 5800324.4571683705;PersonalVehicle
1037059;08:44:44;627697.405769828 5803661.150309311;627214.6741969323 5801978.414520333;PersonalVehicle
1037162;08:44:44;627455.5557569496 5803382.911728106;632357.7464165204 5800288.209577048;PersonalVehicle
1081425;08:44:44;626291.155971701 5801539.329446641;628433.0881167413 5803938.736948761;PersonalVehicle
1118047;08:44:45;632357.7464165204 5800288.209577048;627275.4777489901 5802241.197199543;PersonalVehicle
1422517;08:44:46;625506.3564786583 5800324.4571683705;626367.148980164 5803283.019269364;PersonalVehicle
1104628;08:44:49;631925.0645464268 5803315.227053686;632357.7464165204 5800288.209577048;PersonalVehicle
1060277;08:44:49;628351.9437444345 5805233.010650675;625495.2665135056 5806727.877555828;PersonalVehicle
1131702;08:44:49;625506.3564786583 5800324.4571683705;628901.8270655539 5800960.529596601;PersonalVehicle
1190988;08:44:54;633672.1088953787 5801895.047217489;629134.5564895448 5800512.409217224;PersonalVehicle
1059373;08:44:54;629010.1313127568 5804588.432837209;628778.2415902975 5804557.057210431;PersonalVehicle
1063978;08:44:58;628081.9314651957 5804706.001534394;628065.3900067199 5804849.984849728;PersonalVehicle
1004598;08:44:59;633672.1088953787 5801895.047217489;632795.4735272622 5806576.779463906;PersonalVehicle
445658;08:45:00;634266.520278123 5803737.794336154;628967.9995381429 5804675.466653008;PersonalVehicle
1002942;08:45:00;629910.8473534335 5806296.055899518;630813.7363718221 5805671.90500992;PersonalVehicle
1007433;08:45:01;632064.2764652934 5807309.5125034945;634266.520278123 5803737.794336154;PersonalVehicle
1046838;08:45:01;625798.0965613475 5804048.3070074925;627341.447436448 5803765.522087054;PersonalVehicle
1050713;08:45:02;626262.2068004222 5802418.118171675;625495.2665135056 5806727.877555828;PersonalVehicle
1048738;08:45:02;626450.3192107275 5803936.692536491;630439.5487342598 5802034.901634689;PersonalVehicle
1059761;08:45:03;631245.3086529376 5806538.822634457;631245.3086529376 5806538.822634457;PersonalVehicle
1102728;08:45:03;630915.0757172008 5804993.649640264;632388.9858653992 5804124.834604319;PersonalVehicle
1057258;08:45:07;629560.1535483045 5804138.665666063;625506.3564786583 5800324.4571683705;PersonalVehicle
1097041;08:45:09;628155.7995164169 5805212.124980187;631247.3278518483 5803187.788107808;PersonalVehicle
1107025;08:45:09;632083.8335701497 5803127.308454985;632127.2817727483 5803223.945378593;PersonalVehicle
1106557;08:45:10;633088.259798848 5803585.027075506;632399.4567863212 5802826.697598482;PersonalVehicle
1014196;08:45:10;628324.2170194783 5809408.759110235;629044.2525553426 5803039.880496946;PersonalVehicle
664438;08:45:11;633672.1088953787 5801895.047217489;628512.6157177878 5803316.981978057;PersonalVehicle
1086393;08:45:12;629853.4104906272 5801358.927812389;626223.457891663 5801626.990680633;PersonalVehicle
643916;08:45:13;633672.1088953787 5801895.047217489;628926.1323352511 5803766.927386961;PersonalVehicle
1032930;08:45:13;627361.508236794 5804721.076195468;626918.8593012777 5803920.774102712;PersonalVehicle
1105633;08:45:13;631840.6015343352 5802771.50425104;631017.4785200736 5802417.342840404;PersonalVehicle
1099564;08:45:14;631640.1203468731 5801504.830878768;631548.5483755323 5803310.482072111;PersonalVehicle
1039205;08:45:16;626729.468947422 5802816.1634461405;628571.5222385428 5804444.7288826285;PersonalVehicle
1108260;08:45:16;629018.4583198391 5800437.850036349;632357.7464165204 5800288.209577048;PersonalVehicle
1061285;08:45:17;628608.4298798527 5805539.452521819;627409.5750819059 5806248.198131001;PersonalVehicle
1087303;08:45:20;630018.0992803143 5801007.840728553;632357.7464165204 5800288.209577048;PersonalVehicle
953299;08:45:20;625495.2665135056 5806727.877555828;627882.2113634233 5804431.944143195;PersonalVehicle
1072879;08:45:22;627474.2276824757 5802145.533910634;628304.5861049169 5801985.683905159;PersonalVehicle
1105377;08:45:23;631610.7858543869 5803186.442323291;631034.6855237602 5802315.624724213;PersonalVehicle
1049031;08:45:24;626701.2697595031 5803461.368479189;626368.3501614069 5803705.3962774;PersonalVehicle
982199;08:45:24;627498.1724596496 5810012.366902584;631353.8624000084 5803147.48932915;PersonalVehicle
1014633;08:45:24;628096.9132645507 5809225.000790751;628755.5957653994 5809121.277072287;PersonalVehicle
1045660;08:45:25;626989.143395781 5804189.552435398;631913.9173730104 5808124.069404383;PersonalVehicle
1098927;08:45:25;632530.8278638999 5800809.731127963;632357.7464165204 5800288.209577048;PersonalVehicle
1093456;08:45:26;630364.3955981869 5801617.777853256;629853.5949234848 5802500.5015100455;PersonalVehicle
1003470;08:45:29;631974.5113262362 5806417.309847959;631913.9173730104 5808124.069404383;PersonalVehicle
1150034;08:45:30;625506.3564786583 5800324.4571683705;629143.1594703961 5801016.096647563;PersonalVehicle
1034886;08:45:30;627593.9925298981 5804308.737622731;625495.2665135056 5806727.877555828;PersonalVehicle
1107571;08:45:31;632370.913759272 5802932.633947311;632428.4121486894 5802734.95488962;PersonalVehicle
1101542;08:45:31;631690.2106121188 5801961.453764859;631690.2106121188 5801961.453764859;PersonalVehicle
1047947;08:45:31;626255.1136157031 5803246.704181978;626427.7457357022 5803194.609657928;PersonalVehicle
1389040;08:45:33;625506.3564786583 5800324.4571683705;628587.6692543795 5803097.346705074;PersonalVehicle
825820;08:45:33;633672.1088953787 5801895.047217489;631208.8055555155 5803341.4430314405;PersonalVehicle
771952;08:45:33;632357.7464165204 5800288.209577048;629936.4282422023 5807882.274559499;PersonalVehicle
1091524;08:45:33;630377.2935286161 5799276.878224155;628408.3352053823 5804129.424223864;PersonalVehicle
1078843;08:45:34;629430.9247158362 5801877.2677762015;630377.2935286161 5799276.878224155;PersonalVehicle
1539140;08:45:36;625506.3564786583 5800324.4571683705;628648.6618185326 5802715.767237508;PersonalVehicle
1088713;08:45:37;632639.8781902185 5800927.929300584;632357.7464165204 5800288.209577048;PersonalVehicle
1073686;08:45:38;628186.218159543 5802817.297613665;634266.520278123 5803737.794336154;PersonalVehicle
1074964;08:45:40;628732.4306271854 5802010.9262913605;629167.0731419132 5804302.3543317765;PersonalVehicle
1110376;08:45:42;630387.1390148919 5807992.811743166;632357.7464165204 5800288.209577048;PersonalVehicle
1099647;08:45:42;631185.072955343 5801954.671637054;630377.2935286161 5799276.878224155;PersonalVehicle
1057769;08:45:43;629814.6495897418 5804011.591527128;629959.2524446672 5804130.216264654;PersonalVehicle
1120582;08:45:45;633672.1088953787 5801895.047217489;631259.9433144263 5803136.262369315;PersonalVehicle
1035483;08:45:45;627577.1085664517 5805099.241032946;627725.1592324589 5804700.191930914;PersonalVehicle
1085810;08:45:47;629478.7419698214 5801263.706259313;629952.3902651058 5801530.5103712985;PersonalVehicle
1062032;08:45:47;626022.8584086498 5806412.035914914;626022.8584086498 5806412.035914914;PersonalVehicle
1100583;08:45:50;632704.5594782055 5801241.700698463;631596.0619932531 5802387.93790233;PersonalVehicle
782903;08:45:52;633672.1088953787 5801895.047217489;629038.4561633471 5803723.197195451;PersonalVehicle
1065975;08:45:52;628492.6053102472 5804227.89136313;627332.2720840927 5802896.0821708;PersonalVehicle
1077864;08:45:53;629362.1542599329 5801946.189572639;629189.1125783721 5804365.42447053;PersonalVehicle
982312;08:45:53;627498.1724596496 5810012.366902584;629239.5339125929 5802962.690901701;PersonalVehicle
1337544;08:45:57;631248.7912300286 5803795.509947887;625506.3564786583 5800324.4571683705;PersonalVehicle
1032225;08:45:58;627347.2895503527 5805252.749779133;627487.089566888 5804916.794291886;PersonalVehicle
1030926;08:45:58;625506.3564786583 5800324.4571683705;626232.2967383178 5802301.680575553;PersonalVehicle
1069691;08:45:58;629777.4387441502 5803081.724012499;627485.9729242204 5801145.676816935;PersonalVehicle
1007045;08:45:59;632259.4058012515 5807662.439719479;628078.5445252653 5801521.065987341;PersonalVehicle
1060952;08:46:01;628147.0862704513 5805962.505128107;627498.1724596496 5810012.366902584;PersonalVehicle
1011484;08:46:01;630298.8742236315 5808028.236280946;629134.3353916458 5807954.168792731;PersonalVehicle
1052428;08:46:02;625833.1492167579 5801593.122812848;625983.351088705 5801322.6114751175;PersonalVehicle
1011081;08:46:03;628369.3759001934 5806061.1205116315;628970.7484029813 5808366.51732562;PersonalVehicle
1056196;08:46:04;625506.3564786583 5800324.4571683705;628427.927537875 5804486.087952771;PersonalVehicle
1108215;08:46:04;632357.7464165204 5800288.209577048;627792.9785617788 5803367.922037381;PersonalVehicle
1102594;08:46:06;632254.77285715 5803818.398320529;625495.2665135056 5806727.877555828;PersonalVehicle
1005721;08:46:06;632733.0953518223 5806708.43283381;627351.7422010759 5803101.630824545;PersonalVehicle
1032582;08:46:07;627468.1162790164 5804976.366212763;626248.6757681359 5801072.4953371845;PersonalVehicle
1133137;08:46:08;628029.507544011 5801922.171978998;625506.3564786583 5800324.4571683705;PersonalVehicle
1005812;08:46:08;633034.1512495135 5807046.277976975;630387.1390148919 5807992.811743166;PersonalVehicle
490380;08:46:09;634266.520278123 5803737.794336154;627428.7605810728 5802182.693347299;PersonalVehicle
999524;08:46:12;631913.9173730104 5808124.069404383;631185.0509519323 5806435.977118072;PersonalVehicle
1017896;08:46:12;625506.3564786583 5800324.4571683705;629803.3345724667 5804246.119232288;PersonalVehicle
1068710;08:46:13;629094.9725014211 5802887.182987624;631003.1304118484 5806628.163636213;PersonalVehicle
1097972;08:46:13;631920.5691192951 5800321.19293341;630883.0241560133 5799890.383630401;PersonalVehicle
1010785;08:46:13;629063.3008641906 5808461.33266408;629073.4520788374 5808824.842990378;PersonalVehicle
1125516;08:46:13;630377.2935286161 5799276.878224155;628061.6902575712 5803328.143452832;PersonalVehicle
1065749;08:46:14;628270.3193024497 5803505.5653447285;628265.1931586505 5804475.259845007;PersonalVehicle
1052694;08:46:15;625546.7727811147 5801248.410523996;629821.6822897259 5801240.297059675;PersonalVehicle
1094168;08:46:18;630662.1256787676 5802047.553161172;628960.0787053512 5804831.877158074;PersonalVehicle
1299829;08:46:19;630512.5912352318 5804006.112354228;625506.3564786583 5800324.4571683705;PersonalVehicle
825133;08:46:21;632357.7464165204 5800288.209577048;630820.2635321483 5800366.998505002;PersonalVehicle
1012101;08:46:22;628101.5052244759 5808919.9721836075;628522.1809544628 5809137.823953986;PersonalVehicle
1078977;08:46:22;628919.0945729424 5802340.502563131;634266.520278123 5803737.794336154;PersonalVehicle
1064193;08:46:22;628013.1140033985 5804761.905294529;628377.117690094 5805095.076462584;PersonalVehicle
1053355;08:46:22;625495.2665135056 5806727.877555828;629050.5401335467 5803856.774129038;PersonalVehicle
1066913;08:46:23;628058.3691912981 5804323.876464972;627609.0809900168 5804413.403473125;PersonalVehicle
1097096;08:46:24;631216.1890441496 5803500.72331095;625506.3564786583 5800324.4571683705;PersonalVehicle
1037665;08:46:24;626047.9429089762 5801640.944963539;626869.9522723717 5803100.232463525;PersonalVehicle
1078665;08:46:25;629191.7302182815 5801631.579592509;632357.7464165204 5800288.209577048;PersonalVehicle
1881779;08:46:25;632357.7464165204 5800288.209577048;628937.3055126151 5803871.715795919;PersonalVehicle
1035744;08:46:25;627201.7424640575 5803941.503563805;625506.3564786583 5800324.4571683705;PersonalVehicle
1126113;08:46:26;625506.3564786583 5800324.4571683705;626173.9691225048 5801569.564144656;PersonalVehicle
1062308;08:46:29;628622.0928552421 5805607.030113659;628164.4953650392 5805410.284627776;PersonalVehicle
1058001;08:46:29;629836.0812128366 5803647.252842977;630196.8102059249 5804081.228048158;PersonalVehicle
1007822;08:46:29;631822.3703470558 5806785.988791185;631905.6117449641 5806943.700003819;PersonalVehicle
1009494;08:46:30;630293.786389719 5806492.905952318;630178.5480682165 5806589.54097343;PersonalVehicle
1052187;08:46:31;625922.9846337134 5801408.921511389;625506.3564786583 5800324.4571683705;PersonalVehicle
1099947;08:46:31;630421.227478742 5801373.1259050965;627498.1724596496 5810012.366902584;PersonalVehicle
1076255;08:46:32;627186.7640109317 5803420.085237216;628806.1265729929 5801511.409948511;PersonalVehicle
1877902;08:46:33;632357.7464165204 5800288.209577048;626531.2855944011 5805041.730030675;PersonalVehicle
1034687;08:46:33;629793.2009872362 5803609.377658884;627403.3179303885 5804332.851170812;PersonalVehicle
1100820;08:46:33;632291.4938997125 5801669.433529421;631643.5493469321 5802167.8662240915;PersonalVehicle
1020503;08:46:35;625506.3564786583 5800324.4571683705;631171.8745092975 5800903.419022643;PersonalVehicle
1059678;08:46:35;629352.2387578541 5804350.26090926;629341.2615497637 5803051.37903149;PersonalVehicle
1060772;08:46:36;628454.7265760703 5805596.114136253;628336.2496524154 5803343.721467964;PersonalVehicle
1047066;08:46:37;626746.8456145632 5804248.806145728;634266.520278123 5803737.794336154;PersonalVehicle
1034352;08:46:37;625993.397805607 5804595.450281446;627869.2544967257 5805313.76989961;PersonalVehicle
1072159;08:46:38;626506.6690711424 5803667.607220639;631913.9173730104 5808124.069404383;PersonalVehicle
1159365;08:46:38;634266.520278123 5803737.794336154;628850.2223321523 5802303.029205117;PersonalVehicle
1085326;08:46:39;628581.7095502277 5801192.769728128;633672.1088953787 5801895.047217489;PersonalVehicle
1005695;08:46:39;633267.2615325244 5806591.31854878;631485.4454288441 5808072.880863261;PersonalVehicle
1045826;08:46:40;626953.715426783 5804165.225522027;625506.3564786583 5800324.4571683705;PersonalVehicle
698322;08:46:41;634266.520278123 5803737.794336154;629052.3699831117 5803821.990089492;PersonalVehicle
1051873;08:46:44;626099.243789408 5802787.521447243;625506.3564786583 5800324.4571683705;PersonalVehicle
1038904;08:46:46;627659.0768311704 5803372.583854861;627790.2643760007 5803110.249983522;PersonalVehicle
1017093;08:46:47;625495.2665135056 5806727.877555828;626093.6819373168 5805396.425805873;PersonalVehicle
1048875;08:46:47;626134.5719065971 5803648.145734866;625495.2665135056 5806727.877555828;PersonalVehicle
1060995;08:46:48;628413.1435286499 5806018.213032248;629249.8865173078 5804101.774443389;PersonalVehicle
1103775;08:46:51;631933.7966769726 5803248.700859897;631741.0929211495 5802907.108153738;PersonalVehicle
1002681;08:46:52;632009.3777067496 5807694.602728827;632009.3777067496 5807694.602728827;PersonalVehicle
1081067;08:46:52;626449.9622801505 5801370.329115753;626260.8235428091 5801928.838070061;PersonalVehicle
1092467;08:46:53;630578.9857616238 5802202.306825096;632357.7464165204 5800288.209577048;PersonalVehicle
1060341;08:46:54;625495.2665135056 5806727.877555828;628276.9437741404 5806272.577048494;PersonalVehicle
1004371;08:46:54;631908.2010828434 5806450.628859643;632165.7459039765 5806547.9527823385;PersonalVehicle
1082345;08:46:57;626807.379009764 5801222.852042117;626901.9317921943 5801378.557786827;PersonalVehicle
1126679;08:46:58;625506.3564786583 5800324.4571683705;628832.1220681902 5802846.130731127;PersonalVehicle
1060287;08:46:58;628078.4528859095 5806019.317004343;627381.6462758281 5804485.978583741;PersonalVehicle
1007978;08:47:01;632007.3637619846 5807421.108884758;634266.520278123 5803737.794336154;PersonalVehicle
1049380;08:47:01;626020.1173305775 5803296.123695829;625546.6470534182 5803359.533096867;PersonalVehicle
1896130;08:47:03;633672.1088953787 5801895.047217489;628731.806599822 5802897.253606505;PersonalVehicle
1104599;08:47:05;631827.1446657042 5803334.682123095;629423.8995899202 5802475.905008504;PersonalVehicle
1083659;08:47:05;627802.5932518601 5801259.805083212;627631.0903522779 5801152.639835879;PersonalVehicle
1007938;08:47:06;630490.428624251 5805471.108824263;630356.5803226293 5805521.020639888;PersonalVehicle
1131934;08:47:07;630377.2935286161 5799276.878224155;631670.3168841284 5803060.589373411;PersonalVehicle
1039531;08:47:07;630377.2935286161 5799276.878224155;628987.2662141303 5800926.666111224;PersonalVehicle
1077556;08:47:07;629545.3110920949 5804007.283938178;628947.7078279471 5802469.570001751;PersonalVehicle
1124814;08:47:08;632357.7464165204 5800288.209577048;628585.8049475907 5801971.435891564;PersonalVehicle
1064076;08:47:11;628685.1444045644 5804778.967238767;627595.6460389724 5804846.039812371;PersonalVehicle
1068874;08:47:11;628632.7584947858 5802977.336133866;629578.8594645741 5803936.273800354;PersonalVehicle
745548;08:47:12;632357.7464165204 5800288.209577048;627978.5783642393 5804291.186355983;PersonalVehicle
1080372;08:47:13;629635.7244669808 5802470.407903332;632357.7464165204 5800288.209577048;PersonalVehicle
1015211;08:47:15;628795.6048100521 5809545.905980301;625495.2665135056 5806727.877555828;PersonalVehicle
1088872;08:47:17;630178.3526725689 5801127.343579967;629526.7824942884 5802334.679937;PersonalVehicle
1085730;08:47:18;629430.1541457799 5801243.120141605;632357.7464165204 5800288.209577048;PersonalVehicle
1102795;08:47:18;632057.4661860467 5804284.301553296;629398.3101052366 5802243.0498474445;PersonalVehicle
1062609;08:47:19;628432.7650686873 5805817.775241275;628614.861164844 5805354.343166842;PersonalVehicle
1058519;08:47:21;629259.5204489616 5803939.6931152865;629364.0064475234 5804267.046187205;PersonalVehicle
1072811;08:47:21;627523.5660572898 5802328.3449088335;630377.2935286161 5799276.878224155;PersonalVehicle
1035464;08:47:21;628000.2831773504 5805506.2165922765;629358.0109055466 5804429.707591148;PersonalVehicle
1126188;08:47:23;625506.3564786583 5800324.4571683705;630959.2877734372 5801120.013126848;PersonalVehicle
1130770;08:47:24;625506.3564786583 5800324.4571683705;629722.8437728398 5804314.140611455;PersonalVehicle
1058534;08:47:25;629722.8437728398 5804314.140611455;629565.5017027094 5804171.500385655;PersonalVehicle
1220512;08:47:25;625506.3564786583 5800324.4571683705;626508.0243121621 5801800.4654176505;PersonalVehicle
1063592;08:47:25;628193.0282591638 5804463.540922948;627932.288540763 5804904.876386695;PersonalVehicle
1010778;08:47:25;628593.4338458213 5808807.264339266;625506.3564786583 5800324.4571683705;PersonalVehicle
1102816;08:47:26;631498.5703921303 5806601.157976596;632018.860215514 5804762.358847695;PersonalVehicle
1026167;08:47:26;625495.2665135056 5806727.877555828;625494.7332420798 5804210.173676297;PersonalVehicle
1067213;08:47:26;628291.0982389749 5804224.59127767;625506.3564786583 5800324.4571683705;PersonalVehicle
1007382;08:47:28;631455.7015651786 5806615.0370574035;625831.8811778472 5805540.101274229;PersonalVehicle
1128178;08:47:29;629142.2456904023 5800885.84543835;625506.3564786583 5800324.4571683705;PersonalVehicle
1059743;08:47:29;629088.1051609886 5803890.015116696;625506.3564786583 5800324.4571683705;PersonalVehicle
1094552;08:47:32;625506.3564786583 5800324.4571683705;630457.1813680817 5802026.927991441;PersonalVehicle
1080920;08:47:32;626200.2584113424 5801724.952239329;626329.729804658 5802022.303450329;PersonalVehicle
1098748;08:47:32;630922.0276136815 5801736.382391336;632280.7227631379 5801800.086721464;PersonalVehicle
1042271;08:47:34;626100.6352276036 5805009.493928005;625506.3564786583 5800324.4571683705;PersonalVehicle
995360;08:47:34;631913.9173730104 5808124.069404383;630866.1752474125 5806890.75843601;PersonalVehicle
1015080;08:47:34;625506.3564786583 5800324.4571683705;628889.7666101417 5809769.327156865;PersonalVehicle
1045984;08:47:36;626607.0670202513 5804500.073592954;625764.2798816212 5805221.582113864;PersonalVehicle
1070066;08:47:37;630577.4295790009 5802494.31854349;630577.4295790009 5802494.31854349;PersonalVehicle
1004276;08:47:37;631227.5178604642 5805858.335339895;630030.8101353189 5807125.958468766;PersonalVehicle
1066997;08:47:37;627662.1490148904 5804056.3961977055;626689.8166465285 5804829.0221851645;PersonalVehicle
1886326;08:47:38;632357.7464165204 5800288.209577048;629169.4206897318 5803667.360005167;PersonalVehicle
1024930;08:47:38;625495.2665135056 5806727.877555828;628015.9073086311 5804910.606749364;PersonalVehicle
1084751;08:47:40;628614.8814696418 5801136.789488768;628903.1046257571 5803402.662303499;PersonalVehicle
1098074;08:47:42;631664.6111498295 5801371.515218558;631453.562076566 5804039.80669303;PersonalVehicle
1038766;08:47:44;626953.7409484964 5802813.615647738;627197.9014019959 5802890.853819187;PersonalVehicle
1119436;08:47:44;632357.7464165204 5800288.209577048;633522.180811303 5806484.674782137;PersonalVehicle
1067722;08:47:45;628965.6791066326 5802694.691607436;628466.5919590613 5803561.022317982;PersonalVehicle
725162;08:47:46;633672.1088953787 5801895.047217489;628702.0664729225 5803924.800913025;PersonalVehicle
1101677;08:47:49;631815.437405704 5802448.75436209;625506.3564786583 5800324.4571683705;PersonalVehicle
1061048;08:47:50;628622.9048269697 5805131.256306485;627498.1724596496 5810012.366902584;PersonalVehicle
1098951;08:47:51;631445.6550305946 5801072.111157832;625491.0666398834 5803437.065327858;PersonalVehicle
1074157;08:47:53;627658.2474698966 5802388.063000301;625506.3564786583 5800324.4571683705;PersonalVehicle
715685;08:47:54;634266.520278123 5803737.794336154;627986.8029331403 5801519.462108625;PersonalVehicle
1064351;08:47:54;625506.3564786583 5800324.4571683705;628905.7003176126 5801895.500278072;PersonalVehicle
1105892;08:47:55;631816.7150604685 5801990.791499877;632021.7736085482 5803155.444468683;PersonalVehicle
1041591;08:47:57;626337.8320200504 5804687.684667498;625999.954906985 5805186.045960661;PersonalVehicle
1058700;08:47:58;629617.0289763304 5804062.3636753205;628656.49132663 5804050.528119213;PersonalVehicle
1019402;08:47:59;627260.045519938 5805318.3731509615;625495.2665135056 5806727.877555828;PersonalVehicle
1007991;08:47:59;631256.5725243548 5807018.131987936;625495.2665135056 5806727.877555828;PersonalVehicle
1075961;08:48:00;628981.530835796 5801697.993070083;628489.6611305921 5804116.336087887;PersonalVehicle
1045226;08:48:00;625506.3564786583 5800324.4571683705;626427.4671590739 5804303.781132455;PersonalVehicle
1102503;08:48:00;631485.4454288441 5808072.880863261;631485.4454288441 5808072.880863261;PersonalVehicle
1101730;08:48:02;631885.4502823493 5801994.578393645;632283.4730826577 5802029.970301682;PersonalVehicle
1045302;08:48:02;626276.0289573421 5803921.518208967;629325.8957124136 5804378.001004245;PersonalVehicle
1065581;08:48:02;627938.1301549373 5804400.215521466;627875.908696659 5804376.570581326;PersonalVehicle
1069033;08:48:03;628772.1654038249 5803112.119327519;629202.406539912 5804483.011898136;PersonalVehicle
1015030;08:48:03;628529.0369051537 5809204.766167962;628056.3434392614 5802000.078664042;PersonalVehicle
1038331;08:48:03;627135.5434795183 5803271.6428058725;628548.9542111605 5805411.936042175;PersonalVehicle
1106156;08:48:04;632205.471869986 5802888.923906699;629491.151941918 5803788.824715618;PersonalVehicle
978566;08:48:05;625495.2665135056 5806727.877555828;631202.0338773656 5800425.023190929;PersonalVehicle
919371;08:48:05;627852.7608317941 5802355.941338132;625495.2665135056 5806727.877555828;PersonalVehicle
1063904;08:48:05;628707.9697139078 5804704.230680567;632357.7464165204 5800288.209577048;PersonalVehicle
1031960;08:48:06;627550.3039820569 5805217.06268831;627710.86832229 5804644.890415383;PersonalVehicle
1080858;08:48:06;626369.4849190569 5802027.595058256;627203.5334153118 5803788.858925231;PersonalVehicle
1067132;08:48:07;627935.2792588074 5804047.430165985;625495.2665135056 5806727.877555828;PersonalVehicle
1010875;08:48:07;628491.7544973522 5808024.659420108;633672.1088953787 5801895.047217489;PersonalVehicle
1050849;08:48:08;634266.520278123 5803737.794336154;626083.7244144867 5802615.938305622;PersonalVehicle
716020;08:48:08;633672.1088953787 5801895.047217489;627759.711739664 5802219.204860039;PersonalVehicle
866085;08:48:08;629009.2746155501 5803655.256771322;627498.1724596496 5810012.366902584;PersonalVehicle
1102764;08:48:09;630377.2935286161 5799276.878224155;631555.3088013869 5804506.095034593;PersonalVehicle
1004965;08:48:15;625495.2665135056 5806727.877555828;633575.1732539998 5806399.33767092;PersonalVehicle
1113018;08:48:15;633672.1088953787 5801895.047217489;630054.784074881 5809080.69627326;PersonalVehicle
1100266;08:48:15;631690.2106121188 5801961.453764859;630500.8192093951 5802316.294848767;PersonalVehicle
1104069;08:48:16;631778.0736681275 5803104.594586067;632357.7464165204 5800288.209577048;PersonalVehicle
1148549;08:48:16;625506.3564786583 5800324.4571683705;632351.8258137279 5807656.3513367325;PersonalVehicle
1014361;08:48:17;631913.9173730104 5808124.069404383;628864.4546440584 5809268.492941518;PersonalVehicle
980227;08:48:18;627498.1724596496 5810012.366902584;630866.3617678819 5803533.677081497;PersonalVehicle
1090147;08:48:18;625506.3564786583 5800324.4571683705;627206.2296011467 5801033.528783644;PersonalVehicle
1107094;08:48:19;632283.277143112 5803322.293712803;632063.4564551027 5802696.921337412;PersonalVehicle
1093894;08:48:20;630398.494890804 5802862.24272053;630681.8449000071 5802006.7286591865;PersonalVehicle
1065730;08:48:21;628047.4222104644 5804033.881196337;628169.293340008 5804389.687131959;PersonalVehicle
1037772;08:48:22;627668.5894696875 5803593.895244148;626098.4582382615 5802061.978531187;PersonalVehicle
1060838;08:48:22;627614.2561473725 5806206.600661553;627967.4057436839 5805900.599005796;PersonalVehicle
1079737;08:48:23;631828.4497002997 5803276.109688482;629748.0162589189 5801887.523168637;PersonalVehicle
1087725;08:48:23;630377.2935286161 5799276.878224155;629434.6190579305 5800802.511532116;PersonalVehicle
1043029;08:48:24;626386.960195959 5804638.95165817;629010.3166386795 5801806.855381383;PersonalVehicle
1076724;08:48:25;628550.4550587924 5801832.989269216;630377.2935286161 5799276.878224155;PersonalVehicle
1094292;08:48:27;625506.3564786583 5800324.4571683705;628996.1845798206 5804796.928365021;PersonalVehicle
1100838;08:48:28;631732.034727212 5802184.641884933;631796.8124201794 5802730.417211788;PersonalVehicle
1069595;08:48:28;630247.3449509192 5803706.6372276;625495.2665135056 5806727.877555828;PersonalVehicle
1033929;08:48:28;627437.7388532151 5804667.920565924;629131.863105172 5804143.733652775;PersonalVehicle
1074878;08:48:29;628623.6861323591 5802059.652793821;627428.7605810728 5802182.693347299;PersonalVehicle
1088824;08:48:29;629512.3278618652 5800728.959085493;632283.7257761679 5801831.97075967;PersonalVehicle
1014955;08:48:30;629610.3684681826 5809350.088014259;625495.2665135056 5806727.877555828;PersonalVehicle
1058129;08:48:31;631663.0558420566 5802047.3879293725;630797.7332513124 5800453.07208524;PersonalVehicle
1006626;08:48:32;631850.947887998 5806311.519778716;632055.9287830114 5807017.530004883;PersonalVehicle
976111;08:48:32;625495.2665135056 5806727.877555828;628903.7159724354 5801821.228417443;PersonalVehicle
1011679;08:48:34;628617.0840058391 5808556.071395741;631697.487179827 5807281.629769337;PersonalVehicle
1032021;08:48:34;627619.1587397726 5805512.292048591;625506.3564786583 5800324.4571683705;PersonalVehicle
1040435;08:48:35;626871.7625493044 5802648.485145557;627829.6837391553 5803387.93898715;PersonalVehicle
899780;08:48:36;627498.1724596496 5810012.366902584;628833.3082185576 5803620.17785496;PersonalVehicle
1038693;08:48:39;626770.414031141 5802769.650641345;627791.0209406363 5803232.309737716;PersonalVehicle
1014573;08:48:40;629357.1555103337 5809645.112081814;625495.2665135056 5806727.877555828;PersonalVehicle
468755;08:48:41;634266.520278123 5803737.794336154;628772.1654038249 5803112.119327519;PersonalVehicle
1096573;08:48:42;631242.9468316019 5802794.266210587;625495.2665135056 5806727.877555828;PersonalVehicle
1106783;08:48:43;632110.9602512275 5803065.125566771;632211.197523335 5802863.209798369;PersonalVehicle
894678;08:48:44;630166.0557542439 5806946.74947428;627498.1724596496 5810012.366902584;PersonalVehicle
1051398;08:48:45;631212.3493044786 5802306.04602522;626119.4131436744 5802984.768976751;PersonalVehicle
1008238;08:48:45;631803.5072481579 5807495.644983856;630806.311575887 5806054.356415021;PersonalVehicle
1007621;08:48:49;631856.318686568 5807574.415785871;631826.7196926858 5806999.270995182;PersonalVehicle
1091154;08:48:49;626947.5733088838 5801136.942884787;625506.3564786583 5800324.4571683705;PersonalVehicle
1403389;08:48:51;626746.8456145632 5804248.806145728;625506.3564786583 5800324.4571683705;PersonalVehicle
1062210;08:48:54;626105.5767238834 5805303.779615377;627772.86589198 5805974.62479314;PersonalVehicle
1115509;08:48:55;633672.1088953787 5801895.047217489;632484.4944459741 5800630.353611358;PersonalVehicle
1046644;08:48:57;625591.1293777109 5804280.215894996;634266.520278123 5803737.794336154;PersonalVehicle
960190;08:48:57;625495.2665135056 5806727.877555828;626380.0499466985 5803522.770486812;PersonalVehicle
1049998;08:48:58;626619.1669544128 5803666.275927552;626370.3700672213 5803877.012787543;PersonalVehicle
1052776;08:49:00;626104.3855895363 5801679.930358938;625506.3564786583 5800324.4571683705;PersonalVehicle
1042652;08:49:00;625948.7236310604 5805167.16336681;625756.9171724792 5805006.153257366;PersonalVehicle
1081469;08:49:02;628635.4938941959 5803013.769446913;626554.1743207293 5801385.438735811;PersonalVehicle
788230;08:49:02;632357.7464165204 5800288.209577048;632484.2311996995 5807308.047919606;PersonalVehicle
1070837;08:49:04;630508.4160076453 5804061.610644917;628960.0787053512 5804831.877158074;PersonalVehicle
1036115;08:49:06;630377.2935286161 5799276.878224155;627035.1667512426 5803413.653566224;PersonalVehicle
1069536;08:49:06;630218.0995961064 5803007.756760971;633627.018561982 5806363.396073838;PersonalVehicle
1063493;08:49:06;627706.6647297242 5806270.970099151;627777.680718045 5804539.545469216;PersonalVehicle
1152461;08:49:07;625506.3564786583 5800324.4571683705;627744.6743728966 5808923.4367638985;PersonalVehicle
1098261;08:49:07;630840.1588021718 5801077.479531698;631221.924755476 5800804.204701516;PersonalVehicle
1095229;08:49:07;630272.1162520046 5802541.930726621;630912.3397468489 5802239.821739748;PersonalVehicle
1047174;08:49:07;627038.6169547328 5804079.647362157;626680.9287473842 5804606.631207771;PersonalVehicle
1040342;08:49:08;627643.4196734293 5803041.26557105;627507.1874553807 5803186.126960942;PersonalVehicle
1046419;08:49:08;626033.9545335203 5804055.7243031;625524.2718818779 5804666.103768146;PersonalVehicle
1098742;08:49:08;630909.8481660523 5801132.409375125;630407.196385896 5802202.688864104;PersonalVehicle
1103430;08:49:09;629727.9900661465 5803256.989028841;632445.3793815664 5803714.741883196;PersonalVehicle
1069644;08:49:09;630767.3105592602 5804073.544103911;625506.3564786583 5800324.4571683705;PersonalVehicle
1057435;08:49:10;629244.0471156397 5803903.989630683;625495.2665135056 5806727.877555828;PersonalVehicle
1120355;08:49:10;633672.1088953787 5801895.047217489;632852.3820547535 5801300.601409536;PersonalVehicle
1005362;08:49:10;631452.227477807 5807283.703979947;631913.9173730104 5808124.069404383;PersonalVehicle
1101244;08:49:11;631898.4983616038 5802479.786306221;631628.5877935853 5802020.73768748;PersonalVehicle
1105244;08:49:11;631840.6015343352 5802771.50425104;631684.0471793793 5803328.606478151;PersonalVehicle
1012144;08:49:11;630892.3925079007 5808180.770187417;631655.6113887224 5806984.173667976;PersonalVehicle
1061580;08:49:13;626160.9231512569 5807240.189786335;627659.8315420637 5806790.8268281035;PersonalVehicle
1058157;08:49:13;625764.2798816212 5805221.582113864;629416.0516101727 5804184.984002759;PersonalVehicle
1042966;08:49:13;626744.4737926407 5805437.9992138455;626157.7332350763 5805228.969128136;PersonalVehicle
1050281;08:49:14;626193.1598951607 5802058.77167535;626193.1598951607 5802058.77167535;PersonalVehicle
1102780;08:49:14;631891.7549651995 5804290.156602468;631901.7368514746 5803094.88755914;PersonalVehicle
1052185;08:49:15;625759.6145286234 5801673.927840245;634266.520278123 5803737.794336154;PersonalVehicle
1066508;08:49:16;628068.2958346044 5803604.847362356;628068.2958346044 5803604.847362356;PersonalVehicle
1039904;08:49:16;626689.4056849079 5802696.706478966;627863.0422339342 5803335.654993968;PersonalVehicle
1056726;08:49:16;625506.3564786583 5800324.4571683705;629008.3896024948 5803729.874978542;PersonalVehicle
1094621;08:49:16;630539.2360476017 5802497.094201452;630295.5200798211 5802485.885663876;PersonalVehicle
1122081;08:49:17;633672.1088953787 5801895.047217489;632236.2624804114 5801653.8135127975;PersonalVehicle
1061656;08:49:17;628782.540819269 5804969.672248545;627676.8411995575 5806367.882201404;PersonalVehicle
1049430;08:49:18;626051.9107121641 5803792.453366098;629959.2394006621 5803004.03813115;PersonalVehicle
1078842;08:49:19;630377.2935286161 5799276.878224155;629539.033221157 5801649.615762187;PersonalVehicle
1061077;08:49:20;628403.5429032866 5805240.501919267;625495.2665135056 5806727.877555828;PersonalVehicle
1104434;08:49:21;632019.6250259758 5802958.866374661;627548.7385243262 5806183.780348391;PersonalVehicle
1085740;08:49:21;632357.7464165204 5800288.209577048;628945.613407287 5800879.8483010605;PersonalVehicle
1064027;08:49:22;628093.532901294 5805075.452344478;625506.3564786583 5800324.4571683705;PersonalVehicle
1024184;08:49:22;625506.3564786583 5800324.4571683705;627297.02440533 5800869.378325583;PersonalVehicle
1034742;08:49:22;627727.3466977271 5804619.087406178;625506.3564786583 5800324.4571683705;PersonalVehicle
1082226;08:49:22;626857.8087765888 5801412.741019595;628881.1562877445 5804589.565074216;PersonalVehicle
999824;08:49:23;631913.9173730104 5808124.069404383;628598.5724337942 5809193.22299268;PersonalVehicle
1148364;08:49:24;625506.3564786583 5800324.4571683705;626098.4582382615 5802061.978531187;PersonalVehicle
1012553;08:49:26;631913.9173730104 5808124.069404383;630279.4794353906 5808107.114934811;PersonalVehicle
1158785;08:49:27;634266.520278123 5803737.794336154;628835.1168756263 5804079.4752874775;PersonalVehicle
1131702;08:49:28;628901.8270655539 5800960.529596601;625506.3564786583 5800324.4571683705;PersonalVehicle
1020765;08:49:30;625506.3564786583 5800324.4571683705;627782.8932245297 5801497.869866847;PersonalVehicle
1071492;08:49:32;629509.9212079684 5804366.691862547;629889.3076511597 5802930.851710841;PersonalVehicle
1106542;08:49:32;632088.1508188925 5803084.056529115;632193.4207707898 5802752.386906448;PersonalVehicle
1009980;08:49:33;630327.4081871809 5806820.264620076;629167.6823013048 5808617.7749020755;PersonalVehicle
1061784;08:49:33;625495.2665135056 5806727.877555828;627671.4501543092 5806218.626162065;PersonalVehicle
1098735;08:49:34;632562.7914325183 5800755.161093665;629972.768322968 5801902.610408675;PersonalVehicle
1009201;08:49:34;630002.9290175942 5807061.24629532;632357.7464165204 5800288.209577048;PersonalVehicle
1015743;08:49:36;625495.2665135056 5806727.877555828;625844.2509112863 5805239.631492762;PersonalVehicle
1037721;08:49:37;627084.7409531323 5803435.018572038;626728.6705982217 5801263.441952379;PersonalVehicle
1033687;08:49:37;627147.6883508249 5804876.235394392;626223.8162465488 5805431.439547361;PersonalVehicle
1047229;08:49:42;626425.3344328532 5804352.067611438;625495.2665135056 5806727.877555828;PersonalVehicle
1081037;08:49:43;626530.3137059622 5801688.278714276;627282.5555706738 5803386.843972285;PersonalVehicle
1438220;08:49:43;625506.3564786583 5800324.4571683705;628853.0373591364 5803645.428743235;PersonalVehicle
956233;08:49:43;625506.3564786583 5800324.4571683705;628158.8943062131 5806121.6863561;PersonalVehicle
1043691;08:49:43;626637.3152325042 5804762.720753466;626637.3152325042 5804762.720753466;PersonalVehicle
1064347;08:49:44;628282.404575583 5805069.881055745;625495.2665135056 5806727.877555828;PersonalVehicle
404201;08:49:45;634266.520278123 5803737.794336154;627902.5306169394 5800799.423858663;PersonalVehicle
1047066;08:49:45;633672.1088953787 5801895.047217489;626746.8456145632 5804248.806145728;PersonalVehicle
1087884;08:49:46;630377.2935286161 5799276.878224155;629514.8380696664 5800771.643534876;PersonalVehicle
1106219;08:49:47;632074.5417692002 5803339.921795378;631000.0589057358 5805006.252173184;PersonalVehicle
1052562;08:49:51;626023.8197374183 5801412.210272363;625824.2448667713 5801275.50047752;PersonalVehicle
1029685;08:49:51;625506.3564786583 5800324.4571683705;628165.2372296272 5804497.180443121;PersonalVehicle
1094064;08:49:53;625506.3564786583 5800324.4571683705;630491.5017467599 5802406.250360117;PersonalVehicle
1105824;08:49:53;632009.3927653639 5803477.699141286;633288.9395914334 5802396.867473986;PersonalVehicle
1006188;08:49:54;632638.782666954 5806596.390498405;632836.2536034083 5806661.720966222;PersonalVehicle
396518;08:49:55;632053.5850358617 5802738.827483449;634266.520278123 5803737.794336154;PersonalVehicle
1063663;08:49:57;628393.3127165679 5804551.4808485415;625506.3564786583 5800324.4571683705;PersonalVehicle
1056090;08:49:58;625506.3564786583 5800324.4571683705;628553.2684270595 5804246.096359751;PersonalVehicle
1080817;08:49:58;626414.6233106918 5801780.102811833;625495.2665135056 5806727.877555828;PersonalVehicle
1101908;08:49:59;631843.4473428256 5804057.959522463;629517.3644480819 5804214.205285139;PersonalVehicle
1082350;08:49:59;626685.710402554 5800913.558467692;625506.3564786583 5800324.4571683705;PersonalVehicle
1106083;08:50:00;632344.064047223 5802985.245844591;629874.1325942859 5802887.223430956;PersonalVehicle
1058156;08:50:01;629512.5288639993 5803762.518568086;633672.1088953787 5801895.047217489;PersonalVehicle
1052407;08:50:03;625500.0114757745 5801195.096353195;633672.1088953787 5801895.047217489;PersonalVehicle
1035319;08:50:03;627747.2555608443 5805143.090222279;625506.3564786583 5800324.4571683705;PersonalVehicle
1100371;08:50:04;632304.6182602086 5802279.1677343305;632357.7464165204 5800288.209577048;PersonalVehicle
1013914;08:50:04;630550.220721561 5807950.826871881;630098.4450726254 5805303.510302697;PersonalVehicle
1094357;08:50:04;630722.4317790872 5802032.928579765;628653.9893833526 5802272.117146171;PersonalVehicle
1049313;08:50:07;626294.7425787165 5803264.518741311;632357.7464165204 5800288.209577048;PersonalVehicle
762663;08:50:08;632357.7464165204 5800288.209577048;628531.7547483239 5802987.010303796;PersonalVehicle
866085;08:50:09;627498.1724596496 5810012.366902584;629009.2746155501 5803655.256771322;PersonalVehicle
1052106;08:50:11;625912.0380042201 5802012.989858529;632357.7464165204 5800288.209577048;PersonalVehicle
1005338;08:50:11;633517.336878658 5806528.049970281;633220.1497490003 5806689.653633096;PersonalVehicle
1034960;08:50:12;627437.8690956323 5804112.871483515;628660.2776503966 5802465.430559248;PersonalVehicle
1024774;08:50:13;625495.2665135056 5806727.877555828;627792.1184487963 5805910.977542348;PersonalVehicle
1016470;08:50:14;625506.3564786583 5800324.4571683705;625844.2509112863 5805239.631492762;PersonalVehicle
1079996;08:50:15;629881.8211133864 5802008.65897401;630682.2010257761 5803924.171811465;PersonalVehicle
1049350;08:50:17;626269.1600249398 5803421.087288678;626687.1123910596 5803567.737756286;PersonalVehicle
1069099;08:50:17;631913.9173730104 5808124.069404383;628726.2920678256 5802913.533945236;PersonalVehicle
1439301;08:50:18;625506.3564786583 5800324.4571683705;628216.459334457 5804524.829016073;PersonalVehicle
1063998;08:50:19;627829.3318760206 5804625.86180658;627749.9605234846 5804967.012646273;PersonalVehicle
1000429;08:50:20;631913.9173730104 5808124.069404383;631364.6081586087 5807242.728100161;PersonalVehicle
1107395;08:50:21;632127.2817727483 5803223.945378593;629951.4921724 5803777.438083253;PersonalVehicle
1012578;08:50:22;631850.072578053 5806850.816632603;630502.8943372471 5808655.2401581025;PersonalVehicle
1089736;08:50:25;625506.3564786583 5800324.4571683705;625983.351088705 5801322.6114751175;PersonalVehicle
1071235;08:50:26;629706.053569471 5803320.038827468;632376.173102557 5804191.468277599;PersonalVehicle
1110761;08:50:27;632357.7464165204 5800288.209577048;629764.8353008265 5801683.446531978;PersonalVehicle
1038209;08:50:29;627349.324188755 5802246.1236496465;627185.6686055749 5803689.452671672;PersonalVehicle
1096623;08:50:29;631549.7569431335 5802736.404548624;633672.1088953787 5801895.047217489;PersonalVehicle
1065906;08:50:31;628328.4693045744 5804428.043835543;629038.4369679705 5801966.918582197;PersonalVehicle
1056105;08:50:32;625495.2665135056 5806727.877555828;626225.1286656999 5805142.056272241;PersonalVehicle
1085763;08:50:32;629535.8696664472 5801180.3460211335;628735.8464356803 5803586.361013435;PersonalVehicle
1066318;08:50:32;627966.4445476289 5804072.198839808;628488.7265195028 5803697.786391777;PersonalVehicle
1049810;08:50:34;625976.8192566043 5803374.895044122;627152.0975485761 5803721.077980432;PersonalVehicle
993568;08:50:35;629777.5438710939 5804266.393284565;631913.9173730104 5808124.069404383;PersonalVehicle
1053901;08:50:35;628214.3319378032 5804301.345902318;625506.3564786583 5800324.4571683705;PersonalVehicle
1075037;08:50:37;628822.7612351702 5802034.41038074;629119.6222089572 5801281.73151337;PersonalVehicle
1007842;08:50:37;631819.4690798903 5807429.219625197;632754.4996108742 5807295.099885398;PersonalVehicle
1033467;08:50:37;627643.6640138433 5805507.60919265;628216.3418042359 5805999.845178283;PersonalVehicle
1067118;08:50:38;627810.0683922371 5804206.952242888;626989.143395781 5804189.552435398;PersonalVehicle
872811;08:50:38;627498.1724596496 5810012.366902584;628939.9432972077 5801673.846664116;PersonalVehicle
1134209;08:50:39;625506.3564786583 5800324.4571683705;625626.0751474472 5800484.624485595;PersonalVehicle
824517;08:50:39;632357.7464165204 5800288.209577048;630565.3748379021 5802043.917374588;PersonalVehicle
879161;08:50:39;627498.1724596496 5810012.366902584;631179.8730608054 5806458.828456851;PersonalVehicle
1035892;08:50:39;628276.9437741404 5806272.577048494;627383.0429994047 5803981.828242099;PersonalVehicle
1014629;08:50:40;628379.7025628666 5809774.626978205;634266.520278123 5803737.794336154;PersonalVehicle
1074188;08:50:41;627602.8043835739 5802176.187336432;625506.3564786583 5800324.4571683705;PersonalVehicle
657832;08:50:41;628511.1769708943 5803139.722678944;633672.1088953787 5801895.047217489;PersonalVehicle
1124484;08:50:42;630377.2935286161 5799276.878224155;628466.5919590613 5803561.022317982;PersonalVehicle
1069737;08:50:42;631287.6740526621 5803850.862631105;631913.9173730104 5808124.069404383;PersonalVehicle
1105458;08:50:43;632052.5694464033 5802959.093723777;626563.876875274 5801525.984257275;PersonalVehicle
1005444;08:50:44;633043.6670366549 5806669.28269552;633043.6670366549 5806669.28269552;PersonalVehicle
1068747;08:50:45;628755.016796663 5802843.53910673;629156.0010036905 5803352.6411407245;PersonalVehicle
1084193;08:50:48;627779.9325401192 5801256.806530017;630377.2935286161 5799276.878224155;PersonalVehicle
1009873;08:50:48;630079.786004849 5805936.167357953;630891.055432284 5802302.842785555;PersonalVehicle
1079451;08:50:50;629629.8825801435 5802265.892454559;630424.7585196282 5805249.971607047;PersonalVehicle
710300;08:50:50;634266.520278123 5803737.794336154;628778.9322972193 5804586.818939735;PersonalVehicle
1042094;08:50:52;625622.6522493558 5804626.876193858;626016.4826930059 5804854.026426334;PersonalVehicle
1048852;08:50:54;626614.7199872634 5803315.2441132;625495.2665135056 5806727.877555828;PersonalVehicle
1117150;08:50:54;632357.7464165204 5800288.209577048;628628.0558705566 5803974.730922846;PersonalVehicle
1036877;08:50:55;626590.5257873106 5804294.433071003;627014.0606923645 5803241.284564183;PersonalVehicle
991501;08:50:55;631913.9173730104 5808124.069404383;631188.8022892226 5808104.200923008;PersonalVehicle
1150113;08:50:56;625506.3564786583 5800324.4571683705;628720.5934792301 5801530.167496028;PersonalVehicle
396437;08:50:56;627724.5648744679 5806309.783846527;634266.520278123 5803737.794336154;PersonalVehicle
1009499;08:50:59;630259.6060940003 5806129.183656988;632061.9186448583 5804679.073287789;PersonalVehicle
1051941;08:51:01;626020.3957692332 5802107.868181901;625506.3564786583 5800324.4571683705;PersonalVehicle
1112009;08:51:01;633672.1088953787 5801895.047217489;626062.4278579333 5807010.066723977;PersonalVehicle
1081026;08:51:01;630377.2935286161 5799276.878224155;626310.9227911005 5802081.889950912;PersonalVehicle
1008034;08:51:03;631446.6154112027 5807164.800320905;631569.757023359 5806317.369189693;PersonalVehicle
1104471;08:51:03;631810.6607556324 5803108.80866664;629355.0980348124 5800494.394302789;PersonalVehicle
1005546;08:51:07;631370.5357159143 5807169.241695104;632610.8938375877 5806954.627840641;PersonalVehicle
825678;08:51:08;630213.9365611871 5806079.6077542305;632357.7464165204 5800288.209577048;PersonalVehicle
1057186;08:51:09;625495.2665135056 5806727.877555828;630696.1823593138 5807223.231866254;PersonalVehicle
1092455;08:51:09;630601.1897881002 5802171.0732132085;627654.6225664736 5802315.271768115;PersonalVehicle
1032894;08:51:10;627509.3256130791 5805548.622945551;627571.866178573 5805372.826396607;PersonalVehicle
1077046;08:51:11;629535.2904864757 5801788.285099121;629299.0919773394 5802501.823643623;PersonalVehicle
1048085;08:51:13;626462.3165527731 5803761.5490933135;626167.5699689782 5801902.4411957115;PersonalVehicle
1005477;08:51:13;633250.8555540092 5806608.259048795;630790.8909075339 5808436.3796296865;PersonalVehicle
1079070;08:51:13;628897.7444735093 5802363.474913356;629012.4526110378 5802397.814449679;PersonalVehicle
1037747;08:51:13;627467.7871708171 5803911.293646204;631404.6190968377 5806881.290996374;PersonalVehicle
1128342;08:51:14;625506.3564786583 5800324.4571683705;631034.6855237602 5802315.624724213;PersonalVehicle
1036759;08:51:14;627608.2626849718 5803670.210756888;625495.2665135056 5806727.877555828;PersonalVehicle
1245712;08:51:14;625506.3564786583 5800324.4571683705;627659.7002214715 5802084.816760298;PersonalVehicle
1096200;08:51:14;631191.8292384502 5802239.013853323;632357.7464165204 5800288.209577048;PersonalVehicle
1108599;08:51:16;630409.4522286502 5801141.427477022;630572.6769436818 5801012.759034143;PersonalVehicle
1031973;08:51:19;627646.8370083862 5805371.11226022;629770.4756186071 5806133.4911989495;PersonalVehicle
1077584;08:51:19;629523.6568795186 5802011.490724075;629264.5324871129 5802428.953397323;PersonalVehicle
1107326;08:51:24;632357.7464165204 5800288.209577048;632444.7035721204 5802996.503481722;PersonalVehicle
1045124;08:51:25;625506.3564786583 5800324.4571683705;626675.8322478811 5804242.44572357;PersonalVehicle
1064094;08:51:26;628268.9328482876 5804953.8030889565;629619.7486938657 5804189.23866807;PersonalVehicle
1009011;08:51:27;629919.0027781706 5806342.179832717;629924.8630304594 5805790.850419819;PersonalVehicle
1095453;08:51:28;628940.3373766027 5802403.548066643;625506.3564786583 5800324.4571683705;PersonalVehicle
862574;08:51:29;631913.9173730104 5808124.069404383;632299.1190314569 5807407.92331405;PersonalVehicle
1032831;08:51:31;625495.2665135056 5806727.877555828;627265.3533325217 5804719.935354041;PersonalVehicle
1101419;08:51:32;631573.0105687418 5802206.453722969;631208.8055555155 5803341.4430314405;PersonalVehicle
1062401;08:51:33;628376.9302552791 5805319.513019231;625495.2665135056 5806727.877555828;PersonalVehicle
1006674;08:51:34;631913.9173730104 5808124.069404383;631801.6062525926 5807113.491995005;PersonalVehicle
1006437;08:51:34;632355.1711387788 5807644.8495459305;628489.3936139954 5808798.182637141;PersonalVehicle
1544081;08:51:35;625506.3564786583 5800324.4571683705;629221.2286101182 5801483.766796162;PersonalVehicle
1152857;08:51:36;625506.3564786583 5800324.4571683705;630421.227478742 5801373.1259050965;PersonalVehicle
1086316;08:51:38;629947.8311720241 5801585.139129269;628923.4252538775 5803519.378434;PersonalVehicle
1074939;08:51:38;626785.7244125834 5801151.851559548;628882.0818203108 5802264.271017242;PersonalVehicle
1104143;08:51:40;632013.9225051096 5803191.100072822;625506.3564786583 5800324.4571683705;PersonalVehicle
1099327;08:51:41;631912.2108304803 5801582.085623308;627498.1724596496 5810012.366902584;PersonalVehicle
1067305;08:51:44;627451.7027691546 5801219.133277235;627451.7027691546 5801219.133277235;PersonalVehicle
1051896;08:51:48;625732.246274221 5801989.41844474;630377.2935286161 5799276.878224155;PersonalVehicle
1016471;08:51:51;626612.531272214 5804754.774820538;625495.2665135056 5806727.877555828;PersonalVehicle
960048;08:51:51;625495.2665135056 5806727.877555828;630452.1050871033 5805386.0600502;PersonalVehicle
790089;08:51:51;633672.1088953787 5801895.047217489;625626.0751474472 5800484.624485595;PersonalVehicle
1032177;08:51:52;627295.1858162202 5804599.809889351;630708.257560161 5802445.667924338;PersonalVehicle
959011;08:51:56;625506.3564786583 5800324.4571683705;629487.9087957283 5802688.188218867;PersonalVehicle
1015351;08:51:57;631913.9173730104 5808124.069404383;628824.9702047087 5809119.705755772;PersonalVehicle
1006090;08:51:57;633001.8014217156 5806690.46613169;632358.8309586486 5806864.558553951;PersonalVehicle
1077244;08:51:58;629664.9282216154 5801624.996952449;625495.2665135056 5806727.877555828;PersonalVehicle
1037986;08:51:59;627271.0715191882 5803618.059366032;626672.8032553582 5803035.54268316;PersonalVehicle
1071221;08:51:59;631275.4879891969 5803915.205327912;630562.9793140953 5803250.247162943;PersonalVehicle
1103651;08:51:59;631913.9173730104 5808124.069404383;631794.5899009233 5804797.174059304;PersonalVehicle
1045970;08:52:00;626962.1591123748 5803927.523850056;627371.8937730733 5804254.364805768;PersonalVehicle
1042141;08:52:01;625811.1053917985 5805103.181261698;625495.2665135056 5806727.877555828;PersonalVehicle
824776;08:52:03;632357.7464165204 5800288.209577048;629683.807315632 5800704.019607647;PersonalVehicle
1007842;08:52:04;632135.7099142359 5807729.501308159;631819.4690798903 5807429.219625197;PersonalVehicle
1049963;08:52:04;625558.7343430208 5803213.871307765;627010.4449179685 5803667.597046348;PersonalVehicle
1073549;08:52:04;628178.9312406889 5802631.6206341;626967.9402296414 5803391.247384807;PersonalVehicle
1066381;08:52:05;627810.0683922371 5804206.952242888;627810.0683922371 5804206.952242888;PersonalVehicle
1096140;08:52:07;630991.2950422824 5802648.433207295;630794.6584314047 5802088.37041341;PersonalVehicle
1010216;08:52:07;630271.3372898784 5806748.011711537;630299.8327210685 5807074.452234123;PersonalVehicle
1002747;08:52:08;630918.5978556392 5806020.213071644;630377.2935286161 5799276.878224155;PersonalVehicle
1020055;08:52:09;625506.3564786583 5800324.4571683705;628181.3878149181 5802273.613506154;PersonalVehicle
1110071;08:52:10;628922.1157043936 5801768.005688698;632357.7464165204 5800288.209577048;PersonalVehicle
1075184;08:52:11;628811.3030798427 5802125.378666811;627444.4895450085 5804058.801055471;PersonalVehicle
1037993;08:52:11;626851.6468245198 5803521.958204138;625506.3564786583 5800324.4571683705;PersonalVehicle
1074601;08:52:12;627972.0338647539 5802672.841713441;627356.7338046618 5802101.784081716;PersonalVehicle
1099676;08:52:15;632014.5515943599 5800474.609423232;630377.2935286161 5799276.878224155;PersonalVehicle
1034206;08:52:16;627313.7153497445 5804284.291567909;630330.3437520496 5802751.318970617;PersonalVehicle
1036119;08:52:16;627419.9092459119 5803679.206163973;630377.2935286161 5799276.878224155;PersonalVehicle
1004859;08:52:17;632593.5676146955 5806676.3861166835;632357.7464165204 5800288.209577048;PersonalVehicle
1099233;08:52:18;630909.8481660523 5801132.409375125;631122.0499529041 5800878.2886565905;PersonalVehicle
1095453;08:52:18;630766.3402107867 5802662.900092985;628940.3373766027 5802403.548066643;PersonalVehicle
1052335;08:52:19;626435.5685004033 5804646.388667314;625922.9846337134 5801408.921511389;PersonalVehicle
1062021;08:52:20;627410.8110807566 5803992.355492909;628158.7438235037 5805773.675626773;PersonalVehicle
1000036;08:52:21;627498.1724596496 5810012.366902584;630047.7526050071 5802112.343174834;PersonalVehicle
1068189;08:52:23;628809.7699754271 5802895.598334554;630377.2935286161 5799276.878224155;PersonalVehicle
1043316;08:52:24;625798.3161837355 5804617.690818075;631913.9173730104 5808124.069404383;PersonalVehicle
1055641;08:52:24;625495.2665135056 5806727.877555828;628499.4550027696 5805850.181634248;PersonalVehicle
1067482;08:52:24;628005.1949232138 5804243.876490572;628152.8706123764 5803996.5775785465;PersonalVehicle
1013529;08:52:25;630435.8228308634 5808576.992746868;627498.1724596496 5810012.366902584;PersonalVehicle
1003886;08:52:25;632602.4491631937 5806105.537950319;633210.1287477053 5805788.719339453;PersonalVehicle
1105963;08:52:27;632386.8224625224 5803355.263340449;629478.8754506689 5803754.605074399;PersonalVehicle
1074072;08:52:27;628401.8491967795 5804249.445728675;627231.8813724902 5802219.331363555;PersonalVehicle
1041904;08:52:28;626466.7681492879 5804794.500986181;625495.2665135056 5806727.877555828;PersonalVehicle
1073205;08:52:28;628230.0482288261 5802205.152987165;632357.7464165204 5800288.209577048;PersonalVehicle
970533;08:52:28;627498.1724596496 5810012.366902584;630117.6102555951 5805275.438186012;PersonalVehicle
875349;08:52:29;627498.1724596496 5810012.366902584;629375.1584335521 5803452.2632960705;PersonalVehicle
1101044;08:52:29;632214.0619962821 5802079.853510532;631780.339281392 5801878.109519877;PersonalVehicle
1260136;08:52:31;629229.7556709095 5803680.5087582655;625506.3564786583 5800324.4571683705;PersonalVehicle
1071648;08:52:31;630269.1966097826 5803835.679998752;630448.1124843415 5803900.326182422;PersonalVehicle
1055874;08:52:32;625506.3564786583 5800324.4571683705;628585.8049475907 5801971.435891564;PersonalVehicle
1059856;08:52:33;628996.1845798206 5804796.928365021;630377.2935286161 5799276.878224155;PersonalVehicle
1048758;08:52:34;626244.872256563 5803480.113815591;627765.8879206235 5803563.924988996;PersonalVehicle
1061490;08:52:35;628502.3035598363 5805915.409274959;625790.2420506442 5804773.422554952;PersonalVehicle
1058318;08:52:35;629679.153242025 5803961.390672714;627498.1724596496 5810012.366902584;PersonalVehicle
1059289;08:52:36;629090.2377488716 5803878.826534527;628022.6860925705 5803409.616152308;PersonalVehicle
1014931;08:52:36;629462.7173795888 5809559.776565867;631913.9173730104 5808124.069404383;PersonalVehicle
1063598;08:52:36;628618.6688995525 5804480.817965233;625506.3564786583 5800324.4571683705;PersonalVehicle
1084004;08:52:37;627870.1547222504 5801374.361899983;627860.5512734187 5802274.896368773;PersonalVehicle
990768;08:52:38;631913.9173730104 5808124.069404383;627288.8748319423 5803247.764640776;PersonalVehicle
1096259;08:52:38;631014.0171599025 5802189.756160655;630697.366886925 5802007.4033644125;PersonalVehicle
1106689;08:52:41;632106.4910812476 5803443.093984765;631746.6266387097 5803032.671941893;PersonalVehicle
1110639;08:52:41;632357.7464165204 5800288.209577048;629204.5577821956 5804194.873597665;PersonalVehicle
1108890;08:52:41;632357.7464165204 5800288.209577048;628586.5356521598 5802298.063975651;PersonalVehicle
1079177;08:52:42;629661.1815958249 5801786.990790016;625506.3564786583 5800324.4571683705;PersonalVehicle
1088307;08:52:43;630066.7745231892 5801120.851773797;627498.1724596496 5810012.366902584;PersonalVehicle
1014180;08:52:44;628851.5596477595 5809838.40595302;632070.9351133193 5807076.792222152;PersonalVehicle
1087874;08:52:44;629431.331693465 5800727.787710922;632357.7464165204 5800288.209577048;PersonalVehicle
1103523;08:52:46;632313.8789714277 5804803.709385823;630437.204736439 5803344.8394980095;PersonalVehicle
1082253;08:52:47;625506.3564786583 5800324.4571683705;626769.1129404834 5801128.287272623;PersonalVehicle
1087089;08:52:48;629918.1303683734 5800941.571103379;625506.3564786583 5800324.4571683705;PersonalVehicle
1098108;08:52:48;632407.8234359657 5800614.138853477;631036.1774995793 5800889.461776811;PersonalVehicle
824721;08:52:49;632357.7464165204 5800288.209577048;631925.0645464268 5803315.227053686;PersonalVehicle
1100878;08:52:50;632050.3057681054 5802244.859265334;632921.973375705 5801268.037862624;PersonalVehicle
1035393;08:52:50;627201.7424640575 5803941.503563805;627453.9435220794 5804593.672873501;PersonalVehicle
1090147;08:52:51;627206.2296011467 5801033.528783644;625506.3564786583 5800324.4571683705;PersonalVehicle
1065606;08:52:51;627783.0728136201 5804420.92766472;626333.5876685615 5806276.017858688;PersonalVehicle
1067285;08:52:53;628286.394645395 5804071.19000168;627936.1978305655 5803775.96009406;PersonalVehicle
1034846;08:52:54;626000.5171193257 5805265.42109743;627564.6779433439 5804118.68974908;PersonalVehicle
1051596;08:52:54;630377.2935286161 5799276.878224155;625522.9572129669 5803098.865735265;PersonalVehicle
1064397;08:52:57;627986.8855135532 5804695.434834688;629186.581141637 5804440.403404337;PersonalVehicle
1010785;08:52:57;627993.9293007905 5809120.360621358;630318.2213252772 5806133.295920455;PersonalVehicle
1105522;08:53:00;632621.2424956631 5800683.661468971;631614.2073730296 5803125.316944871;PersonalVehicle
1062312;08:53:00;627657.6221874539 5806310.346124249;628298.6117531313 5805973.643713682;PersonalVehicle
1061564;08:53:01;628528.7952446765 5806016.4826720385;625506.3564786583 5800324.4571683705;PersonalVehicle
1058377;08:53:02;630068.9111275247 5804531.203000608;634266.520278123 5803737.794336154;PersonalVehicle
1079392;08:53:02;628818.4186535723 5801092.17837024;629695.1146332661 5801951.325946607;PersonalVehicle
1137186;08:53:02;625506.3564786583 5800324.4571683705;627004.635516356 5803536.279429091;PersonalVehicle
1021269;08:53:02;627335.4317688339 5801057.814305232;625506.3564786583 5800324.4571683705;PersonalVehicle
1094470;08:53:03;630539.2360476017 5802497.094201452;632538.8974668458 5801010.818711149;PersonalVehicle
1095682;08:53:03;630860.3849319918 5802005.120980447;632357.7464165204 5800288.209577048;PersonalVehicle
1106961;08:53:03;632270.9620462471 5803287.130140136;632318.7822625594 5803273.433240934;PersonalVehicle
1105130;08:53:04;631611.7443761092 5803255.557366119;631965.6774818707 5802689.420549201;PersonalVehicle
1102331;08:53:04;631799.032111989 5804147.258335682;632357.7464165204 5800288.209577048;PersonalVehicle
1016432;08:53:04;625495.2665135056 5806727.877555828;629206.8270288982 5808688.268721965;PersonalVehicle
1101867;08:53:05;632158.313470034 5803794.216554613;630286.4235234368 5803917.584048769;PersonalVehicle
1098220;08:53:05;632859.9787391091 5800742.374652933;632010.8598412287 5802424.342839958;PersonalVehicle
1061102;08:53:06;627310.0161582858 5805419.615646395;627621.981662797 5806297.102090538;PersonalVehicle
1103973;08:53:06;631674.0136731174 5802853.706579514;628561.7729058978 5802661.465603911;PersonalVehicle
1121761;08:53:08;633672.1088953787 5801895.047217489;633329.8797658068 5806646.4668704355;PersonalVehicle
1024413;08:53:08;625495.2665135056 5806727.877555828;627124.5593279005 5804312.880435241;PersonalVehicle
1106990;08:53:08;632544.3046889094 5803452.98580094;632114.5199536995 5803008.790992391;PersonalVehicle
1057375;08:53:10;630152.3845216504 5804004.20299961;631913.9173730104 5808124.069404383;PersonalVehicle
1069310;08:53:10;628947.4538246836 5802792.353176802;629064.6193773766 5802987.5057421;PersonalVehicle
1031132;08:53:10;625506.3564786583 5800324.4571683705;630146.1738160553 5808168.669892687;PersonalVehicle
1054137;08:53:13;625495.2665135056 5806727.877555828;627295.4687617972 5805213.547668459;PersonalVehicle
1080299;08:53:13;629709.6836099715 5802380.927772075;632313.9175370014 5801766.382336142;PersonalVehicle
998891;08:53:14;631913.9173730104 5808124.069404383;629934.2713935862 5806002.993768966;PersonalVehicle
1128271;08:53:15;627004.279680007 5801458.729468859;625506.3564786583 5800324.4571683705;PersonalVehicle
1013565;08:53:17;630513.5200655793 5808552.063329793;630775.6959111254 5808229.264661483;PersonalVehicle
1005360;08:53:18;633138.6525804503 5806657.522881454;633218.1255840912 5806592.060767567;PersonalVehicle
1099683;08:53:21;631914.0406116846 5801368.18679792;627498.1724596496 5810012.366902584;PersonalVehicle
1095155;08:53:22;630715.6630064937 5802640.318840614;631991.5819919029 5802234.469978566;PersonalVehicle
1058768;08:53:22;632357.7464165204 5800288.209577048;628760.0970144244 5804286.255425259;PersonalVehicle
1065164;08:53:22;627986.8855135532 5804695.434834688;628253.1935047787 5801984.327749867;PersonalVehicle
1083199;08:53:24;626705.088349219 5800937.727607684;626971.177255427 5801114.467829661;PersonalVehicle
1086742;08:53:25;628844.3900155287 5801069.662550292;629425.5412994121 5801371.584566417;PersonalVehicle
1438221;08:53:25;625506.3564786583 5800324.4571683705;628731.2092519203 5804158.315705461;PersonalVehicle
1072838;08:53:25;627568.3145986703 5802160.852889555;625506.3564786583 5800324.4571683705;PersonalVehicle
722754;08:53:27;633672.1088953787 5801895.047217489;629377.9524443639 5802970.001112795;PersonalVehicle
1080448;08:53:27;626683.6322330683 5801593.044983165;626343.8023198808 5801721.541788747;PersonalVehicle
1063858;08:53:28;628210.7038175429 5805149.387311575;629835.3822283823 5803646.118186878;PersonalVehicle
1064351;08:53:28;627774.2883256266 5804395.877284945;625506.3564786583 5800324.4571683705;PersonalVehicle
1077491;08:53:29;629404.3294604653 5801902.551525537;631093.1636391964 5803232.243400084;PersonalVehicle
1044624;08:53:30;625516.7388738593 5803981.262971728;625495.2665135056 5806727.877555828;PersonalVehicle
1085602;08:53:31;629997.7951021041 5802467.217260917;629997.7951021041 5802467.217260917;PersonalVehicle
1042602;08:53:31;626464.4737720895 5804661.751608103;627498.1724596496 5810012.366902584;PersonalVehicle
971118;08:53:32;627498.1724596496 5810012.366902584;629170.3468612772 5804648.533530302;PersonalVehicle
1010866;08:53:33;628435.107920149 5808606.251232955;632463.279480339 5806182.317445306;PersonalVehicle
1073532;08:53:38;627623.2173891573 5802408.514319379;625506.3564786583 5800324.4571683705;PersonalVehicle
1078843;08:53:38;630377.2935286161 5799276.878224155;629430.9247158362 5801877.2677762015;PersonalVehicle
1062946;08:53:38;628259.8168738277 5805618.651240957;628876.1737568636 5804944.232088686;PersonalVehicle
1018611;08:53:39;625495.2665135056 5806727.877555828;626446.0451157886 5803495.255819595;PersonalVehicle
1074999;08:53:39;628590.4141008793 5801996.015555011;628738.037101524 5803792.951939873;PersonalVehicle
1007756;08:53:40;631769.4781020556 5807609.259670574;630377.2935286161 5799276.878224155;PersonalVehicle
1539139;08:53:40;625506.3564786583 5800324.4571683705;629051.3368340017 5803493.501483598;PersonalVehicle
1098990;08:53:40;632623.7271090974 5800942.403077426;629685.306230182 5804346.075893735;PersonalVehicle
1091067;08:53:43;630377.2935286161 5799276.878224155;629885.4738622884 5803259.123841624;PersonalVehicle
1046850;08:53:43;627498.1724596496 5810012.366902584;626471.0758005173 5804479.893345857;PersonalVehicle
1032764;08:53:44;627410.1913808128 5805506.985080882;627498.1724596496 5810012.366902584;PersonalVehicle
1091590;08:53:45;630377.2935286161 5799276.878224155;628837.4214027363 5802322.168853295;PersonalVehicle
1013405;08:53:46;630475.4205394869 5800974.89484848;630414.8797477358 5808699.979628697;PersonalVehicle
1106464;08:53:46;632651.4427125971 5803556.969667326;632351.3995424078 5802939.801150604;PersonalVehicle
1092781;08:53:47;630172.9727433881 5801918.613241429;625506.3564786583 5800324.4571683705;PersonalVehicle
1095701;08:53:48;630693.4115127928 5802409.971978629;632680.4662439288 5800708.070688719;PersonalVehicle
1078889;08:53:48;629167.3520463347 5801625.884309733;631129.3091216414 5803313.8724041395;PersonalVehicle
1066910;08:53:49;627884.0402558637 5804035.420427494;628312.6553686191 5802112.682414676;PersonalVehicle
1077191;08:53:50;629108.7370131254 5802401.197245382;630751.6684874655 5801769.993042893;PersonalVehicle
1072467;08:53:50;631111.3406925668 5804050.258167344;634266.520278123 5803737.794336154;PersonalVehicle
1052684;08:53:50;625689.7993236053 5800858.214754177;625506.3564786583 5800324.4571683705;PersonalVehicle
1068355;08:53:51;628971.6458255966 5803055.551225478;628516.0324350919 5803489.2816736465;PersonalVehicle
1052311;08:53:52;625620.9128347908 5801391.664948175;625506.3564786583 5800324.4571683705;PersonalVehicle
1008628;08:53:53;631325.3039098582 5807168.598821091;625506.3564786583 5800324.4571683705;PersonalVehicle
856984;08:53:54;631913.9173730104 5808124.069404383;628873.8325366853 5803564.810425008;PersonalVehicle
1102673;08:53:55;631889.2908958946 5804320.863766114;631028.0973347216 5803472.687304184;PersonalVehicle
1062295;08:53:55;626828.9150932429 5807619.383521777;628423.8077761336 5805307.94041772;PersonalVehicle
1006350;08:53:56;633374.1981423703 5806797.357174443;631913.9173730104 5808124.069404383;PersonalVehicle
1079908;08:53:59;629764.8353008265 5801683.446531978;628018.8377576411 5802212.32705862;PersonalVehicle
1053078;08:54:00;625853.8953148713 5801654.90770779;625495.2665135056 5806727.877555828;PersonalVehicle
1088911;08:54:01;629087.8700806422 5800767.645704729;629769.1794409747 5801124.07940511;PersonalVehicle
1008479;08:54:02;631219.2159488113 5806423.849157534;631913.9173730104 5808124.069404383;PersonalVehicle
1095483;08:54:02;634266.520278123 5803737.794336154;631003.5329831365 5802386.2699120585;PersonalVehicle
1044208;08:54:02;630500.8192093951 5802316.294848767;627640.2869763441 5806371.969803695;PersonalVehicle
1008598;08:54:03;631525.7718670024 5806447.036941627;633150.9576842417 5806199.7404709915;PersonalVehicle
1098612;08:54:03;631750.5260062848 5801155.0835015625;631750.5260062848 5801155.0835015625;PersonalVehicle
1061832;08:54:05;628258.7537982995 5805655.872273654;625506.3564786583 5800324.4571683705;PersonalVehicle
1009874;08:54:07;630109.4176500682 5806249.1132506;630982.3969120757 5802597.144638936;PersonalVehicle
1041502;08:54:07;625796.1294847185 5805040.627872608;625790.2420506442 5804773.422554952;PersonalVehicle
1087143;08:54:09;629713.2642910343 5800797.125233933;625506.3564786583 5800324.4571683705;PersonalVehicle
1128019;08:54:09;625506.3564786583 5800324.4571683705;629545.4483500181 5802956.210569176;PersonalVehicle
1079020;08:54:10;629176.8961450692 5802354.960038013;626687.1123910596 5803567.737756286;PersonalVehicle
1048772;08:54:10;626273.907722509 5803155.32475839;626309.9274288996 5803530.78083953;PersonalVehicle
1015089;08:54:10;628184.0430455897 5809742.001038032;628824.7777191214 5809125.535218033;PersonalVehicle
1041601;08:54:12;626270.6471084501 5805116.81410984;626050.9829549149 5804092.715000081;PersonalVehicle
1006372;08:54:12;631850.947887998 5806311.519778716;629491.151941918 5803788.824715618;PersonalVehicle
1136881;08:54:15;625506.3564786583 5800324.4571683705;630594.5984505939 5800642.87373653;PersonalVehicle
1655815;08:54:16;628005.311433452 5802756.517956402;625506.3564786583 5800324.4571683705;PersonalVehicle
1049601;08:54:18;626054.9761278367 5803193.8014450455;625495.2665135056 5806727.877555828;PersonalVehicle
1044657;08:54:19;625569.9841877733 5804235.812437351;625992.4690450806 5803982.775633209;PersonalVehicle
1093178;08:54:19;630604.800393935 5801963.352255342;631034.6855237602 5802315.624724213;PersonalVehicle
819862;08:54:20;630377.2935286161 5799276.878224155;630735.8634351516 5799893.644023559;PersonalVehicle
824789;08:54:22;632357.7464165204 5800288.209577048;629531.4240374954 5800678.768436644;PersonalVehicle
1005482;08:54:24;632528.4681959667 5806694.693677755;632586.1295352236 5806103.636317975;PersonalVehicle
1059482;08:54:24;629058.908044459 5804854.622173411;628976.8248680825 5803525.173825243;PersonalVehicle
1084890;08:54:24;629528.6913154918 5801445.677333359;630377.2935286161 5799276.878224155;PersonalVehicle
1127481;08:54:25;629283.7019786927 5804314.434106508;625506.3564786583 5800324.4571683705;PersonalVehicle
1038794;08:54:25;626854.485660983 5802766.6327788215;627407.1514726654 5803221.308895978;PersonalVehicle
1036080;08:54:25;626781.0642114067 5803416.597558873;626937.6526671358 5803307.616819091;PersonalVehicle
243222;08:54:25;631920.5691192951 5800321.19293341;634266.520278123 5803737.794336154;PersonalVehicle
1066275;08:54:25;631913.9173730104 5808124.069404383;627956.6061071758 5804281.5964551885;PersonalVehicle
1033662;08:54:26;627691.409609074 5805440.1559251435;625506.3564786583 5800324.4571683705;PersonalVehicle
1078717;08:54:27;629096.3519919158 5802315.3321866365;628538.0962497675 5801959.964097708;PersonalVehicle
1127221;08:54:29;625506.3564786583 5800324.4571683705;628488.2682596177 5803621.727190086;PersonalVehicle
1037296;08:54:29;627578.7780650519 5803394.576320298;628870.7819161204 5802289.557190019;PersonalVehicle
1057654;08:54:29;629525.9579560948 5804088.5657924265;629792.767482098 5804613.96827565;PersonalVehicle
1101219;08:54:30;632921.973375705 5801268.037862624;629801.7184295084 5803726.435158017;PersonalVehicle
1122988;08:54:31;632357.7464165204 5800288.209577048;631682.6969002556 5802232.635656511;PersonalVehicle
1100274;08:54:32;632453.6472251178 5801924.4410620425;632609.03156532 5801115.514399233;PersonalVehicle
1019868;08:54:32;625495.2665135056 5806727.877555828;627953.84162955 5803953.756004789;PersonalVehicle
1097652;08:54:32;631430.138266252 5803016.336912615;631303.1462638387 5802469.05672909;PersonalVehicle
1083151;08:54:32;627091.848938077 5801018.823030247;628015.9073086311 5804910.606749364;PersonalVehicle
940766;08:54:32;625506.3564786583 5800324.4571683705;626928.8369155187 5801455.0233126925;PersonalVehicle
1081984;08:54:33;626583.1559239258 5801682.018742665;634266.520278123 5803737.794336154;PersonalVehicle
1077272;08:54:33;629089.082119727 5802506.500754451;628649.7357773734 5801785.636855979;PersonalVehicle
1081430;08:54:33;626508.0243121621 5801800.4654176505;625506.3564786583 5800324.4571683705;PersonalVehicle
1044072;08:54:34;626273.5220798618 5804797.308913292;625495.2665135056 5806727.877555828;PersonalVehicle
1032844;08:54:35;627158.4052114354 5805321.708789731;626716.0251982913 5803786.248573775;PersonalVehicle
1012311;08:54:35;630647.9041744433 5808459.549400633;631492.474848517 5806967.182004024;PersonalVehicle
865659;08:54:36;631913.9173730104 5808124.069404383;627624.1137405988 5804678.508806137;PersonalVehicle
1040302;08:54:36;626480.4471964375 5802575.765741135;625495.2665135056 5806727.877555828;PersonalVehicle
966778;08:54:38;625495.2665135056 5806727.877555828;628693.7708845594 5803602.181188424;PersonalVehicle
836846;08:54:38;627498.1724596496 5810012.366902584;627566.9305395371 5801049.444583594;PersonalVehicle
1011218;08:54:39;628343.6251247758 5808118.010575817;628889.7666101417 5809769.327156865;PersonalVehicle
1046671;08:54:40;625776.5181333658 5803992.878610565;625764.4219499637 5804376.559648805;PersonalVehicle
1013775;08:54:40;630093.8440542369 5807791.045559874;629204.2192710801 5803663.169703636;PersonalVehicle
1064902;08:54:40;627903.662328528 5804641.281964117;625506.3564786583 5800324.4571683705;PersonalVehicle
1005577;08:54:42;631255.873303836 5807019.109338543;633237.5217227731 5806654.395030312;PersonalVehicle
1095588;08:54:42;631127.2124811779 5802271.859591034;625506.3564786583 5800324.4571683705;PersonalVehicle
1104684;08:54:45;631983.4864055414 5802722.798148616;631324.8405159202 5803134.1262445785;PersonalVehicle
1014334;08:54:47;629623.3585591858 5809075.854797359;631913.9173730104 5808124.069404383;PersonalVehicle
1065775;08:54:48;628408.3352053823 5804129.424223864;628741.0388005694 5802370.91643273;PersonalVehicle
1077654;08:54:49;629578.6484454279 5801723.323462759;629219.918911773 5801710.219856923;PersonalVehicle
1134042;08:54:50;625506.3564786583 5800324.4571683705;627393.2833029903 5801016.45457196;PersonalVehicle
1041756;08:54:50;625761.6463562238 5804853.765934603;625506.3564786583 5800324.4571683705;PersonalVehicle
1085571;08:54:51;628636.7060591739 5801162.99405093;626365.4882412563 5804290.230929869;PersonalVehicle
825676;08:54:52;632357.7464165204 5800288.209577048;626715.0635162522 5804543.989998136;PersonalVehicle
1050582;08:54:53;626258.1175067283 5802824.9437538665;625737.1483447455 5801838.710396631;PersonalVehicle
1040559;08:54:53;627420.0150792886 5802993.170250447;628974.1716216324 5804567.501325247;PersonalVehicle
1071891;08:54:55;629796.7558407339 5802817.612476282;631294.5774377896 5804092.612326461;PersonalVehicle
1081259;08:54:58;626530.3137059622 5801688.278714276;627083.3272817403 5802037.963358566;PersonalVehicle
1145257;08:55:00;625506.3564786583 5800324.4571683705;626819.9155327774 5801786.080903811;PersonalVehicle
1104135;08:55:00;632090.3806335196 5802802.6316111;632357.7464165204 5800288.209577048;PersonalVehicle
1161928;08:55:00;633672.1088953787 5801895.047217489;632146.2555472561 5807527.396570553;PersonalVehicle
908188;08:55:01;625495.2665135056 5806727.877555828;627488.0774731485 5806085.063231122;PersonalVehicle
825368;08:55:02;628598.2069690055 5802178.66608158;632357.7464165204 5800288.209577048;PersonalVehicle
1006848;08:55:03;631434.2716973871 5807253.568017319;631873.2051402405 5806970.744850261;PersonalVehicle
1077589;08:55:05;629098.5920675658 5801894.809363831;628778.7501540075 5801549.505887257;PersonalVehicle
1047155;08:55:06;625573.0721567784 5804087.564099072;627474.7770384531 5805073.229653632;PersonalVehicle
1006269;08:55:08;631129.657201915 5805895.589393627;632690.47220896 5806726.748725913;PersonalVehicle
1123757;08:55:09;632357.7464165204 5800288.209577048;628898.4300689405 5800884.165325745;PersonalVehicle
1075528;08:55:10;628667.3933135401 5802398.934459061;629078.3417050218 5804211.841316955;PersonalVehicle
1099390;08:55:10;632407.8234359657 5800614.138853477;631913.9173730104 5808124.069404383;PersonalVehicle
1009501;08:55:15;630166.0557542439 5806946.74947428;629710.0537312112 5807289.346196674;PersonalVehicle
1061907;08:55:16;628259.8168738277 5805618.651240957;625506.3564786583 5800324.4571683705;PersonalVehicle
1011121;08:55:17;628549.4109162099 5807991.172903314;627498.1724596496 5810012.366902584;PersonalVehicle
1011202;08:55:17;628299.5400658107 5808433.216497431;625495.2665135056 5806727.877555828;PersonalVehicle
1103119;08:55:18;632544.3081202697 5804801.02333188;625495.2665135056 5806727.877555828;PersonalVehicle
1106677;08:55:18;631584.8466376716 5803295.329810292;632193.0902456659 5802998.131448147;PersonalVehicle
1004138;08:55:19;630332.77167454 5805296.67572707;630843.6056867125 5806611.661928295;PersonalVehicle
1079480;08:55:19;629513.7166013669 5802386.089158239;628692.3963142437 5801953.887801224;PersonalVehicle
1047941;08:55:19;626467.2322064138 5803899.123614407;629842.5143469356 5800790.790395389;PersonalVehicle
1083405;08:55:19;627772.3499542557 5800835.678117897;625506.3564786583 5800324.4571683705;PersonalVehicle
1012465;08:55:20;630648.0754671696 5808181.4607506525;629550.7462507931 5804099.181826476;PersonalVehicle
1073031;08:55:20;627867.3562514745 5802620.426070722;625506.3564786583 5800324.4571683705;PersonalVehicle
1065980;08:55:22;626746.8456145632 5804248.806145728;628149.2023298863 5803836.340960775;PersonalVehicle
1104036;08:55:25;632052.5694464033 5802959.093723777;629676.4324447659 5802203.154653558;PersonalVehicle
1039462;08:55:25;627420.0150792886 5802993.170250447;625495.2665135056 5806727.877555828;PersonalVehicle
1876190;08:55:27;632357.7464165204 5800288.209577048;628875.0136430799 5804321.045973893;PersonalVehicle
1042592;08:55:28;626028.0325981773 5805388.756742252;626004.2007740594 5805427.200790275;PersonalVehicle
1044129;08:55:29;625846.7069980622 5805290.239784222;625994.0460378582 5804915.5634252;PersonalVehicle
1104125;08:55:29;631889.0524407397 5802822.9000578;630697.366886925 5802007.4033644125;PersonalVehicle
1102094;08:55:30;632279.2908103914 5803713.048173519;631866.5826632003 5803928.242889819;PersonalVehicle
966929;08:55:30;625495.2665135056 5806727.877555828;630194.1223456368 5806882.973116881;PersonalVehicle
1085602;08:55:30;629997.7951021041 5802467.217260917;629997.7951021041 5802467.217260917;PersonalVehicle
1127202;08:55:31;625506.3564786583 5800324.4571683705;629293.3595156815 5803019.610641595;PersonalVehicle
1101252;08:55:32;631643.5493469321 5802167.8662240915;631254.905991965 5803394.975995432;PersonalVehicle
1004583;08:55:32;632421.0544695321 5806695.48649136;631913.9173730104 5808124.069404383;PersonalVehicle
1119610;08:55:33;633672.1088953787 5801895.047217489;628932.7383574331 5803207.989740582;PersonalVehicle
1105372;08:55:33;629373.0409934458 5803852.660569335;629796.3458864251 5803874.5475143;PersonalVehicle
1065148;08:55:34;628244.929732237 5804644.47274563;628244.929732237 5804644.47274563;PersonalVehicle
1063622;08:55:35;633672.1088953787 5801895.047217489;628229.3548319973 5805051.9208588945;PersonalVehicle
1076964;08:55:37;629135.3072297614 5801687.472937093;627858.9826613184 5804621.671516731;PersonalVehicle
1094039;08:55:38;630205.4349720856 5801855.551336012;630377.2935286161 5799276.878224155;PersonalVehicle
1058329;08:55:38;629453.1652391788 5804099.564955844;625495.2665135056 5806727.877555828;PersonalVehicle
1100301;08:55:38;631858.5110432314 5801866.502402537;632357.7464165204 5800288.209577048;PersonalVehicle
1003124;08:55:39;630400.5601699902 5805726.933351941;630377.9714918283 5807581.049423613;PersonalVehicle
1094413;08:55:39;629892.2331098015 5802604.703199843;630655.9680107423 5802202.774529394;PersonalVehicle
1077600;08:55:40;630258.267798558 5802612.044942024;629463.947729085 5802133.216745141;PersonalVehicle
1113027;08:55:40;632357.7464165204 5800288.209577048;630409.4522286502 5801141.427477022;PersonalVehicle
1069310;08:55:41;629064.6193773766 5802987.5057421;633672.1088953787 5801895.047217489;PersonalVehicle
1032189;08:55:42;627320.2609332439 5805402.029555804;627437.1059957362 5805136.755698766;PersonalVehicle
1051523;08:55:43;626065.2125874108 5803026.861194551;625506.3564786583 5800324.4571683705;PersonalVehicle
1093271;08:55:44;630668.2529881034 5802194.295073663;627496.9495919251 5804253.202019201;PersonalVehicle
1087977;08:55:44;630235.2629358543 5801097.85344971;630877.6247337714 5804358.506794748;PersonalVehicle
1085592;08:55:45;631349.9905860248 5802950.275643604;628605.6201020641 5801207.292338242;PersonalVehicle
1072069;08:55:45;630704.3909068599 5804217.64208019;634266.520278123 5803737.794336154;PersonalVehicle
1060801;08:55:46;625495.2665135056 5806727.877555828;628549.0358355021 5805805.380383925;PersonalVehicle
1045918;08:55:48;626549.9131456848 5804258.174537546;626090.6119024693 5803862.360687534;PersonalVehicle
1080863;08:55:48;631082.269625963 5803194.718264096;626575.1242671985 5801708.294296792;PersonalVehicle
1277704;08:55:49;625506.3564786583 5800324.4571683705;628344.091525834 5805419.780480258;PersonalVehicle
1064541;08:55:49;627971.2364935853 5804927.637587852;627821.8197063436 5804527.765953732;PersonalVehicle
1087776;08:55:51;629833.8947343244 5800680.583676687;628545.8467375018 5801629.547121111;PersonalVehicle
1051332;08:55:52;626090.1950415996 5802970.79945176;630302.1735403948 5802994.303948588;PersonalVehicle
1014225;08:55:54;628951.4171614373 5809361.34590609;628498.4473075432 5808326.508505675;PersonalVehicle
1059091;08:55:54;629130.8271302258 5804293.199739035;631913.9173730104 5808124.069404383;PersonalVehicle
1103549;08:55:57;631648.3907936036 5804482.991422241;632260.6731509472 5804082.310502704;PersonalVehicle
1075721;08:55:57;628855.5368362844 5801830.440866886;627498.1724596496 5810012.366902584;PersonalVehicle
1072228;08:55:59;631413.7808819785 5803971.449329204;628394.9613231056 5803907.044980777;PersonalVehicle
1010089;08:55:59;630019.2824823094 5805859.037880216;630050.9202659586 5806193.094887571;PersonalVehicle
974583;08:56:01;625495.2665135056 5806727.877555828;631255.873303836 5807019.109338543;PersonalVehicle
1052760;08:56:01;625661.5900570063 5801617.6003289325;625929.8456121011 5801309.51846199;PersonalVehicle
1052098;08:56:02;626249.675824633 5802553.109238224;627498.1724596496 5810012.366902584;PersonalVehicle
998449;08:56:03;631913.9173730104 5808124.069404383;629010.1313127568 5804588.432837209;PersonalVehicle
1025985;08:56:03;625495.2665135056 5806727.877555828;625582.5682848478 5800845.673568773;PersonalVehicle
1015865;08:56:04;625495.2665135056 5806727.877555828;626263.3451874987 5802758.818434782;PersonalVehicle
1084493;08:56:04;627278.8685300152 5801430.481196331;628578.259319421 5801562.8433875935;PersonalVehicle
1133215;08:56:06;625506.3564786583 5800324.4571683705;629204.6172700534 5802895.29305674;PersonalVehicle
1005655;08:56:07;633392.8123086608 5806509.191018397;631891.9234143184 5807620.956332245;PersonalVehicle
1044322;08:56:07;625892.11317864 5805260.647822205;629141.4615456724 5801591.904817792;PersonalVehicle
1004176;08:56:12;632553.8172923087 5806372.175782409;632321.5540389025 5807339.0950047765;PersonalVehicle
1009483;08:56:14;629770.4756186071 5806133.4911989495;630191.7173350614 5805205.545262388;PersonalVehicle
1008121;08:56:14;631860.830247003 5806324.032777831;631913.9173730104 5808124.069404383;PersonalVehicle
1032140;08:56:16;627061.7154474272 5805499.5994786555;634266.520278123 5803737.794336154;PersonalVehicle
1007312;08:56:16;632321.5540389025 5807339.0950047765;630553.8240657018 5805762.7328389175;PersonalVehicle
1037995;08:56:17;626741.053608374 5803070.873139913;629579.3172369564 5802133.87609301;PersonalVehicle
1067014;08:56:17;627967.1764686404 5803864.632204002;628002.6196652018 5804070.679485829;PersonalVehicle
1079421;08:56:18;629389.0974263216 5802460.588681482;627815.5886401001 5801132.611581555;PersonalVehicle
1023969;08:56:18;625506.3564786583 5800324.4571683705;628967.046355916 5804812.5293113;PersonalVehicle
837848;08:56:20;627498.1724596496 5810012.366902584;628046.7968680547 5808953.9934643945;PersonalVehicle
1008438;08:56:21;628660.6867328162 5808590.8919371655;632145.1243551704 5807050.168553969;PersonalVehicle
1128925;08:56:24;625506.3564786583 5800324.4571683705;628379.0306043159 5801982.284763475;PersonalVehicle
1123754;08:56:27;632357.7464165204 5800288.209577048;632149.3776648054 5802340.720895507;PersonalVehicle
1014775;08:56:28;628414.9496636724 5809774.455531224;628610.7671041487 5809842.254266176;PersonalVehicle
1093574;08:56:28;630111.4426570119 5802545.082492425;629646.46160515 5802574.391423464;PersonalVehicle
1096604;08:56:29;631135.2010418682 5802936.685206895;629605.8881327308 5804224.407655287;PersonalVehicle
1067604;08:56:29;628682.7040691623 5802870.739830518;628713.729396484 5803817.063375724;PersonalVehicle
1044036;08:56:30;631113.5209847626 5803535.94513868;626578.133457289 5804969.563296288;PersonalVehicle
1011557;08:56:31;629167.6823013048 5808617.7749020755;628043.7130405643 5808835.925062038;PersonalVehicle
893031;08:56:31;627498.1724596496 5810012.366902584;631817.4581939869 5806731.264892882;PersonalVehicle
1012319;08:56:31;630625.2808143689 5808534.607933665;631129.7325319883 5806640.537857426;PersonalVehicle
1006476;08:56:33;631070.903955965 5806327.509084559;632721.2606543864 5807202.520376859;PersonalVehicle
1056977;08:56:33;625506.3564786583 5800324.4571683705;629239.9228560411 5804550.363696381;PersonalVehicle
1014747;08:56:33;626234.569648481 5804689.278810575;628914.3297784084 5809284.757450977;PersonalVehicle
1005694;08:56:33;633031.079668887 5807203.30302015;630910.4394779019 5806121.496510906;PersonalVehicle
960456;08:56:33;625495.2665135056 5806727.877555828;627264.7627761798 5804886.175417146;PersonalVehicle
1099240;08:56:35;630676.7768622017 5801593.565637049;633672.1088953787 5801895.047217489;PersonalVehicle
1083074;08:56:35;626679.9044435327 5801041.940885489;625896.9410191891 5803836.826510827;PersonalVehicle
1079843;08:56:35;629593.5283076027 5802118.81747996;629445.4766480223 5803774.139311567;PersonalVehicle
1043440;08:56:36;626447.3619957536 5804872.622311915;628096.5866895455 5805265.699564477;PersonalVehicle
1077840;08:56:36;632357.7464165204 5800288.209577048;629448.4877566104 5802079.187203554;PersonalVehicle
865283;08:56:40;627498.1724596496 5810012.366902584;626585.9498717949 5802888.42385282;PersonalVehicle
1013315;08:56:41;631913.9173730104 5808124.069404383;630696.1823593138 5807223.231866254;PersonalVehicle
1019968;08:56:42;625495.2665135056 5806727.877555828;627748.3406460268 5803543.358364079;PersonalVehicle
1004358;08:56:42;630526.3610539876 5805799.642698715;633897.8097660184 5805329.42680338;PersonalVehicle
1002613;08:56:43;630343.2123258281 5807827.240751978;632095.8672177497 5806525.569881443;PersonalVehicle
1060831;08:56:43;628082.5614540509 5806087.168309686;625506.3564786583 5800324.4571683705;PersonalVehicle
1086638;08:56:47;628918.3221403594 5801161.571251079;628409.9196709109 5801670.8828674145;PersonalVehicle
1002679;08:56:49;630244.0842426436 5805660.369224904;629860.8366222876 5809046.280161916;PersonalVehicle
1000828;08:56:50;626196.5848034868 5805365.307746415;631913.9173730104 5808124.069404383;PersonalVehicle
1124801;08:56:50;632357.7464165204 5800288.209577048;631143.1832230418 5802913.009609843;PersonalVehicle
961037;08:56:53;627498.1724596496 5810012.366902584;629582.3881208661 5800806.3859649785;PersonalVehicle
960747;08:56:58;625495.2665135056 5806727.877555828;628628.0982512826 5809122.125620152;PersonalVehicle
1109723;08:56:58;632357.7464165204 5800288.209577048;625854.684111373 5801141.627078353;PersonalVehicle
1070487;08:56:59;630761.9853423978 5804293.005285657;633672.1088953787 5801895.047217489;PersonalVehicle
1087269;08:57:02;630004.1046561572 5800958.974821408;625506.3564786583 5800324.4571683705;PersonalVehicle
1067213;08:57:06;625506.3564786583 5800324.4571683705;628291.0982389749 5804224.59127767;PersonalVehicle
1092267;08:57:10;630424.2875111152 5801960.4310799185;629927.4729523673 5802391.281860367;PersonalVehicle
1003879;08:57:13;630089.5252790392 5805192.980873393;631151.7630601247 5805720.438373447;PersonalVehicle
1077532;08:57:13;629334.7319098855 5802400.569811951;628882.0818203108 5802264.271017242;PersonalVehicle
1103416;08:57:13;632097.9858849911 5803743.584718777;631794.8424199562 5803434.8074697;PersonalVehicle
1045354;08:57:14;625841.5019274654 5803994.189407294;625743.3490613878 5804201.637815676;PersonalVehicle
1160900;08:57:15;633672.1088953787 5801895.047217489;628802.1398166951 5803504.37530172;PersonalVehicle
1052101;08:57:16;626341.7121224212 5802887.360327981;627543.5101556114 5802261.395980531;PersonalVehicle
1064686;08:57:17;628557.3550093954 5804686.266404932;627014.7504273688 5802721.329067455;PersonalVehicle
1002740;08:57:17;633419.8116980719 5805677.379954516;632368.4962026363 5806226.009213827;PersonalVehicle
1034668;08:57:17;627603.2346777447 5804497.0794683825;627291.1294365245 5804242.622090843;PersonalVehicle
1088628;08:57:17;629251.1912996203 5800584.135834792;630377.2935286161 5799276.878224155;PersonalVehicle
1022255;08:57:17;625506.3564786583 5800324.4571683705;627294.3863034269 5804968.597946163;PersonalVehicle
1079162;08:57:18;627523.5660572898 5802328.3449088335;629686.6451769818 5802077.463310255;PersonalVehicle
1077369;08:57:19;629130.2376021687 5801469.676763725;628514.381511849 5801845.569803892;PersonalVehicle
1633056;08:57:19;632357.7464165204 5800288.209577048;626079.6650498508 5801974.250572966;PersonalVehicle
1068469;08:57:20;629292.0671728216 5802884.565756924;629128.7086677522 5803533.551470359;PersonalVehicle
1012379;08:57:20;630016.4628158762 5807844.599696347;625506.3564786583 5800324.4571683705;PersonalVehicle
1007631;08:57:21;629022.1770372024 5802629.9048661515;632008.048753899 5806870.408636821;PersonalVehicle
1005104;08:57:21;633111.0621132578 5806714.276430755;634266.520278123 5803737.794336154;PersonalVehicle
1093752;08:57:22;630334.8417964611 5802770.881576508;628873.1544790202 5801998.775632208;PersonalVehicle
1014038;08:57:22;629848.4771673441 5807866.893314254;630060.555237565 5807057.515887974;PersonalVehicle
1020901;08:57:22;625506.3564786583 5800324.4571683705;625840.3537538804 5805419.369052275;PersonalVehicle
1630211;08:57:22;630377.2935286161 5799276.878224155;630616.0322607337 5801047.941141558;PersonalVehicle
1187779;08:57:22;633672.1088953787 5801895.047217489;628780.2293699054 5804380.181854515;PersonalVehicle
1097822;08:57:23;631060.4620690848 5803219.373303273;630983.7816095918 5803211.372766594;PersonalVehicle
1074993;08:57:24;628863.1162513681 5802044.93485163;625506.3564786583 5800324.4571683705;PersonalVehicle
1110867;08:57:24;632357.7464165204 5800288.209577048;626320.2338952256 5800561.879595342;PersonalVehicle
940265;08:57:25;629307.1106060994 5802420.864802248;625506.3564786583 5800324.4571683705;PersonalVehicle
1098699;08:57:25;631122.0499529041 5800878.2886565905;631782.4616689985 5802040.9754590625;PersonalVehicle
1072985;08:57:26;627809.7570089768 5802059.17526211;628410.1062623262 5801717.533875966;PersonalVehicle
1100584;08:57:28;632444.8854620119 5802540.66540923;631812.2818457521 5802418.516362951;PersonalVehicle
1103553;08:57:30;631347.4580860499 5804926.4284383785;632209.6151995452 5804084.165440486;PersonalVehicle
1095095;08:57:30;630962.9406309249 5802543.923637938;625506.3564786583 5800324.4571683705;PersonalVehicle
1084834;08:57:31;629831.5545844845 5801515.266696933;628652.0297445215 5801375.47629555;PersonalVehicle
775289;08:57:33;632357.7464165204 5800288.209577048;627583.5310993626 5801179.530480341;PersonalVehicle
1048357;08:57:33;626619.1669544128 5803666.275927552;625553.475789288 5803359.758430464;PersonalVehicle
1005836;08:57:33;633073.4144083069 5806471.510262626;631262.445432422 5806436.406038335;PersonalVehicle
1077313;08:57:34;629358.537500959 5801806.772654244;631003.5329831365 5802386.2699120585;PersonalVehicle
1060919;08:57:35;627690.3553314357 5806298.014692802;627611.1494885489 5806213.834543496;PersonalVehicle
681256;08:57:35;634266.520278123 5803737.794336154;629789.7257544473 5802714.211125108;PersonalVehicle
1106783;08:57:36;632211.197523335 5802863.209798369;632110.9602512275 5803065.125566771;PersonalVehicle
1051434;08:57:37;630377.2935286161 5799276.878224155;626429.7916821823 5802803.084009143;PersonalVehicle
1093642;08:57:38;628664.8162415874 5803509.052094012;629986.950490236 5802415.305914084;PersonalVehicle
1093371;08:57:38;630520.2703367723 5802350.493660687;630539.2360476017 5802497.094201452;PersonalVehicle
1078992;08:57:38;628995.2780605885 5802513.639852343;629150.6835502016 5801961.708298055;PersonalVehicle
1006287;08:57:41;631905.6117449641 5806943.700003819;633170.8416233236 5806689.265721616;PersonalVehicle
963354;08:57:42;625495.2665135056 5806727.877555828;628040.0705264615 5808667.894932557;PersonalVehicle
1106406;08:57:45;632112.0514448342 5803552.129735805;632244.3430882109 5802823.702905429;PersonalVehicle
1009205;08:57:45;630209.9099406925 5807148.733499406;630125.5654940518 5805421.455914538;PersonalVehicle
1107540;08:57:46;631437.815986577 5803112.543229506;632523.288551565 5803370.981916867;PersonalVehicle
1394916;08:57:47;625506.3564786583 5800324.4571683705;628158.1612167521 5802759.028394804;PersonalVehicle
1040787;08:57:48;627570.389279538 5803246.887086428;630165.9084195326 5807156.640245962;PersonalVehicle
1012483;08:57:48;630139.7146416986 5807532.200922971;629820.0969514281 5805998.321445924;PersonalVehicle
1060120;08:57:49;626828.9150932429 5807619.383521777;631191.3435050077 5803826.142914652;PersonalVehicle
1061378;08:57:51;627357.7926425842 5807055.585522002;630730.5378764227 5804317.786799598;PersonalVehicle
1053714;08:57:51;625506.3564786583 5800324.4571683705;627186.3193141432 5803827.227168586;PersonalVehicle
1035268;08:57:52;627413.0599258182 5804297.490963074;627415.2196797293 5803494.423545245;PersonalVehicle
1084457;08:57:52;627846.986999084 5801513.769491445;630905.9661570606 5799906.940828113;PersonalVehicle
1057903;08:57:55;627415.338626964 5804415.740990144;629686.6619443477 5804017.0537863765;PersonalVehicle
1041973;08:57:56;626225.1286656999 5805142.056272241;628716.5847702029 5802239.889009828;PersonalVehicle
1042773;08:57:57;626111.776348918 5804590.520140387;626491.0862731902 5804210.790882322;PersonalVehicle
995259;08:57:57;631913.9173730104 5808124.069404383;629631.0277201456 5806201.790660839;PersonalVehicle
1059091;08:57:57;631913.9173730104 5808124.069404383;629130.8271302258 5804293.199739035;PersonalVehicle
1040587;08:57:58;627581.3748202578 5802969.169754298;625506.3564786583 5800324.4571683705;PersonalVehicle
1038396;08:57:59;626753.7142919714 5803098.956748395;630377.2935286161 5799276.878224155;PersonalVehicle
1008854;08:58:00;631913.9173730104 5808124.069404383;633082.1036581361 5806463.998059905;PersonalVehicle
1087036;08:58:00;628800.8340786042 5801394.840602066;629528.6448070975 5800955.844635873;PersonalVehicle
1502189;08:58:00;625506.3564786583 5800324.4571683705;631505.5649957815 5804094.148269267;PersonalVehicle
1066639;08:58:01;629517.9935276017 5804307.692544271;628146.6501853107 5803782.047588912;PersonalVehicle
1071798;08:58:02;625506.3564786583 5800324.4571683705;630614.4458563928 5803753.079980669;PersonalVehicle
807054;08:58:03;632357.7464165204 5800288.209577048;632167.507676547 5801529.227458239;PersonalVehicle
1084243;08:58:04;627346.7697891535 5801630.1793604195;627650.4664302225 5801217.5499433875;PersonalVehicle
1069981;08:58:04;629889.3076511597 5802930.851710841;625495.2665135056 5806727.877555828;PersonalVehicle
1100228;08:58:05;631844.3977003295 5801814.641217795;628827.9077542607 5804121.088570644;PersonalVehicle
1059117;08:58:05;629434.9723625341 5804636.885820372;629933.1675328347 5803980.920349578;PersonalVehicle
1044495;08:58:06;626834.1336551644 5804091.243120682;628538.7405789667 5801314.8544627335;PersonalVehicle
1052229;08:58:06;625575.5662619083 5800584.083948452;628702.0336738818 5804346.032194205;PersonalVehicle
917215;08:58:06;625495.2665135056 5806727.877555828;628825.299553432 5801206.0913109975;PersonalVehicle
1077094;08:58:07;629298.8799615786 5802237.317390266;628893.5271590948 5801730.7320948215;PersonalVehicle
1033590;08:58:08;627302.7043418332 5804783.966099971;627687.6759582176 5805416.880045895;PersonalVehicle
1020796;08:58:08;625506.3564786583 5800324.4571683705;628587.505166021 5802986.039557003;PersonalVehicle
442452;08:58:12;634266.520278123 5803737.794336154;625852.728613853 5802085.598587631;PersonalVehicle
1106772;08:58:13;633840.0492001814 5804003.480183026;627097.0360202845 5801163.182019531;PersonalVehicle
1097786;08:58:13;630417.8404008632 5799920.6342328;631414.1549233387 5803086.363089456;PersonalVehicle
691330;08:58:13;634266.520278123 5803737.794336154;630106.9699341364 5802777.6760832425;PersonalVehicle
983098;08:58:14;631913.9173730104 5808124.069404383;628522.1809544628 5809137.823953986;PersonalVehicle
1038094;08:58:15;627407.0504806956 5803875.114631612;625506.3564786583 5800324.4571683705;PersonalVehicle
1086906;08:58:15;628687.7257023167 5801084.169195911;629113.4636707206 5801401.171718666;PersonalVehicle
1104748;08:58:16;631941.9495513152 5803210.748029474;633672.1088953787 5801895.047217489;PersonalVehicle
1166143;08:58:18;628013.1724765879 5805935.177878369;628013.1724765879 5805935.177878369;PersonalVehicle
1107303;08:58:19;633672.1088953787 5801895.047217489;632397.3687882968 5803087.882501804;PersonalVehicle
1006225;08:58:21;632764.3970280237 5807298.76145828;633333.663505429 5806353.122040815;PersonalVehicle
1040057;08:58:21;627055.770584989 5802979.463870777;627607.9118776501 5803590.554854215;PersonalVehicle
1003172;08:58:25;630753.5406936423 5805805.802087729;630471.7876580874 5805633.205436219;PersonalVehicle
1068689;08:58:26;628351.3776267837 5803081.597422646;627498.1724596496 5810012.366902584;PersonalVehicle
1527913;08:58:26;628617.0629433583 5802967.008940383;625506.3564786583 5800324.4571683705;PersonalVehicle
1041769;08:58:28;626059.9006331082 5804613.1153485095;626371.619144597 5804251.983860366;PersonalVehicle
792729;08:58:28;632357.7464165204 5800288.209577048;629438.5120113359 5803159.3420279175;PersonalVehicle
1082574;08:58:30;626772.0367937513 5801331.732278417;626971.177255427 5801114.467829661;PersonalVehicle
1099756;08:58:32;630716.0367570142 5801564.722859171;625506.3564786583 5800324.4571683705;PersonalVehicle
1111572;08:58:33;633672.1088953787 5801895.047217489;625517.5031892596 5802789.071871413;PersonalVehicle
1101596;08:58:33;632044.2804029075 5801843.476070406;632277.4920925556 5802252.311279585;PersonalVehicle
1098505;08:58:34;631830.8172593794 5801564.456719759;634266.520278123 5803737.794336154;PersonalVehicle
1052844;08:58:34;625800.7693221496 5800991.666947259;630082.5848199504 5807076.515713253;PersonalVehicle
1091954;08:58:35;630377.2935286161 5799276.878224155;632970.0597352312 5802392.792778779;PersonalVehicle
1047722;08:58:36;626446.0451157886 5803495.255819595;626971.2794955204 5803674.560665109;PersonalVehicle
1034634;08:58:37;627451.8912929256 5804452.503969109;627725.1592324589 5804700.191930914;PersonalVehicle
1100870;08:58:37;632356.4850703868 5802104.22037957;625506.3564786583 5800324.4571683705;PersonalVehicle
1037967;08:58:38;627225.7609943161 5803359.812312343;625506.3564786583 5800324.4571683705;PersonalVehicle
1110493;08:58:39;632357.7464165204 5800288.209577048;631685.682150864 5800236.128869656;PersonalVehicle
1093386;08:58:39;630026.6541764913 5802337.458463426;633672.1088953787 5801895.047217489;PersonalVehicle
1034729;08:58:39;625495.2665135056 5806727.877555828;627363.0844311644 5804233.315334971;PersonalVehicle
1023726;08:58:40;625506.3564786583 5800324.4571683705;626022.8584086498 5806412.035914914;PersonalVehicle
929691;08:58:41;625495.2665135056 5806727.877555828;629735.1490785248 5802215.545307833;PersonalVehicle
1110249;08:58:41;632357.7464165204 5800288.209577048;628531.7547483239 5802987.010303796;PersonalVehicle
682944;08:58:41;634266.520278123 5803737.794336154;626195.5755825622 5803291.651086601;PersonalVehicle
1088352;08:58:42;630183.1877526258 5801101.93204675;628945.613407287 5800879.8483010605;PersonalVehicle
1099809;08:58:42;630909.8481660523 5801132.409375125;632839.4290825059 5800721.835400567;PersonalVehicle
1012391;08:58:42;630149.5796013102 5808173.084192585;631190.2967294198 5806400.208231846;PersonalVehicle
1075434;08:58:43;628664.6994309577 5803965.8608199;628808.0171723443 5801783.810162551;PersonalVehicle
1067751;08:58:43;628749.4555455135 5803045.27981473;629392.0664557884 5803013.4379601255;PersonalVehicle
766521;08:58:44;632357.7464165204 5800288.209577048;631265.8783431309 5800372.449048398;PersonalVehicle
1060974;08:58:45;627526.5676074589 5806340.959452908;628895.2366838437 5804948.968526551;PersonalVehicle
1096755;08:58:46;631259.6699993394 5802735.202834647;628467.4701878248 5803027.810372679;PersonalVehicle
1047981;08:58:47;625506.3564786583 5800324.4571683705;626471.7932618707 5803827.604147871;PersonalVehicle
404544;08:58:47;627441.3663469055 5806250.620270666;625495.2665135056 5806727.877555828;PersonalVehicle
395904;08:58:48;634266.520278123 5803737.794336154;627900.8034992055 5800736.797592668;PersonalVehicle
1098938;08:58:49;631036.1774995793 5800889.461776811;628832.8087522346 5803986.726232511;PersonalVehicle
752053;08:58:50;628862.191343769 5803840.09954743;632357.7464165204 5800288.209577048;PersonalVehicle
967906;08:58:50;625495.2665135056 5806727.877555828;625786.9208607975 5801265.83893244;PersonalVehicle
1007395;08:58:50;631451.2832777392 5807282.50563328;625495.2665135056 5806727.877555828;PersonalVehicle
1044136;08:58:51;626342.5227623961 5805007.913019973;626038.449938878 5805099.646651468;PersonalVehicle
1035646;08:58:51;627560.6888848128 5804276.463153935;627327.4712094816 5804221.135409371;PersonalVehicle
1107591;08:58:52;632100.7381956 5803285.4123082515;628337.6375522196 5805356.852654055;PersonalVehicle
1119671;08:58:52;633672.1088953787 5801895.047217489;626786.270976446 5802739.827789686;PersonalVehicle
1121398;08:58:52;633672.1088953787 5801895.047217489;629033.0406372221 5802895.597967273;PersonalVehicle
1041993;08:58:53;626149.4606924332 5805329.878174825;625495.2665135056 5806727.877555828;PersonalVehicle
964101;08:58:55;627498.1724596496 5810012.366902584;628447.6690963518 5809710.220035767;PersonalVehicle
1055088;08:58:56;625495.2665135056 5806727.877555828;627521.9903057951 5804372.360499552;PersonalVehicle
1006146;08:58:57;633043.6670366549 5806669.28269552;631498.5703921303 5806601.157976596;PersonalVehicle
1006652;08:58:59;632187.4189470524 5807085.754198032;634266.520278123 5803737.794336154;PersonalVehicle
1072126;08:58:59;631369.4172003639 5803898.018492567;630980.8154763499 5803985.670552603;PersonalVehicle
1105242;08:58:59;631804.8102532729 5802901.130719348;634266.520278123 5803737.794336154;PersonalVehicle
1117005;08:59:00;632357.7464165204 5800288.209577048;626685.710402554 5800913.558467692;PersonalVehicle
1079748;08:59:00;625506.3564786583 5800324.4571683705;627008.8128511035 5803559.584677926;PersonalVehicle
1088856;08:59:01;629867.0680962699 5800697.493193491;629981.881881569 5801552.74801397;PersonalVehicle
1077378;08:59:01;628184.2569445546 5801800.156458564;629182.2118138445 5801569.683618644;PersonalVehicle
405674;08:59:02;634266.520278123 5803737.794336154;626641.0158923453 5800904.985658789;PersonalVehicle
1083378;08:59:02;628000.1407752229 5801491.288854668;625506.3564786583 5800324.4571683705;PersonalVehicle
1002417;08:59:03;632623.364697742 5805861.280424752;632323.527304189 5807448.323433972;PersonalVehicle
1088884;08:59:03;628870.7819161204 5802289.557190019;629316.1095288015 5800535.9059137525;PersonalVehicle
1054816;08:59:03;625506.3564786583 5800324.4571683705;625948.7440815079 5801934.202050749;PersonalVehicle
1025569;08:59:04;625495.2665135056 5806727.877555828;627420.2620016041 5805198.675119348;PersonalVehicle
785879;08:59:05;628900.4364307412 5801362.114936661;632357.7464165204 5800288.209577048;PersonalVehicle
1075175;08:59:05;628893.3989170088 5801700.0440248875;631945.6720279767 5806374.172708069;PersonalVehicle
1100201;08:59:07;632073.6111323808 5802221.3233878035;631906.395446378 5801806.916240822;PersonalVehicle
1042963;08:59:08;625794.0049254448 5805079.7407100415;625506.3564786583 5800324.4571683705;PersonalVehicle
981807;08:59:09;627498.1724596496 5810012.366902584;625922.7062411825 5806145.444454399;PersonalVehicle
1245884;08:59:10;625506.3564786583 5800324.4571683705;629821.6329574345 5800727.532902073;PersonalVehicle
1090310;08:59:11;631281.3209965262 5805810.691972681;630338.6536691932 5807189.487688969;PersonalVehicle
1033135;08:59:11;627414.1199336536 5805369.614180166;627159.9953890898 5805149.228850421;PersonalVehicle
433210;08:59:11;634266.520278123 5803737.794336154;626149.7037634182 5806059.517771442;PersonalVehicle
1066735;08:59:12;628080.5955202816 5803666.693896957;628440.3670706921 5804115.9387961505;PersonalVehicle
1080280;08:59:16;631045.1685108856 5802198.450045031;629692.2842264187 5801750.1955002835;PersonalVehicle
1035585;08:59:17;627777.0588115668 5804959.071260529;627498.1724596496 5810012.366902584;PersonalVehicle
1010829;08:59:19;628733.2281612193 5808606.447462372;629804.2904800813 5805833.397082036;PersonalVehicle
1004047;08:59:19;630642.9372001735 5805823.615994686;630009.9513040835 5806093.99370371;PersonalVehicle
1213592;08:59:19;629041.6780693161 5801286.94229694;625506.3564786583 5800324.4571683705;PersonalVehicle
1024376;08:59:19;629105.1214857991 5801391.377478599;625495.2665135056 5806727.877555828;PersonalVehicle
1013278;08:59:20;630366.6941639037 5807663.379489087;629497.8927646761 5804169.210317175;PersonalVehicle
1013224;08:59:20;630510.2315261965 5808749.272931;631913.9173730104 5808124.069404383;PersonalVehicle
1062339;08:59:20;628409.0026187844 5806037.584637552;627555.8390333601 5804327.493594057;PersonalVehicle
1200725;08:59:20;625506.3564786583 5800324.4571683705;628970.421093595 5804804.581698095;PersonalVehicle
1105876;08:59:20;632053.5850358617 5802738.827483449;631599.3313103504 5803031.813186694;PersonalVehicle
1070508;08:59:20;630766.3497312786 5804294.286718196;628718.4183849782 5803788.049083743;PersonalVehicle
1020148;08:59:22;628426.6812029303 5803817.234020961;625506.3564786583 5800324.4571683705;PersonalVehicle
1078440;08:59:22;629383.264674285 5801631.340456021;625506.3564786583 5800324.4571683705;PersonalVehicle
1014239;08:59:23;628583.643338742 5809338.583673583;628675.024015839 5809865.990667199;PersonalVehicle
1011430;08:59:25;629202.2629833785 5808542.783201013;628845.9877116799 5808286.21109361;PersonalVehicle
1004965;08:59:25;633575.1732539998 5806399.33767092;625495.2665135056 5806727.877555828;PersonalVehicle
1102793;08:59:27;632403.7302716377 5803707.683102407;625506.3564786583 5800324.4571683705;PersonalVehicle
1037813;08:59:27;625506.3564786583 5800324.4571683705;626824.0060822022 5803211.203576521;PersonalVehicle
1081352;08:59:29;626291.155971701 5801539.329446641;627214.6741969323 5801978.414520333;PersonalVehicle
1103985;08:59:29;631681.4752944644 5803089.597692126;631669.4888999434 5803135.362482238;PersonalVehicle
1011722;08:59:29;627909.011874843 5808711.268340028;628435.107920149 5808606.251232955;PersonalVehicle
1097633;08:59:29;631155.9509026518 5803429.361838564;632052.5694464033 5802959.093723777;PersonalVehicle
1006566;08:59:30;625506.3564786583 5800324.4571683705;631722.915422582 5806722.1055317;PersonalVehicle
1083918;08:59:30;627722.0997479929 5801380.951903692;627490.7317509966 5801200.433261706;PersonalVehicle
1065861;08:59:31;627671.9412070919 5801888.7492685765;628265.1931586505 5804475.259845007;PersonalVehicle
1051070;08:59:33;626274.3077662017 5802994.518290231;625506.3564786583 5800324.4571683705;PersonalVehicle
1165305;08:59:33;630614.4458563928 5803753.079980669;634266.520278123 5803737.794336154;PersonalVehicle
1052572;08:59:35;625888.4649779309 5801570.348237662;625661.5900570063 5801617.6003289325;PersonalVehicle
1122801;08:59:35;632357.7464165204 5800288.209577048;628799.331603419 5802345.7540863175;PersonalVehicle
1124400;08:59:36;632357.7464165204 5800288.209577048;629986.9652709862 5801711.105464865;PersonalVehicle
1093605;08:59:36;630019.3645809116 5802282.0273647085;630377.2935286161 5799276.878224155;PersonalVehicle
1103202;08:59:38;632061.9186448583 5804679.073287789;632356.4850703868 5802104.22037957;PersonalVehicle
1042470;08:59:38;626019.9721783719 5804725.105687774;634266.520278123 5803737.794336154;PersonalVehicle
1101636;08:59:39;632208.489426175 5802162.922651297;632520.71701974 5800559.337395468;PersonalVehicle
1041974;08:59:40;626238.4278007528 5804792.986407025;625506.3564786583 5800324.4571683705;PersonalVehicle
1008908;08:59:41;631913.9173730104 5808124.069404383;632276.1565822435 5807601.815922378;PersonalVehicle
1143050;08:59:41;626604.4561014131 5801113.944597561;625506.3564786583 5800324.4571683705;PersonalVehicle
1097163;08:59:41;631229.2689968706 5803281.312984402;626411.2083957527 5802080.014680677;PersonalVehicle
1007504;08:59:45;631547.6447547155 5806856.428275953;631185.0509519323 5806435.977118072;PersonalVehicle
1032182;08:59:47;627621.0071946138 5805265.456394812;627237.2697946213 5805054.671006726;PersonalVehicle
1045122;08:59:47;625603.8801129089 5804335.426113011;633672.1088953787 5801895.047217489;PersonalVehicle
1482734;08:59:48;625506.3564786583 5800324.4571683705;628417.5582591678 5804742.761003538;PersonalVehicle
1059530;08:59:50;630164.0231328058 5805472.496729601;628886.6650549324 5804080.031641006;PersonalVehicle
1104413;08:59:51;631806.3924356644 5803002.066356847;631733.6079394822 5802884.844541511;PersonalVehicle
1008420;08:59:52;631878.850427652 5807771.699275486;629618.4138448269 5804126.111960991;PersonalVehicle
1034327;08:59:52;627427.5230506291 5804448.198286137;625506.3564786583 5800324.4571683705;PersonalVehicle
904768;08:59:52;625495.2665135056 5806727.877555828;629325.6415907645 5804226.5527281305;PersonalVehicle
1059039;08:59:53;629104.5656020193 5804063.921106443;631210.423311363 5802687.457745614;PersonalVehicle
1048762;08:59:53;625946.7408238403 5803472.247053637;628378.8759812794 5805963.974230075;PersonalVehicle
1050286;08:59:56;626124.6513297992 5802432.080601969;625495.2665135056 5806727.877555828;PersonalVehicle
1106874;08:59:56;632778.5268014283 5803575.269459474;625506.3564786583 5800324.4571683705;PersonalVehicle
1084683;08:59:59;627694.0701901402 5801284.886931946;627651.4043159435 5801055.3357389495;PersonalVehicle
